Company,Rating,Reviews,Service_Type,Headquarters
TCS,3.3,1.2L,IT Services & Consulting,Bengaluru
Accenture,3.7,75.3k,IT Services & Consulting,Bengaluru
Wipro,3.6,66.5k,IT Services & Consulting,Hyderabad
Cognizant,3.7,62.8k,IT Services & Consulting,Hyderabad
Capgemini,3.6,54.9k,IT Services & Consulting,Bengaluru
HDFC Bank,3.8,54k,Banking,Mumbai
Infosys,3.5,50k,IT Services & Consulting,Bengaluru
HCLTech,3.4,47.1k,IT Services & Consulting,Chennai
ICICI Bank,3.9,46.8k,Banking,Mumbai
Tech Mahindra,3.3,44.3k,IT Services & Consulting,Hyderabad
Genpact,3.6,43.5k,Analytics & KPO,Hyderabad
TP,3.9,39.7k,BPO,Mumbai
Axis Bank,3.6,34.2k,Banking,Mumbai
Jio,4.4,34.1k,Telecom,Mumbai
Concentrix Corporation,3.5,33k,BPO,Bengaluru
Amazon,3.9,32.4k,Internet,Bengaluru
Reliance Retail,3.9,27.8k,Retail,Mumbai
iEnergizer,4.6,27.6k,BPO,Noida
LTM Limited,3.6,27.1k,IT Services & Consulting,Bengaluru
HDB Financial Services,3.9,26.3k,NBFC,Mumbai
IBM,3.9,26.3k,IT Services & Consulting,Bengaluru
Larsen & Toubro Limited,3.9,24.5k,Engineering & Construction,Mumbai
Deloitte,3.6,24k,Management Consulting,Hyderabad
Kotak Mahindra Bank,3.6,23.1k,Banking,Mumbai
Reliance Industries,4.0,20.7k,Oil & Gas,Jamnagar
Vodafone Idea,3.9,17.9k,Telecom,Pune
Bharti Airtel,3.8,17.4k,Telecom,Gurugram
BYJU'S,3.2,16.4k,EdTech,Bengaluru
WNS,3.3,15.6k,IT Services & Consulting,Pune
IDFC FIRST Bank,4.0,15.3k,Banking,Mumbai
Ernst & Young,3.4,15k,Management Consulting,Bengaluru
IndusInd Bank,3.4,14.6k,Banking,Mumbai
AU Small Finance Bank,3.8,14.6k,Banking,Jaipur
Tata Motors,4.1,14.5k,Automobile,Pune
Bajaj Finserv,3.9,13.6k,NBFC,Pune
Muthoot FinCorp,4.5,13.3k,NBFC,Bengaluru
Flipkart,3.9,13.3k,Internet,Bengaluru
PwC,3.3,13.1k,Management Consulting,Bengaluru
HDFC Life,3.8,12.4k,Insurance,Mumbai
Mahindra & Mahindra,4.0,12.4k,Automobile,Pune
Infosys BPM,3.5,12.4k,BPO,Bengaluru
DXC Technology,3.6,12.2k,IT Services & Consulting,Bengaluru
Bandhan Bank,3.7,11.6k,Banking,Kolkata
Digitide Solutions,3.4,10.6k,IT Services & Consulting,Hyderabad
Yes Bank,3.7,10.5k,Banking,Mumbai
Mphasis,3.3,10.5k,IT Services & Consulting,Bengaluru
Tata Steel,4.0,10.2k,Iron & Steel,Jamshedpur
Quess,3.8,10k,Recruitment,Bengaluru
Asian Paints,3.9,9.9k,Chemicals,Mumbai
UltraTech Cement,4.1,9.8k,Building Material,Mumbai
Startek,3.0,9.8k,BPO,Bengaluru
Maruti Suzuki,4.1,9.8k,Automobile,Gurugram
Paytm,3.2,9.6k,FinTech,Noida
Bajaj Finance,3.9,9.5k,NBFC,Pune
Shriram Finance,3.9,9.4k,NBFC,Chennai
Sutherland Global Services,3.3,9.3k,BPO,Chennai
Equitas Small Finance Bank,4.3,9.1k,Banking,Chennai
Coforge,3.3,9.1k,IT Services & Consulting,Hyderabad
Wells Fargo,3.6,9k,Financial Services,Bengaluru
Cipla,4.1,8.8k,Pharma,Mumbai
EXL Service,3.6,8.8k,Analytics & KPO,Noida
Ericsson,3.9,8.6k,Telecom,Noida
Samsung,3.9,8.5k,Consumer Electronics & Appliances,Noida
Dr. Reddy's,4.0,8.4k,Pharma,Hyderabad
Optum Global Solutions,4.0,8.2k,IT Services & Consulting,Hyderabad
JSW Steel,3.9,8.1k,Iron & Steel,Ballari
Delhivery,3.8,8k,Logistics,Gurugram
JPMorgan Chase & Co.,3.8,8k,Financial Services,Bengaluru
ICICI Prudential Life Insurance,3.9,7.9k,Insurance,Mumbai
Hexaware Technologies,3.4,7.9k,IT Services & Consulting,Chennai
Ujjivan Small Finance Bank,4.0,7.9k,Banking,Bengaluru
Sun Pharmaceutical Industries,4.0,7.8k,Pharma,Vadodara
Jana Small Finance Bank,3.7,7.8k,Banking,Bengaluru
Zydus Lifesciences,4.0,7.8k,Pharma,Ahmedabad
Ekart Logistics,3.9,7.7k,Logistics,Bengaluru
HGS,3.7,7.6k,Emerging Technologies,Bengaluru
KPMG India,3.4,7.6k,Management Consulting,Bengaluru
Amazon Development Centre India,3.8,7.5k,Internet,Hyderabad
Lupin,4.1,7.5k,Pharma,Pune
Axis Max Life Insurance,4.0,7.5k,Insurance,New Delhi
L&T Construction,4.0,7.4k,Engineering & Construction,Chennai
ITC,3.8,7.4k,FMCG,Bengaluru
Hindustan Unilever,4.2,7.3k,FMCG,Mumbai
Megha Engineering & Infrastructures,3.9,7.2k,Engineering & Construction,Hyderabad
Tata Projects,4.2,7k,Engineering & Construction,Mumbai
Cholamandalam Investment & Finance,3.8,6.9k,Financial Services,Chennai
Bajaj Life Insurance,3.8,6.9k,Insurance,Pune
L&T Technology Services,3.1,6.8k,IT Services & Consulting,Bengaluru
FIS,3.7,6.7k,FinTech,Pune
Oracle,3.3,6.7k,Software Product,Bengaluru
JLL,4.1,6.6k,Real Estate,Gurugram
Omega Healthcare,3.7,6.6k,BPO,Chennai
Muthoot Finance,3.7,6.6k,NBFC,Bengaluru
eClerx,3.1,6.5k,IT Services & Consulting,Pune
IIFL Finance,4.0,6.5k,NBFC,Mumbai
Indian Army,4.7,6.4k,Defence & Aerospace,New Delhi
DMart,3.9,6.4k,Retail,Mumbai
PolicyBazaar,3.8,6.3k,Internet,Gurugram
Piramal Finance,4.2,6.3k,NBFC,Mumbai
Indiamart Intermesh,3.5,6.3k,Internet,Noida
Virtusa Consulting Services,3.7,6.3k,IT Services & Consulting,Hyderabad
HSBC Group,3.8,6.2k,Financial Services,Bengaluru
SMFG India Credit,3.9,6.2k,NBFC,Mumbai
HCL Group,3.5,6.1k,IT Services & Consulting,Chennai
Access Healthcare,3.7,6.1k,BPO,Chennai
BigBasket,3.9,6k,Internet,Bengaluru
Manappuram Finance,3.9,6k,NBFC,Bengaluru
ICICI Lombard General Insurance Company,3.5,6k,Insurance,Mumbai
Siemens,3.9,5.9k,Industrial Automation,Bengaluru
GlobalLogic,3.5,5.9k,IT Services & Consulting,Hyderabad
Firstsource Solutions,3.5,5.9k,BPO,Bengaluru
Apollo Hospitals,4.0,5.9k,Healthcare,Chennai
Aurobindo Pharma,4.0,5.9k,Pharma,Hyderabad
Tata Capital,4.0,5.9k,NBFC,Mumbai
Shapoorji Pallonji Group,4.1,5.9k,Engineering & Construction,Mumbai
UST,3.7,5.8k,IT Services & Consulting,Bengaluru
Swiggy,3.7,5.8k,Internet,Bengaluru
Standard Chartered,3.6,5.8k,Banking,Chennai
Mahindra Finance,3.8,5.8k,NBFC,Mumbai
Bosch Global Software Technologies,3.7,5.8k,IT Services & Consulting,Bengaluru
Udaan,3.9,5.7k,Internet,Bengaluru
Citicorp,3.6,5.7k,Financial Services,Pune
Ashok Leyland,4.0,5.7k,Automobile,Chennai
Hero MotoCorp,4.1,5.6k,Automobile,Gurugram
CGI Inc,4.0,5.6k,IT Services & Consulting,Bengaluru
SBI Cards & Payment Services,3.6,5.5k,Financial Services,Gurugram
NTT DATA,3.8,5.4k,IT Services & Consulting,Bengaluru
Kalpataru Projects International,4.1,5.4k,Engineering & Construction,Mumbai
Cyient,3.6,5.4k,IT Services & Consulting,Hyderabad
BNY,3.6,5.4k,Financial Services,Pune
Nagarjuna Construction Company,4.0,5.4k,Engineering & Construction,Hyderabad
IQVIA,3.7,5.4k,Clinical Research,Bengaluru
Schneider Electric,4.1,5.3k,Industrial Automation,Bengaluru
SBI Life Insurance Company,3.7,5.3k,Insurance,Mumbai
CBRE,4.1,5.3k,Real Estate,Hyderabad
JustDial,3.5,5.3k,Internet,Noida
TVS Motor,3.8,5.2k,Automobile,Hosur
State Bank of India,3.9,5.2k,Banking,Mumbai
Persistent Systems,3.6,5.2k,IT Services & Consulting,Pune
KEC International,4.0,5.1k,Engineering & Construction,Mumbai
ITC Infotech,3.8,5.1k,IT Services & Consulting,Bengaluru
Amdocs,3.6,5k,Software Product,Pune
Atos,3.8,5k,IT Services & Consulting,Pune
vivo,4.0,5k,Consumer Electronics & Appliances,Noida
Varun Beverages,4.0,5k,Beverage,New Delhi
JBM Group,3.9,5k,Auto Components,Gurugram
Utkarsh Small Finance Bank,3.6,4.9k,Banking,Varanasi
Ecom Express,4.1,4.9k,Logistics,Gurugram
Randstad,3.7,4.8k,Recruitment,Hyderabad
Nagarro,3.9,4.8k,IT Services & Consulting,Gurugram
EY Global Delivery Services ( EY GDS),3.5,4.8k,IT Services & Consulting,Bengaluru
Eviden,3.6,4.8k,IT Services & Consulting,Pune
Bosch,4.1,4.8k,Auto Components,Bengaluru
Hetero,3.9,4.8k,Pharma,Hyderabad
Intas Pharmaceuticals,4.1,4.8k,Pharma,Ahmedabad
Havells,3.9,4.7k,Electrical Equipment,Noida
L&T Finance,3.9,4.7k,NBFC,Mumbai
R1 RCM,3.8,4.7k,BPO,New Delhi
Aditya Birla Fashion and Retail,4.0,4.7k,Fashion & Textile,Bengaluru
Tata AIA Life Insurance,3.8,4.7k,Insurance,Mumbai
Hewlett Packard Enterprise,4.0,4.7k,IT Services & Consulting,Bengaluru
Cars24,3.4,4.7k,Internet,Gurugram
Mahindra Logistics,3.7,4.7k,Logistics,Mumbai
Lenskart,3.3,4.6k,Internet,New Delhi
Berger Paints,3.7,4.6k,Chemicals,Kolkata
Dell,3.8,4.6k,Consumer Electronics & Appliances,Bengaluru
Home Credit Finance,4.0,4.6k,NBFC,Gurugram
Deutsche Bank,3.8,4.6k,Banking,Pune
Motilal Oswal Financial Services,3.7,4.5k,Financial Services,Mumbai
OPPO,3.8,4.5k,Consumer Electronics & Appliances,Greater Noida
Hyundai Motor India Limited,4.1,4.5k,Automobile,Chennai
TeamLease Services,3.9,4.5k,Recruitment,Bengaluru
VE Commercial Vehicles,3.9,4.5k,Automobile,Indore
Thermax Limited,4.2,4.4k,Industrial Machinery,Pune
Jubilant Foods Works,3.7,4.4k,Hospitality,Noida
Macleods Pharmaceuticals,3.7,4.4k,Pharma,Mumbai
Carelon Global Solutions,3.9,4.3k,IT Services & Consulting,Bengaluru
Aakash Educational Services,3.2,4.3k,Education & Training,New Delhi
State Street Corporation,3.5,4.3k,Financial Services,Bengaluru
Jindal Steel Limited,3.9,4.3k,Iron & Steel,Angul
Bajaj Auto,3.8,4.3k,Automobile,Pune
Hindalco Industries,4.2,4.3k,Metals & Mining,Sambalpur
LG Electronics,3.8,4.2k,Consumer Electronics & Appliances,Pune
HDFC ERGO General Insurance,3.9,4.2k,Insurance,Mumbai
Kogta Financial India Limited,4.6,4.2k,NBFC,Jaipur
DCB Bank,3.8,4.2k,Banking,Mumbai
Royal Enfield,4.2,4.2k,Automobile,Chennai
John Deere,4.0,4.1k,Industrial Machinery,Pune
RBL Bank,3.5,4.1k,Banking,Mumbai
Tata Communications,3.8,4.1k,Telecom,Pune
Publicis Sapient,3.2,4.1k,IT Services & Consulting,Bengaluru
Cummins,4.3,4.1k,Industrial Machinery,Pune
Cloudnine Hospital,4.5,4.1k,Healthcare,Bengaluru
Alembic Pharmaceuticals,3.9,4k,Pharma,Vadodara
Pidilite Industries,4.2,4k,Chemicals,Mumbai
Bank of America,4.1,4k,Banking,Gurugram
Grasim Industries,4.0,4k,Building Material,Bharuch
Aditya Birla Sun Life Insurance,4.0,4k,Insurance,Mumbai
PNB MetLife,3.3,4k,Insurance,New Delhi
American Express,4.1,4k,Financial Services,Gurugram
Oyo Rooms,2.9,4k,Hospitality,Gurugram
Kyndryl,3.9,4k,IT Services & Consulting,Bengaluru
Aditya Birla Capital,3.8,4k,NBFC,Mumbai
Subros,3.7,3.9k,Auto Components,Noida
KPIT Technologies,2.8,3.9k,Software Product,Pune
ADP Private Limited,3.8,3.9k,Software Product,Hyderabad
Escorts Kubota Limited,4.1,3.9k,Industrial Machinery,Faridabad
Maersk,3.9,3.9k,Logistics,Chennai
Viatris,4.1,3.9k,Pharma,Hyderabad
JK Cement,4.0,3.9k,Building Material,New Delhi
XpressBees,4.1,3.9k,Logistics,Pune
PVR INOX,3.9,3.9k,Media & Entertainment,New Delhi
Altruist Technologies,4.3,3.9k,BPO,Bengaluru
Birlasoft,3.4,3.9k,IT Services & Consulting,Pune
PhonePe,4.0,3.8k,FinTech,Bengaluru
Blinkit,3.8,3.8k,Internet,Gurugram
Synechron,3.4,3.8k,IT Services & Consulting,Pune
Reliance Communications,3.9,3.8k,Telecom,Mumbai
Glenmark Pharmaceuticals,3.8,3.8k,Pharma,Mumbai
Kotak Mahindra Life Insurance Company,3.5,3.8k,Insurance,Mumbai
Bharat Electronics,4.2,3.8k,Electronics Manufacturing,Bengaluru
Dabur,3.8,3.8k,FMCG,New Delhi
Sodexo,4.0,3.8k,Hospitality,Mumbai
Cogent E Services,3.1,3.8k,BPO,Noida
UNO Minda,3.9,3.7k,Auto Components,Pune
ArcelorMittal Nippon Steel India,4.1,3.7k,Iron & Steel,Surat
Godrej & Boyce Manufacturing,3.8,3.7k,Consumer Electronics & Appliances,Mumbai
Ipca Laboratories,3.8,3.7k,Pharma,Mumbai
Abbott,4.1,3.7k,Pharma,Mumbai
Aarti Industries,4.1,3.7k,Agro Chemicals,Bharuch
Samvardhana Motherson Group,3.7,3.7k,Auto Components,Noida
Reliance Projects & Property Management Services,4.0,3.7k,Other,Kolkata
Reliance Digital,4.1,3.7k,Retail,Mumbai
IGT Solutions,3.2,3.7k,BPO,New Delhi
MRF Tyres,3.6,3.6k,Auto Components,Chennai
Indian Oil Corporation,4.3,3.6k,Oil & Gas,New Delhi
"NTT DATA, Inc.",3.9,3.6k,IT Services & Consulting,Bengaluru
Alkem Laboratories,3.9,3.6k,Pharma,Mumbai
Johnson Controls,3.5,3.6k,Industrial Automation,Pune
Honda Motorcycle & Scooter,4.1,3.6k,Automobile,Gurugram
[24]7.ai,3.4,3.6k,Hospitality,Bengaluru
Vishal Mega Mart,3.7,3.5k,Retail,New Delhi
Barclays,3.7,3.5k,Banking,Pune
Hindustan Coca Cola Beverages,4.0,3.5k,Beverage,Bengaluru
DTDC Express,3.7,3.5k,Logistics,New Delhi
Bajaj General Insurance Limited,3.6,3.5k,Insurance,Pune
RSPL Group,4.0,3.5k,FMCG,Kanpur
TVS Credit Services Ltd,4.1,3.5k,NBFC,Chennai
UBS,3.8,3.5k,Financial Services,Pune
IndusInd Nippon Life Insurance,3.3,3.5k,Insurance,Mumbai
ABB,4.0,3.5k,Industrial Machinery,Bengaluru
AGS Health,3.9,3.5k,Analytics & KPO,Chennai
Ceat Tyres,3.9,3.5k,Auto Components,Nagpur
Sagility,3.9,3.4k,BPO,Bengaluru
NatWest Group,3.9,3.4k,Banking,Gurugram
Ford Motor,4.2,3.4k,Automobile,Chennai
HARMAN,3.8,3.4k,Consumer Electronics & Appliances,Bengaluru
Alstom Transportation,3.7,3.4k,Engineering & Construction,Bengaluru
Croma,3.8,3.4k,Retail,Mumbai
Niva Bupa Health Insurance Company,4.0,3.4k,Insurance,New Delhi
InterGlobe Aviation,3.4,3.4k,Aviation,New Delhi
Conduent,3.4,3.4k,BPO,Bengaluru
Tata Technologies,3.4,3.3k,Automobile,Pune
Tata AIG,4.0,3.3k,Insurance,Mumbai
Indian Air Force,4.6,3.3k,Defence & Aerospace,New Delhi
GeBBS Healthcare Solutions,3.8,3.3k,BPO,Mumbai
Canara HSBC Life Insurance,4.1,3.3k,Insurance,Gurugram
Tata AutoComp Systems,3.7,3.3k,Auto Components,Pune
Jindal Stainless,4.1,3.3k,Iron & Steel,Jajpur
UPL,4.1,3.3k,Agro Chemicals,Ankleshwar
PepsiCo,4.0,3.3k,Food Processing,Hyderabad
Max Healthcare,4.0,3.3k,Healthcare,New Delhi
Ambuja Cements,3.9,3.2k,Building Material,Ahmedabad
Mankind Pharma,3.8,3.2k,Pharma,New Delhi
Titan Company,4.2,3.2k,Retail,Bengaluru
Amazon Transportation Services,4.2,3.2k,Logistics,Hyderabad
Allcargo Logistics,3.8,3.2k,Logistics,Mumbai
S&P Global,3.9,3.2k,Analytics & KPO,Hyderabad
Societe Generale Global Solution Centre,3.6,3.2k,IT Services & Consulting,Bengaluru
Dilip Buildcon,3.9,3.2k,Engineering & Construction,Bhopal
Tata Electronics,3.8,3.2k,Semiconductors,Hosur
MSN Laboratories,3.6,3.2k,Pharma,Hyderabad
Varroc Group,3.6,3.2k,Auto Components,Pune
Quest Global,3.5,3.2k,IT Services & Consulting,Bengaluru
Walmart,3.4,3.2k,Retail,Bengaluru
Ola Electric Mobility,3.3,3.2k,Automobile,Bengaluru
ESAF Small Finance Bank,3.6,3.2k,Banking,Thrissur
Afcons Infrastructure,4.2,3.2k,Engineering & Construction,Mumbai
IDFC FIRST Bharat,4.1,3.2k,Financial Services,Chennai
Torrent Pharmaceuticals,4.0,3.1k,Pharma,Ahmedabad
Marpu Foundation,4.9,3.1k,Non-Profit,Hyderabad
DS Group,4.0,3.1k,FMCG,Noida
Zepto,3.6,3.1k,Internet,Bengaluru
Bharat Financial Inclusion,3.7,3.1k,Financial Services,Hyderabad
Tata Elxsi,3.4,3.1k,IT Services & Consulting,Bengaluru
Square Yards,3.5,3.1k,Internet,Gurugram
HDFC Sales,3.9,3.1k,Financial Services,Mumbai
Zensar Technologies,3.6,3.1k,IT Services & Consulting,Pune
Suzlon Group,4.0,3.1k,Power,Pune
Indus Towers,3.6,3.1k,Telecom,Gurugram
Eternal Limited,3.6,3k,Internet,Gurugram
Fujitsu,3.8,3k,IT Services & Consulting,Pune
I Process Services,3.8,3k,Recruitment,Mumbai
VVDN Technologies,3.6,3k,IT Services & Consulting,Gurugram
CMS IT Services,3.1,3k,IT Services & Consulting,Mumbai
Future Group,4.2,3k,Retail,Mumbai
ACC,3.9,3k,Building Material,Mumbai
IKS Health,3.5,3k,BPO,Mumbai
Yazaki,3.9,3k,Auto Components,Pune
Shree Cement,3.8,3k,Building Material,Beawar
Nokia,4.0,3k,Telecom,Bengaluru
Shoppers Stop,3.9,3k,Retail,Mumbai
Apollo Tyres,4.0,3k,Auto Components,Chennai
Fiserv,2.7,2.9k,FinTech,Pune
Britannia,4.0,2.9k,Hospitality,Pune
Physicswallah,3.6,2.9k,EdTech,Noida
Exl India,3.5,2.9k,Logistics,New Delhi
Landmark Group,3.8,2.9k,Retail,Bengaluru
Dalmia Bharat Cement,3.9,2.9k,Building Material,Guwahati
SRF,4.1,2.9k,Chemicals,Bharuch
Foxconn,3.8,2.9k,Electronics Manufacturing,Chennai
Kansai Nerolac Paints,3.8,2.8k,Chemicals,Mumbai
ZS,3.0,2.8k,Management Consulting,Pune
Blue Dart Express Ltd,3.9,2.8k,Logistics,Mumbai
Nestlé,3.7,2.8k,FMCG,Gurugram
Star Health & Allied Insurance,3.5,2.8k,Insurance,Chennai
Exide Industries,3.4,2.8k,Electrical Equipment,Kolkata
UnitedHealth,4.0,2.8k,Healthcare,Hyderabad
Shell,3.9,2.8k,Oil & Gas,Bengaluru
Micro Labs,3.6,2.8k,Pharma,Bengaluru
TVS Supply Chain Solutions,3.8,2.8k,Logistics,Chennai
Flex,3.9,2.8k,Electronics Manufacturing,Chennai
KPMG Global Services,3.4,2.8k,Management Consulting,Bengaluru
KFintech,3.3,2.7k,Financial Services,Hyderabad
ElasticRun,3.6,2.7k,Logistics,Pune
Gallagher,3.6,2.7k,Insurance,Bengaluru
Blue Star,4.0,2.7k,Consumer Electronics & Appliances,Mumbai
Care Health Insurance,3.5,2.7k,Insurance,Gurugram
Tata Advanced Systems,3.7,2.7k,Defence & Aerospace,Bengaluru
Ajanta Pharma,3.9,2.7k,Pharma,Mumbai
Movate,3.1,2.7k,IT Services & Consulting,Chennai
G4S,4.0,2.7k,Law Enforcement & Security,Gurugram
Capita,3.5,2.7k,BPO,Pune
Voltas,4.0,2.7k,Consumer Electronics & Appliances,Mumbai
Sonalika Tractors,3.5,2.7k,Automobile,Hoshiarpur
Photon Interactive,4.1,2.7k,IT Services & Consulting,Chennai
Whitehat jr,3.3,2.7k,EdTech,Mumbai
Adani Power,3.7,2.7k,Power,Mundra
DBS Bank,3.7,2.7k,Banking,Hyderabad
ACT Fibernet,3.8,2.7k,Telecom,Hyderabad
BlackBuck,3.7,2.7k,Internet,Bengaluru
NoBroker,3.0,2.7k,Internet,Bengaluru
Foundever,3.3,2.7k,BPO,Hyderabad
Himalaya Wellness,3.9,2.7k,Pharma,Bengaluru
IntouchCX,2.7,2.7k,BPO,Hyderabad
Laurus Labs,4.3,2.6k,Pharma,Visakhapatnam
Fortis Healthcare,4.0,2.6k,Healthcare,New Delhi
Domino's Pizza,3.9,2.6k,Hospitality,New Delhi
BT Group,3.8,2.6k,Telecom,Gurugram
V-Mart,4.0,2.6k,Retail,Gurugram
GAO Tek,4.4,2.6k,Electrical Equipment,New York
JCB,3.8,2.6k,Industrial Machinery,Pune
Sahrudaya Healthcare (Medicover Hospitals),4.3,2.6k,Healthcare,Hyderabad
Alldigi Tech,3.8,2.6k,BPO,Chennai
Northern Trust Operating Services,3.6,2.6k,Financial Services,Bengaluru
Adani Group,3.8,2.6k,Power,Ahmedabad
Sterlite Technologies,3.8,2.6k,Hardware & Networking,Chhatrapati Sambhajinagar
CorroHealth Infotech,3.6,2.6k,Analytics & KPO,Hyderabad
Tractors and Farm Equipment,3.9,2.5k,Industrial Machinery,Chennai
ICICI Securities,3.9,2.5k,Financial Services,Mumbai
Bajaj Electricals,3.9,2.5k,Consumer Electronics & Appliances,Mumbai
Parle Agro,3.9,2.5k,Beverage,Mumbai
Sammaan Capital Limited,3.7,2.5k,NBFC,Gurugram
Emcure Pharmaceuticals,3.6,2.5k,Pharma,Pune
TaskUs,2.9,2.5k,BPO,Indore
Biocon Limited,4.0,2.5k,Biotechnology,Bengaluru
Planet Spark,3.8,2.5k,EdTech,Gurugram
Hero FinCorp,3.9,2.5k,NBFC,New Delhi
Cadila Pharmaceuticals,3.1,2.5k,Pharma,Ahmedabad
Mahindra Holidays & Resorts,3.5,2.5k,Hospitality,Mumbai
Datamatics Global Services,3.4,2.5k,IT Services & Consulting,Mumbai
Mahindra Rural Housing Finance,4.0,2.5k,NBFC,Mumbai
Intellect Design Arena,3.5,2.5k,Software Product,Chennai
Syngene International,3.7,2.5k,Clinical Research,Bengaluru
McDonald's,3.8,2.5k,Hospitality,New Delhi
Team Computers,3.7,2.5k,IT Services & Consulting,New Delhi
Newgen Software Technologies,4.1,2.5k,IT Services & Consulting,Noida
Paras Hospital,4.1,2.5k,Healthcare,Patna
Patanjali Ayurved,3.9,2.5k,FMCG,Haridwar
Bureau Veritas,3.8,2.4k,Other,Mumbai
Aditya Birla Group,4.1,2.4k,Metals & Mining,Mumbai
RMSI,3.5,2.4k,IT Services & Consulting,Hyderabad
3i Infotech,3.5,2.4k,IT Services & Consulting,Mumbai
Cholamandalam MS General Insurance,3.7,2.4k,Insurance,Chennai
Info Edge,3.8,2.4k,Internet,Noida
Taj Hotels Resorts and Palaces,4.2,2.4k,Hospitality,Mumbai
Statestreet HCL Services,3.4,2.4k,BPO,Chennai
Delhi Public School,3.7,2.4k,Education & Training,New Delhi
Aavas Financiers,3.9,2.4k,NBFC,Jaipur
Lodha,4.2,2.4k,Real Estate,Mumbai
Capgemini Engineering,3.3,2.4k,IT Services & Consulting,Bengaluru
Axis Direct,3.6,2.4k,Financial Services,Mumbai
Straive,3.3,2.4k,IT Services & Consulting,Chennai
Cybage,3.7,2.4k,IT Services & Consulting,Pune
TCE,3.9,2.4k,Engineering & Construction,Mumbai
Sopra Steria,3.9,2.4k,IT Services & Consulting,Noida
Apollo Pharmacy,3.7,2.4k,Pharma,Hyderabad
Kia India,3.9,2.4k,Automobile,Anantapur
GVK Emergency Management and Research Institute,3.6,2.4k,Non-Profit,Lucknow
SBI Securities,3.6,2.4k,Financial Services,Mumbai
Xoriant,4.0,2.4k,IT Services & Consulting,Pune
KocharTech,3.6,2.4k,IT Services & Consulting,Kolkata
Akums Drugs & Pharmaceuticals Limited,4.2,2.4k,Pharma,Haridwar
Sobha,3.8,2.3k,Real Estate,Bengaluru
Star Union Dai-ichi Life Insurance,3.8,2.3k,Insurance,Mumbai
Endurance Technologies Limited,3.9,2.3k,Auto Components,Chhatrapati Sambhajinagar
BNP Paribas,3.7,2.3k,Banking,Mumbai
Bharat Petroleum,4.2,2.3k,Oil & Gas,Mumbai
Daikin Airconditioning India Pvt. Ltd.,4.2,2.3k,Consumer Electronics & Appliances,Neemrana
Eureka Forbes,3.6,2.3k,Consumer Electronics & Appliances,Mumbai
Panasonic Life Solutions India,4.0,2.3k,Consumer Electronics & Appliances,Mumbai
Lifestyle,4.2,2.3k,Retail,Bengaluru
Myntra,3.8,2.3k,Internet,Bengaluru
JK Tyre,3.9,2.3k,Auto Components,Chennai
Radisson Hotels,4.0,2.3k,Hospitality,New Delhi
AWL Agri Business,4.1,2.3k,FMCG,Ahmedabad
SBI General Insurance,3.5,2.3k,Insurance,Mumbai
Bharti AXA Life Insurance,3.6,2.3k,Insurance,Mumbai
Unacademy,3.0,2.3k,EdTech,Bengaluru
Cisco,4.1,2.3k,Hardware & Networking,Bengaluru
Renault Nissan Technology & Business Centre India,3.6,2.3k,Automobile,Chennai
Coromandel International,4.1,2.3k,Agro Chemicals,Visakhapatnam
Meesho,3.7,2.3k,Internet,Bengaluru
Sify Technologies,3.6,2.2k,IT Services & Consulting,Chennai
ValueLabs,3.4,2.2k,IT Services & Consulting,Hyderabad
Indian Railways,4.2,2.2k,Railways,Kolkata
Henry Harvin Education,4.0,2.2k,EdTech,Noida
Lava International,3.9,2.2k,Consumer Electronics & Appliances,Noida
Whirlpool,4.0,2.2k,Consumer Electronics & Appliances,Pune
Shahi Exports,3.9,2.2k,Fashion & Textile,Bengaluru
Allstate,3.7,2.2k,Insurance,Pune
Bank of Baroda,3.6,2.2k,Banking,Mumbai
GlaxoSmithKline Pharmaceuticals,4.1,2.2k,Pharma,Bengaluru
Mercedes-Benz Research and Development India,3.5,2.2k,IT Services & Consulting,Bengaluru
Generali Central Life Insurance,3.4,2.2k,Insurance,Mumbai
Poonawalla Fincorp,3.5,2.2k,NBFC,Pune
Manipal Hospitals,4.0,2.2k,Healthcare,Bengaluru
Infinite Computer Solutions,3.2,2.2k,IT Services & Consulting,Bengaluru
Spark Minda,3.8,2.2k,Auto Components,Pune
Nuvoco Vistas,4.1,2.2k,Building Material,Kolkata
Jio Platforms,3.4,2.2k,IT Services & Consulting,Mumbai
Saint-Gobain,3.8,2.2k,Building Material,Mumbai
FirstCry,3.5,2.2k,Retail,Pune
Life Insurance Corporation of India,4.4,2.2k,Insurance,Mumbai
CAMS,3.5,2.2k,Financial Services,Chennai
Brakes India,3.9,2.2k,Auto Components,Chennai
Cargill,3.9,2.2k,Food Processing,Bengaluru
NTT DATA Business Solutions,4.1,2.2k,IT Services & Consulting,Bengaluru
Nokia Networks,4.1,2.2k,Hardware & Networking,Bengaluru
BHEL,4.2,2.2k,Electrical Equipment,Bengaluru
upGrad,3.3,2.2k,EdTech,Bengaluru
Microsoft Corporation,3.8,2.2k,Software Product,Bengaluru
Kotak Securities,3.4,2.2k,Financial Services,Mumbai
Power Mech Projects,3.8,2.2k,Engineering & Construction,Hyderabad
Force Motors,3.7,2.1k,Automobile,Pune
CitiusTech,3.0,2.1k,IT Services & Consulting,Mumbai
Pfizer,3.9,2.1k,Pharma,Visakhapatnam
Provana,4.1,2.1k,BPO,Noida
"Maruti Suzuki India Limited, Hansalpur",4.2,2.1k,Automobile,Ahmedabad
EPAM Systems,3.7,2.1k,IT Services & Consulting,Hyderabad
IndusInd General Insurance,3.6,2.1k,Insurance,Mumbai
Biological E,4.2,2.1k,Pharma,Hyderabad
SGS,3.8,2.1k,Engineering & Construction,Mumbai
Huawei Technologies,4.1,2.1k,Telecom,Bengaluru
Reliance Trends,4.1,2.1k,Retail,Bengaluru
K12 Techno Services,3.7,2.1k,EdTech,Bengaluru
ITC Hotels,4.0,2.1k,Hospitality,Bengaluru
Morgan Stanley,3.5,2.1k,Financial Services,Mumbai
Simplex Infrastructures,3.4,2.1k,Engineering & Construction,Kolkata
Raymond Lifestyle Limited,4.2,2.1k,Fashion & Textile,Mumbai
Delphi TVS,3.8,2.1k,Auto Components,Chennai
Aditya Birla Health Insurance Co,3.7,2.1k,Insurance,Mumbai
Narayana Health,4.0,2.1k,Healthcare,Bengaluru
YASH Technologies,3.6,2.1k,IT Services & Consulting,Hyderabad
Ola Cabs,3.2,2.1k,Internet,Bengaluru
Renault-Nissan,4.1,2.1k,Automobile,Chennai
Extramarks Education,3.2,2.1k,EdTech,Noida
Shadowfax Technologies,3.5,2.1k,Logistics,Bengaluru
Trent,3.8,2k,Retail,Mumbai
Haier Appliances India,3.9,2k,Consumer Electronics & Appliances,Pune
IDBI Bank,3.3,2k,Banking,Mumbai
Senco Gold,4.4,2k,Jewellery,Kolkata
Novartis,4.1,2k,Pharma,Hyderabad
Honeywell Automation,3.8,2k,Industrial Automation,Pune
Motherson Automotive Technologies and Engineering,3.7,2k,Auto Components,Chennai
AECOM,4.2,2k,Engineering & Construction,Gurugram
R.R. Donnelley,3.6,2k,Marketing & Advertising,Chennai
HSBC Electronic Data Processing,4.0,2k,IT Services & Consulting,Bengaluru
Schindler,3.9,2k,Industrial Machinery,Pune
L&T Energy Hydrocarbon,3.8,2k,Engineering & Construction,Vadodara
TELUS Digital,3.5,2k,IT Services & Consulting,Noida
Paisabazaar.com,3.4,2k,Internet,Gurugram
SAP,4.1,2k,Software Product,Bengaluru
Aye Finance,4.1,2k,NBFC,Gurugram
Globiva,3.0,2k,BPO,Gurugram
CMS Infosystems,3.5,2k,Software Product,Mumbai
Uflex,3.8,2k,Packaging,Noida
V-Guard,4.3,2k,Consumer Electronics & Appliances,Kochi
Ninjacart,3.8,2k,Internet,Bengaluru
Crisil,3.5,2k,Analytics & KPO,Mumbai
NCR Voyix,3.4,2k,IT Services & Consulting,Hyderabad
Godrej Properties,3.6,2k,Real Estate,Mumbai
Microland,3.5,2k,IT Services & Consulting,Bengaluru
Hinduja Leyland Finance,4.3,2k,NBFC,Chennai
Spinny,3.6,2k,Internet,Gurugram
Adecco Group,3.8,2k,Recruitment,Bengaluru
Dr Lal PathLabs,4.2,2k,Healthcare,New Delhi
Aadhar Housing Finance,4.0,2k,NBFC,Mumbai
CNH (Case New Holland),3.7,2k,Industrial Machinery,Gurugram
Gabriel India Limited,4.0,2k,Auto Components,Pune
State Street Syntel,3.7,2k,Financial Services,Pune
Parle Products,3.9,2k,FMCG,Mumbai
Philips,3.8,2k,Medical Equipment,Bengaluru
Tata Power,3.9,2k,Power,Mumbai
HTC Global Services,3.3,2k,IT Services & Consulting,Chennai
G R Infraprojects,4.1,2k,Engineering & Construction,Gurugram
Trident Group,3.3,2k,Hospitality,Barnala
DHL Supply Chain,4.1,2k,Logistics,Mumbai
CSB Bank,3.2,2k,Banking,Mumbai
Orchids International School,4.0,2k,Education & Training,Bengaluru
Angel One,3.5,2k,FinTech,Mumbai
Rungta Mines,3.9,2k,Metals & Mining,Chaibasa
NTPC,4.2,2k,Power,New Delhi
Verizon,3.5,1.9k,Telecom,Hyderabad
ICICI Home Finance,3.8,1.9k,Financial Services,Mumbai
Iris Software,3.7,1.9k,IT Services & Consulting,Noida
Lucas-TVS,3.9,1.9k,Auto Components,Chennai
Infinx,3.7,1.9k,Software Product,Hyderabad
Thomson Reuters,3.7,1.9k,Software Product,Bengaluru
Safexpress,3.9,1.9k,Logistics,New Delhi
Google,4.4,1.9k,Software Product,Bengaluru
NeoSOFT,3.2,1.9k,IT Services & Consulting,Mumbai
PI Industries,3.8,1.9k,Agro Chemicals,Vadodara
Torrent Power,3.7,1.9k,Power,Ahmedabad
Jindal Saw,4.1,1.9k,Iron & Steel,Mundra
Polycab Wires,4.0,1.9k,Electrical Equipment,Vadodara
Tekwissen,4.9,1.9k,IT Services & Consulting,Visakhapatnam
Medi Assist India,3.4,1.9k,Insurance,Bengaluru
Capri Global Capital,3.6,1.9k,NBFC,New Delhi
Hindustan Aeronautics,4.3,1.9k,Defence & Aerospace,Bengaluru
Fusion CX,3.2,1.9k,BPO,Kolkata
Tata Tele Business Services,3.4,1.9k,Telecom,Mumbai
Infra.Market,3.8,1.9k,Building Material,Mumbai
TVS Sundram Fasteners,3.6,1.9k,Auto Components,Chennai
Aragen Life Sciences,3.9,1.9k,Clinical Research,Hyderabad
AXA Global Business Services,3.6,1.9k,IT Services & Consulting,Pune
First American (India),3.5,1.9k,Insurance,Bengaluru
KENT RO Systems,3.7,1.9k,Consumer Electronics & Appliances,Noida
Digit Insurance,3.6,1.9k,Insurance,Bengaluru
Haldiram Foods International Limited,3.8,1.9k,FMCG,Nagpur
AkzoNobel,4.1,1.8k,Chemicals,Pune
Honda Cars,4.3,1.8k,Automobile,Bhiwadi
Adani Green Energy,3.9,1.8k,Power,Ahmedabad
Hindustan Petroleum,4.2,1.8k,Oil & Gas,Mumbai
DIVI'S Laboratories,3.6,1.8k,Pharma,Visakhapatnam
Innovsource Services,3.9,1.8k,Recruitment,Mumbai
MetLife,4.0,1.8k,Insurance,Noida
Sterling & Wilson,4.1,1.8k,Engineering & Construction,Mumbai
Air India,3.4,1.8k,Aviation,New Delhi
Isgec Heavy Engineering,3.8,1.8k,Engineering & Construction,Noida
Pine Labs,3.2,1.8k,FinTech,Noida
Cafe Coffee Day,3.7,1.8k,Hospitality,Bengaluru
Reckitt Benckiser,3.9,1.8k,FMCG,Gurugram
USV,4.0,1.8k,Pharma,Mumbai
SS&C TECHNOLOGIES,3.2,1.8k,IT Services & Consulting,Mumbai
HDFC Securities,3.4,1.8k,Financial Services,Mumbai
USHA International,4.0,1.8k,Consumer Electronics & Appliances,Gurugram
LivSpace,3.3,1.8k,Architecture & Interior Design,Bengaluru
Annapurna Finance,3.8,1.8k,NBFC,Bhubaneswar
XBP Global,3.1,1.8k,Internet,Chennai
Granules India Limited,3.8,1.8k,Pharma,Hyderabad
Kalyan Jewellers,4.4,1.8k,Jewellery,Thrissur
Security and Intelligence Services (India),4.1,1.8k,Law Enforcement & Security,New Delhi
Bata,3.5,1.8k,Fashion & Textile,Gurugram
Stellar Migration,1.3,1.8k,Other,Dubai
Hitachi Astemo,4.0,1.8k,Auto Components,Neemrana
Tata Communications Transformation Services,3.8,1.8k,Telecom,Pune
BT Business,3.9,1.8k,Telecom,Gurugram
BVG India,4.2,1.8k,Facility Management Services,Pune
NielsenIQ,3.4,1.8k,Analytics & KPO,Chennai
TTEC India,3.6,1.8k,BPO,Ahmedabad
Orange Business,4.0,1.8k,IT Services & Consulting,Gurugram
Cushman & Wakefield,4.1,1.8k,Real Estate,Gurugram
IIFL SAMASTA,3.7,1.8k,NBFC,Bengaluru
Mother Dairy Fruit & Vegetable,4.0,1.8k,Hospitality,New Delhi
Medanta the Medicity,4.0,1.7k,Healthcare,Gurugram
Vedantu,3.3,1.7k,EdTech,Bengaluru
HighRadius,2.4,1.7k,Software Product,Hyderabad
Labmentix,4.5,1.8k,Bengaluru +34 other locations,
Caterpillar Inc,4.1,1.7k,Industrial Machinery,Chennai
FactSet,3.6,1.7k,Analytics & KPO,Hyderabad
Dhani Loans and Services,3.9,1.7k,NBFC,Gurugram
Future Retail,4.4,1.7k,Retail,Mumbai
Cavinkare,3.9,1.7k,FMCG,Chennai
Metro Cash & Carry,4.0,1.7k,Retail,Bengaluru
Sysnet Global Technologies,3.6,1.7k,IT Services & Consulting,New Delhi
Tata 1mg,3.6,1.7k,Internet,Gurugram
Indian Navy,4.6,1.7k,Defence & Aerospace,Mumbai
Patanjali Foods,3.7,1.7k,FMCG,Haridwar
Clover Infotech,3.3,1.7k,IT Services & Consulting,Mumbai
Frankfinn Institute of Air Hostess Training,3.9,1.7k,Education & Training,Gurugram
L.G.Balakrishnan & Bros,3.5,1.7k,Auto Components,Coimbatore
Shriram Life Insurance,3.5,1.7k,Insurance,Hyderabad
Compass Group Support Services,4.0,1.7k,Hospitality,Bengaluru
Health Care Global Enterprises,4.4,1.7k,Healthcare,Bengaluru
KONE,4.1,1.7k,Industrial Machinery,Chennai
NEC,4.0,1.7k,IT Services & Consulting,Noida
Yamaha Motor,4.1,1.7k,Automobile,Chennai
Rane (Madras),3.8,1.7k,Auto Components,Chennai
ReNew,4.2,1.7k,Power,Gurugram
CG Power and Industrial Solutions,3.8,1.7k,Electrical Equipment,Bhopal
Suryoday Small Finance Bank,3.9,1.7k,Banking,Mumbai
Vardhman Fabrics,4.0,1.7k,Fashion & Textile,Baddi
DHL Express,4.1,1.7k,Logistics,Mumbai
MagicBricks,3.9,1.7k,Internet,Noida
BA Continuum,3.9,1.7k,IT Services & Consulting,Hyderabad
Toyota Kirloskar Motor,4.3,1.7k,Automobile,Bengaluru
Matrimony.com,3.9,1.7k,Internet,Chennai
JSW Bhushan Power & Steel,4.0,1.7k,Iron & Steel,Jharsuguda
Goldman Sachs,3.3,1.7k,Financial Services,Bengaluru
Procter & Gamble,4.0,1.7k,FMCG,Mumbai
Belrise Industries,3.7,1.7k,Auto Components,Pune
Coronis Ajuba Solutions,3.9,1.7k,BPO,Chennai
Krishna Maruti,3.8,1.7k,Auto Components,Gurugram
Arvind Group,4.0,1.7k,Fashion & Textile,Ahmedabad
Johnson & Johnson,3.9,1.6k,Healthcare,Mumbai
Veritas Finance,4.2,1.7k,NBFC,Chennai
CMA CGM,4.0,1.6k,Ports & Shipping,Chennai
Urban Company,3.3,1.6k,Internet,Gurugram
Dixon Technologies,3.9,1.6k,Electronics Manufacturing,Noida
Wipro Enterprises Ltd,3.8,1.6k,FMCG,Bengaluru
Godrej Industries Group,3.9,1.6k,Real Estate,Mumbai
Chegg,4.1,1.6k,EdTech,New Delhi
Satin Creditcare Network,4.0,1.6k,NBFC,Gurugram
Marico,3.8,1.6k,FMCG,Mumbai
Teva Pharmaceuticals,3.9,1.6k,Pharma,Bengaluru
mPokket,4.5,1.6k,NBFC,Kolkata
Sanofi,4.0,1.6k,Pharma,Hyderabad
Welspun Living Limited,3.9,1.6k,Fashion & Textile,Anjar
IndiaFirst Life Insurance,3.8,1.6k,Insurance,Mumbai
Hero Motors Company,3.9,1.6k,Automobile,Ghaziabad
iOPEX Technologies,3.1,1.6k,IT Services & Consulting,Chennai
HERE Technologies,3.7,1.6k,IT Services & Consulting,Mumbai
Tata Play,4.0,1.6k,Broadcasting,Mumbai
Supreme Industries,4.0,1.6k,Petrochemicals,Gwalior
Asahi India Glass,3.8,1.6k,Auto Components,Chennai
Broadridge Financial Solutions,3.8,1.6k,FinTech,Hyderabad
Troikaa Pharmaceuticals,4.4,1.6k,Pharma,Ahmedabad
Cemindia Projects,4.2,1.6k,Engineering & Construction,Kolkata
Relaxo Footwear,4.0,1.6k,Fashion & Textile,New Delhi
Emami,3.8,1.6k,FMCG,Kolkata
ZF Commercial Vehicle Control Systems,3.8,1.6k,Auto Components,Chennai
Kotak Mahindra Prime,3.9,1.6k,NBFC,Mumbai
KFC,4.0,1.6k,Hospitality,New Delhi
Mercer,3.6,1.6k,Management Consulting,New Delhi
Wockhardt,3.8,1.6k,Pharma,Chhatrapati Sambhajinagar
SHYAM METALICS AND ENERGY,3.4,1.6k,Metals & Mining,Kolkata
Lumax Industries,3.9,1.6k,Auto Components,Pune
PharmEasy,3.7,1.6k,Internet,Bengaluru
Amul India,4.0,1.6k,Hospitality,Ahmedabad
Tata Consumer Products,3.5,1.6k,FMCG,Bengaluru
IFB,3.5,1.6k,Consumer Electronics & Appliances,Bengaluru
Marriott International,4.1,1.6k,Hospitality,Bengaluru
Gujarat Fluorochemicals,3.9,1.6k,Chemicals,Bharuch
Bisleri,4.2,1.6k,Beverage,Mumbai
Muthoot Microfin,4.2,1.6k,NBFC,Kochi
Bajaj Capital,3.5,1.6k,Financial Services,New Delhi
Karur Vysya Bank,3.5,1.6k,Banking,Chennai
Patra India,3.5,1.6k,BPO,Visakhapatnam
Honda,4.0,1.6k,Automobile,Gurugram
Suguna Foods,3.9,1.6k,Food Processing,Coimbatore
XL Dynamics,3.7,1.5k,IT Services & Consulting,Mumbai
Steel Strips Wheels,3.7,1.5k,Auto Components,Chennai
GE VERNOVA,4.1,1.5k,Power,Bengaluru
Canara Bank,3.6,1.5k,Banking,Bengaluru
Piramal Pharma,3.9,1.5k,Pharma,Mumbai
Dainik Bhaskar Group,4.1,1.5k,Printing & Publishing,Bhopal
Evalueserve,3.0,1.5k,Analytics & KPO,Gurugram
GMR Group,3.9,1.5k,Engineering & Construction,New Delhi
Nayara Energy,4.2,1.5k,Oil & Gas,Jamnagar
Tesco,3.6,1.5k,Retail,Bengaluru
Sonata Software,3.4,1.5k,IT Services & Consulting,Bengaluru
SAI Life Sciences,3.9,1.5k,Clinical Research,Hyderabad
Tanishq,4.2,1.5k,Jewellery,Kolkata
American Broadcasting Company,4.0,1.5k,Engineering & Construction,Bengaluru
Page Industries,4.1,1.5k,Fashion & Textile,Bengaluru
PNB Housing Finance,3.7,1.5k,NBFC,New Delhi
Oracle Cerner,3.3,1.5k,Software Product,Bengaluru
Wheelseye Technology,3.4,1.5k,Internet,Gurugram
Chetu,3.7,1.5k,Software Product,Noida
QualityKiosk Technologies,3.2,1.5k,IT Services & Consulting,Mumbai
Airtel Payments Bank,3.8,1.5k,Banking,Gurugram
Devyani International,3.7,1.5k,Hospitality,New Delhi
V5 Global Services,3.9,1.5k,Recruitment,New Delhi
Ashoka Buildcon,4.1,1.5k,Engineering & Construction,Nashik
Acuity Analytics,3.1,1.5k,Analytics & KPO,Bengaluru
Amneal Pharmaceuticals,4.2,1.5k,Pharma,Ahmedabad
Gland Pharma,3.9,1.5k,Pharma,Hyderabad
SBFC Finance,3.8,1.5k,NBFC,Mumbai
Heritage Foods,4.1,1.5k,Food Processing,Hyderabad
Max Fashion,4.0,1.5k,Retail,Bengaluru
Valeo,3.9,1.5k,Auto Components,Chennai
Happiest Minds Technologies,3.4,1.5k,IT Services & Consulting,Bengaluru
Daimler India Commercial Vehicles,3.9,1.5k,Automobile,Chennai
HCL Infosystems,4.0,1.5k,IT Services & Consulting,Noida
ALTEN,3.5,1.5k,IT Services & Consulting,Bengaluru
ISS Facility Services,4.0,1.5k,Facility Management Services,Mumbai
Indoco Remedies,3.4,1.5k,Pharma,Mumbai
Apco Infratech,3.8,1.5k,Engineering & Construction,Mumbai
Altimetrik,3.4,1.5k,IT Services & Consulting,Bengaluru
Apexon,3.3,1.5k,IT Services & Consulting,Bengaluru
Honeywell Technology Solutions,3.7,1.5k,Industrial Automation,Bengaluru
Chandigarh University,4.2,1.5k,Education & Training,Chandigarh
Aon,3.8,1.5k,Management Consulting,Gurugram
Bharat Forge,3.7,1.5k,Auto Components,Pune
Oberoi Group of Hotels,4.0,1.5k,Hospitality,New Delhi
Aumovio,3.7,1.5k,Auto Components,Bengaluru
Jaquar,4.1,1.5k,Building Material,Gurugram
City Union Bank,2.9,1.5k,Banking,Chennai
NIIT,3.4,1.5k,Education & Training,Gurugram
VOIS,3.7,1.5k,IT Services & Consulting,Pune
Taurus BPO Services,4.0,1.5k,BPO,Pune
Fusion Finance,3.9,1.5k,NBFC,New Delhi
Narayana Educational Society,3.6,1.5k,Education & Training,Hyderabad
Morningstar,3.7,1.5k,Financial Services,Mumbai
Hyatt Regency,4.1,1.5k,Hospitality,New Delhi
Indegene,3.3,1.5k,Healthcare,Bengaluru
CIE Automotive India Limited (Formerly known as Mahindra CIE Automotive Limited),3.6,1.5k,Auto Components,Pune
AB InBev India,3.3,1.5k,Beverage,Bengaluru
Amara Raja Energy & Mobility,4.0,1.5k,Auto Components,Tirupati
Sony,4.2,1.5k,Consumer Electronics & Appliances,New Delhi
Aerial Telecom Solutions,4.2,1.4k,Telecom,Sahibzada Ajit Singh Nagar
Nykaa,3.4,1.4k,Internet,Mumbai
Tieto,4.1,1.4k,IT Services & Consulting,Pune
MedPlus,3.5,1.4k,Retail,Hyderabad
Agilus Diagnostics,4.1,1.4k,Healthcare,Mumbai
TEKsystems,3.1,1.4k,IT Services & Consulting,Bengaluru
Acmegrade,3.9,1.4k,EdTech,Bengaluru
Slk Software Services,3.2,1.4k,IT Services & Consulting,Bengaluru
DCM Shriram,4.1,1.4k,Chemicals,Bharuch
Eaton,3.9,1.4k,Electronics Manufacturing,Pune
Sansera Engineering,4.0,1.4k,Auto Components,Bengaluru
Vfs Global Services,3.4,1.4k,IT Services & Consulting,Mumbai
Adobe,3.7,1.4k,Software Product,Bengaluru
Hire In Global,4.9,1.4k,Recruitment,Mumbai
AtkinsRealis,3.7,1.4k,Engineering & Construction,Bengaluru
TÜV SÜD,4.0,1.4k,"Testing, Inspection and Certification (TIC)",Bengaluru
Unisys,3.4,1.4k,IT Services & Consulting,Bengaluru
VLCC,3.2,1.4k,Beauty & Personal Care,New Delhi
J. Kumar Infraprojects,4.1,1.4k,Engineering & Construction,Mumbai
Kantar,3.4,1.4k,Analytics & KPO,Bengaluru
Oracle Financial Services Software,3.2,1.4k,Software Product,Bengaluru
Xiaomi,3.7,1.4k,Consumer Electronics & Appliances,Bengaluru
Citco,3.1,1.4k,Management Consulting,Hyderabad
R Systems International,3.7,1.4k,IT Services & Consulting,Noida
Tenarai,3.5,1.4k,Emerging Technologies,Bengaluru
EOSGlobe,3.0,1.4k,BPO,Mumbai
Tata Group,4.2,1.4k,IT Services & Consulting,Mumbai
FedEx Express,4.0,1.4k,Logistics,Mumbai
The Muthoot Group,3.6,1.4k,Financial Services,New Delhi
Rashmi Metaliks,3.1,1.4k,Iron & Steel,Kharagpur
JSW Cement,4.0,1.4k,Building Material,Mumbai
Worley,4.1,1.4k,Engineering & Construction,Mumbai
Sunknowledge Services,3.4,1.4k,BPO,Kolkata
Novo Nordisk,3.6,1.4k,Pharma,Bengaluru
Fino Payments Bank,3.8,1.4k,Banking,Mumbai
IDC Technologies,3.0,1.4k,IT Services & Consulting,Noida
iMerit,3.2,1.4k,IT Services & Consulting,Kolkata
Amity University,3.6,1.4k,Education & Training,Noida
Sharekhan,3.6,1.4k,Financial Services,Mumbai
Incedo,2.9,1.4k,IT Services & Consulting,Gurugram
TCS iON,3.8,1.4k,IT Services & Consulting,Bengaluru
Bajaj Housing Finance,3.5,1.4k,NBFC,Pune
INDIUM,3.9,1.4k,IT Services & Consulting,Chennai
The Ramco Cements,4.1,1.4k,Building Material,Chennai
Faurecia,4.0,1.4k,Auto Components,Pune
Paytm Payments Bank,3.9,1.4k,Banking,Noida
Aforeserve,3.4,1.4k,IT Services & Consulting,Mumbai
TE Connectivity,4.1,1.4k,Electronics Manufacturing,Bengaluru
Grant Thornton,3.4,1.4k,Accounting & Auditing,Bengaluru
Iffco Tokio General Insurance Co.,3.8,1.4k,Insurance,Gurugram
Unichem Laboratories,3.7,1.4k,Pharma,Ghaziabad
Burger King,3.9,1.4k,Hospitality,New Delhi
Bharat FIH,3.7,1.4k,Electronics Manufacturing,Chennai
ZF Steering Gear,3.7,1.4k,Auto Components,Hyderabad
Viraj Profiles,4.0,1.4k,Iron & Steel,Mumbai
Aptara,3.1,1.4k,Content Development,Noida
Brillio,3.4,1.4k,IT Services & Consulting,Bengaluru
FDC,3.7,1.4k,Pharma,Mumbai
Hindware Limited,3.9,1.4k,Building Material,Hyderabad
Sheenlac Paints,4.1,1.4k,Chemicals,Chennai
CreditAccess Grameen,3.9,1.4k,NBFC,Bengaluru
Hatsun Agro Product,3.8,1.4k,Food Processing,Chennai
CenturyPly,3.8,1.4k,Furniture & Furnishing,Kolkata
DEXIT Global,3.4,1.4k,IT Services & Consulting,Mumbai
ManpowerGroup,3.6,1.4k,Recruitment,Bengaluru
Decathlon,3.7,1.4k,Retail,Bengaluru
GE,4.1,1.3k,Defence & Aerospace,Bengaluru
Baroda Global Shared Services,3.9,1.4k,BPO,Gandhinagar
NetAmbit,4.0,1.3k,BPO,Noida
GEP Worldwide,3.6,1.3k,IT Services & Consulting,Mumbai
Collabera Talent Solutions,3.5,1.3k,Recruitment,Bengaluru
Nippon Paint India,4.0,1.3k,Chemicals,Chennai
RBL FinServe,3.9,1.3k,Financial Services,Mumbai
OM Logistics,3.9,1.3k,Logistics,New Delhi
More Supermarket,3.6,1.3k,Retail,Bengaluru
SK Finance Limited,3.8,1.3k,NBFC,Jaipur
JioMart,3.9,1.3k,Retail,Mumbai
Punjab National Bank,3.9,1.3k,Banking,New Delhi
Shubham Housing Development Finance,3.9,1.3k,NBFC,New Delhi
VIBGYOR Group of Schools,3.5,1.3k,Education & Training,Bengaluru
Cinépolis,3.8,1.3k,Media & Entertainment,New Delhi
NxtWave,3.5,1.3k,EdTech,Hyderabad
Astral Pipe,4.0,1.3k,Building Material,Ahmedabad
Spicejet,3.3,1.3k,Aviation,New Delhi
Atul,3.9,1.3k,Chemicals,Valsad
ICICI Prudential Mutual Fund,3.9,1.3k,Financial Services,Mumbai
Centre for Development of Advanced Computing,3.6,1.3k,IT Services & Consulting,Pune
Globant,3.3,1.3k,IT Services & Consulting,Pune
Mondelez International,4.1,1.3k,Food Processing,Mumbai
Royal Migration Solutions,4.9,1.3k,Other,Dubai
Big Bazaar,4.4,1.3k,Retail,New Delhi
Ion Exchange India,3.7,1.3k,Waste Management,Mumbai
Luminous Power Technologies,4.1,1.3k,Consumer Electronics & Appliances,Gurugram
Samsung Research,3.0,1.3k,IT Services & Consulting,Bengaluru
Aarvee Associates,3.7,1.3k,Engineering & Construction,Hyderabad
Fabindia,3.7,1.3k,Retail,New Delhi
OpenText Technologies,3.3,1.3k,Software Product,Bengaluru
Bluestock ™,4.5,1.3k,FinTech,Pune
Hindustan Construction Company,4.2,1.3k,Engineering & Construction,Mumbai
Jakson Group,4.1,1.3k,Power,Noida
Pantaloons,4.1,1.3k,Retail,Mumbai
T-Systems ICT India,3.7,1.3k,IT Services & Consulting,Pune
Apex Group,2.6,1.3k,Financial Services,Pune
Spandana Sphoorty Financial,3.8,1.3k,NBFC,Hyderabad
Tenneco,3.6,1.3k,Auto Components,Pune
Vestas,4.1,1.3k,Power,Chennai
ANZ Banking Group,3.7,1.3k,Banking,Bengaluru
Godrej Consumer Products,4.0,1.3k,FMCG,Mumbai
H.G. Infra Engineering,4.0,1.3k,Engineering & Construction,Jaipur
Sigma Electric Manufacturing Corporation,4.0,1.3k,Industrial Machinery,Pune
DP World,3.8,1.3k,Logistics,Mumbai
Dassault Systemes,3.7,1.3k,Software Product,Pune
KIMS Hospital,3.7,1.3k,Healthcare,Hyderabad
Panasonic,4.0,1.3k,Consumer Electronics & Appliances,Gurugram
Automotive Manufacturers,3.8,1.3k,Automobile,Hyderabad
Fresenius Kabi,4.0,1.3k,Pharma,Pune
SKF,4.0,1.3k,Auto Components,Pune
Electronics Corporation of India Limited,4.2,1.3k,Electronics Manufacturing,Hyderabad
AGS Transact Technologies,2.8,1.3k,FinTech,Mumbai
PNC Infratech,3.8,1.3k,Engineering & Construction,Agra
Intertek,3.7,1.3k,"Testing, Inspection and Certification (TIC)",New Delhi
Shriram Pistons & Rings,4.0,1.3k,Auto Components,Bhiwadi
Zoho,4.2,1.3k,Software Product,Chennai
Prodapt,3.5,1.3k,IT Services & Consulting,Chennai
Mu Sigma,2.5,1.3k,Analytics & KPO,Bengaluru
Kalpataru Limited,4.1,1.3k,Real Estate,Mumbai
iSON Xperiences,3.1,1.3k,BPO,Chennai
Dell EMC,3.8,1.3k,IT Services & Consulting,Bengaluru
AIIMS,4.2,1.3k,Education & Training,New Delhi
Colliers India,3.9,1.3k,Real Estate,Bengaluru
Diageo,3.8,1.3k,Beverage,Bengaluru
Synchrony,4.2,1.2k,Financial Services,Hyderabad
DLF,4.0,1.2k,Real Estate,Gurugram
Nielsen,3.0,1.2k,Analytics & KPO,Bengaluru
Indostar Capital Finance Limited,4.3,1.2k,NBFC,Mumbai
Oil And Natural Gas Corporation,4.3,1.2k,Oil & Gas,Mumbai
Rockman Industries,3.8,1.2k,Auto Components,Haridwar
Jindal X,3.5,1.2k,BPO,New Delhi
Parexel International,3.8,1.2k,Clinical Research,Hyderabad
Wind World,4.0,1.2k,Power,Jaisalmer
ExcelR,3.6,1.2k,Education & Training,Bengaluru
Fidelity Investments,4.1,1.2k,Financial Services,Bengaluru
Ahluwalia Contracts India,4.0,1.2k,Engineering & Construction,New Delhi
Rupeek,4.1,1.2k,FinTech,Bengaluru
Qualcomm,3.7,1.2k,Semiconductors,Hyderabad
JTEKT,4.1,1.2k,Auto Components,Gurugram
DENSO,4.1,1.2k,Auto Components,Gurugram
Kirloskar Oil Engines,4.1,1.2k,Industrial Machinery,Pune
Strides Pharma,3.9,1.2k,Pharma,Bengaluru
JK Lakshmi Cement,3.7,1.2k,Building Material,New Delhi
Best Sellers,4.1,1.2k,Retail,Mumbai
EbixCash Limited,3.6,1.2k,Software Product,Noida
ACG Worldwide,3.8,1.2k,Pharma,Mumbai
Innova Solutions,3.3,1.2k,IT Services & Consulting,Hyderabad
Genius HRTech,3.8,1.2k,Recruitment,Kolkata
Zetwerk,4.0,1.2k,Industrial Machinery,Bengaluru
Fidelity National Financial,3.7,1.2k,Financial Services,Bengaluru
Balkrishna Industries,4.0,1.2k,Auto Components,Bhuj
Federal Bank,3.6,1.2k,Banking,Mumbai
Leadec India,4.1,1.2k,Facility Management Services,Pune
Schaeffler India,4.0,1.2k,Auto Components,Vadodara
Sri Chaitanya Techno Schools,3.5,1.2k,Education & Training,Bengaluru
PHN Technology,4.2,1.2k,EdTech,Pune
Intel,4.1,1.2k,Semiconductors,Bengaluru
Baazar Retail Private Limited,4.5,1.2k,Retail,Kolkata
Indira IVF Hospital,3.8,1.2k,Healthcare,Mumbai
Meril,3.6,1.2k,Medical Equipment,Vapi
Aparna Constructions and Estates,3.9,1.2k,Real Estate,Hyderabad
Thyrocare Technologies,3.7,1.2k,Healthcare,Mumbai
Aptiv,3.4,1.2k,Auto Components,Bengaluru
Prism Johnson,3.7,1.2k,Building Material,Mumbai
Salesforce,3.9,1.2k,Software Product,Hyderabad
HFCL Limited,3.8,1.2k,Telecom,Hyderabad
Imperial Auto Industries,3.7,1.2k,Auto Components,Faridabad
Electronica Finance,4.1,1.2k,NBFC,Pune
London Stock Exchange Group,3.6,1.2k,Financial Services,Bengaluru
Birla Corporation,4.0,1.2k,Building Material,Satna
PayPal,3.7,1.2k,FinTech,Bengaluru
FOCUS EDUMATICS,2.9,1.2k,EdTech,Coimbatore
MDIndia Health Insurance TPA,3.6,1.2k,Insurance,Pune
Apollo Health and Lifestyle Limited,4.3,1.2k,Healthcare,Hyderabad
IIFL Home Finance,3.8,1.2k,NBFC,Gurugram
The Jaypee Group,3.8,1.2k,Engineering & Construction,Noida
Podar International School,4.0,1.2k,Education & Training,Mumbai
Johnson Lifts,3.9,1.2k,Industrial Machinery,Chennai
Deccan Fine Chemicals,3.6,1.2k,Agro Chemicals,Tuni
Barclays Shared Services,3.7,1.2k,Financial Services,Chennai
Dhoot Transmission,3.7,1.2k,Auto Components,Chhatrapati Sambhajinagar
Coca-Cola Company,4.0,1.2k,Beverage,Bengaluru
Nilkamal,3.7,1.2k,Furniture & Furnishing,Mumbai
Ocwen Financial Solutions,3.8,1.2k,Financial Services,Bengaluru
Stanza Living,3.4,1.2k,Internet,Bengaluru
Biocon Biologics,3.7,1.2k,Biotechnology,Bengaluru
CaratLane - A Tata Product,4.0,1.2k,Jewellery,Chennai
Motilal Oswal Home Finance,4.3,1.2k,NBFC,Mumbai
Dishtv,3.4,1.2k,Broadcasting,Noida
INDO-MIM,4.0,1.2k,Metals & Mining,Bengaluru
Bajaj Motors,3.9,1.2k,Auto Components,Gurugram
Birla Opus,4.1,1.2k,Chemicals,Mumbai
Kinara Capital,4.4,1.2k,NBFC,Bengaluru
Navitasys India,4.0,1.2k,Electronics Manufacturing,Bawal
Edelweiss Life Insurance,3.7,1.2k,Insurance,Mumbai
Edelweiss,3.6,1.2k,Financial Services,Mumbai
Kohler,3.6,1.2k,Building Material,Pune
Jacobs Engineering Group,4.2,1.1k,Engineering & Construction,Mumbai
Jabil Circuit India,4.0,1.1k,Electronics Manufacturing,Pune
Advantmed,4.0,1.1k,Healthcare,Ahmedabad
Asirvad Microfinance,3.8,1.1k,NBFC,Chennai
Innodata India Private Limited,3.7,1.1k,IT Services & Consulting,Noida
Air India Sats Airport Services,3.6,1.1k,Aviation,New Delhi
Barbeque Nation,3.9,1.1k,Hospitality,Bengaluru
Unicharm,3.9,1.1k,FMCG,Gurugram
Svatantra Microfin,3.9,1.1k,NBFC,Mumbai
Piaggio,3.6,1.1k,Automobile,Pune
V2 Retail,3.3,1.1k,Retail,New Delhi
TÜV NORD,3.7,1.1k,"Testing, Inspection and Certification (TIC)",Pune
Onward Technologies Inc,2.8,1.1k,IT Services & Consulting,Pune
TK Elevator,3.8,1.1k,Industrial Machinery,Pune
MG Motor,3.9,1.1k,Automobile,Vadodara
Hyundai Mobis,3.7,1.1k,Auto Components,Chennai
Zydus Wellness,4.1,1.1k,FMCG,Ahmedabad
Sundaram Finance,3.9,1.1k,NBFC,Chennai
Hikal,3.8,1.1k,Pharma,Bengaluru
Godrej Agrovet,4.0,1.1k,Agriculture,Mumbai
MAHLE ANAND Filter Systems,3.9,1.1k,Auto Components,Pune
Wonder Home Finance,4.6,1.1k,NBFC,Jaipur
1Point1 Solutions Ltd,3.5,1.1k,IT Services & Consulting,Bengaluru
ICON Plc,4.0,1.1k,Clinical Research,Chennai
Knorr-Bremse,3.2,1.1k,Auto Components,Pune
Kirloskar Brothers,3.7,1.1k,Industrial Machinery,Pune
Tube Investments of India,3.8,1.1k,Engineering & Construction,Chennai
Unity Small Finance Bank,3.6,1.1k,Banking,Mumbai
Aarvi Encon,4.0,1.1k,Recruitment,Mumbai
Wistron,4.0,1.1k,Electronics Manufacturing,Bengaluru
Sri Chaitanya Educational Institutions,3.6,1.1k,Education & Training,Hyderabad
Syngenta,4.1,1.1k,Agriculture,Pune
Vedanta Aluminium Metal,3.8,1.1k,Metals & Mining,Jharsuguda
Hinduja Housing Finance,3.7,1.1k,NBFC,New Delhi
Tata Capital Housing Finance,4.0,1.1k,NBFC,Mumbai
HPCL-Mittal Energy Limited,4.3,1.1k,Petrochemicals,Bathinda
BDR Pharmaceuticals International,4.2,1.1k,Pharma,Vadodara
Gmmco,4.1,1.1k,Industrial Machinery,Chennai
Saipem,4.2,1.1k,Engineering & Construction,Chennai
Hitachi Energy,4.0,1.1k,Power,Chennai
CALIBEHR,3.9,1.1k,IT Services & Consulting,Mumbai
VMware Software,4.4,1.1k,Software Product,Bengaluru
TKIL,4.1,1.1k,Industrial Machinery,Pune
Malabar Gold and Diamonds,4.0,1.1k,Jewellery,Hyderabad
SLMG Beverages,3.9,1.1k,Beverage,Lucknow
Pernod Ricard,3.5,1.1k,Beverage,Gurugram
Power Grid Corporation of India,4.3,1.1k,Power,Gurugram
Thermo Fisher Scientific,3.8,1.1k,Biotechnology,Bengaluru
GAIL,4.4,1.1k,Oil & Gas,New Delhi
Adani Ports and SEZ,3.6,1.1k,Ports & Shipping,Mundra
Dana Anand,4.0,1.1k,Auto Components,Pune
Metropolis Healthcare,3.9,1.1k,Healthcare,Mumbai
Thomas Cook,4.1,1.1k,Travel & Tourism,Mumbai
Northcorp Software,4.8,1.1k,IT Services & Consulting,Gurugram
Crompton Greaves Consumer Electricals,3.7,1.1k,Consumer Electronics & Appliances,Mumbai
Aspire Systems,3.8,1.1k,IT Services & Consulting,Chennai
Shyam Steel Group,3.5,1.1k,Iron & Steel,Kolkata
Vayona Energy,4.0,1.1k,Power,Bengaluru
QX Global Group,3.0,1.1k,BPO,Ahmedabad
Fractal Analytics,4.0,1.1k,Analytics & KPO,Bengaluru
Writer Information Management Services,3.2,1.1k,BPO,Mumbai
Hindustan Zinc,3.7,1.1k,Metals & Mining,Udaipur
Greenko Group,3.9,1.1k,Power,Hyderabad
Xyz Company,3.8,1.1k,Financial Services,Bengaluru
Bajaj Capital Insurance Broking Limited,4.3,1.1k,Insurance,New Delhi
Gharda Chemicals Limited,3.9,1.1k,Agro Chemicals,Mumbai
Zf Rane Automotive,3.9,1.1k,Auto Components,Chennai
Vertiv,3.8,1.1k,Electronics Manufacturing,Pune
Netcracker Technology,2.9,1.1k,IT Services & Consulting,Hyderabad
Wheels,3.9,1.1k,Auto Components,Chennai
Jet Airways,4.6,1.1k,Aviation,Mumbai
IB Group,3.7,1.1k,Food Processing,Rajnandgaon
Nexa,3.9,1.1k,Automobile,New Delhi
GVPR Engineers,3.8,1.1k,Engineering & Construction,Hyderabad
Bharat Sanchar Nigam,3.8,1.1k,Telecom,Bengaluru
Atlas Copco,4.1,1.1k,Industrial Machinery,Pune
Klm Axiva Finvest,4.4,1.1k,NBFC,Bengaluru
BirlaNu,3.8,1.1k,Building Material,Hyderabad
ValueMomentum,3.2,1.1k,IT Services & Consulting,Hyderabad
Otis Elevator,4.1,1.1k,Industrial Machinery,Bengaluru
ALLEN Career Institute,3.8,1.1k,Education & Training,Kota
GlobalData,3.3,1.1k,Analytics & KPO,Hyderabad
Uber,4.0,1.1k,Internet,Hyderabad
NBC Bearings,3.9,1.1k,Auto Components,Jaipur
Spencer's Retail,3.8,1.1k,Retail,Kolkata
Tata Cummins,4.4,1.1k,Auto Components,Jamshedpur
Skipper,3.9,1.1k,Industrial Machinery,Kolkata
Lakshmi Machine Works,3.8,1.1k,Industrial Machinery,Coimbatore
Nippon Life India Asset Management,4.6,1.1k,Financial Services,Mumbai
Hitachi Payment Services,3.6,1.1k,FinTech,Mumbai
United Breweries,3.3,1k,Beverage,Bengaluru
Amara Raja Group,4.1,1k,Auto Components,Tirupati
Allianz Technology,4.0,1k,IT Services & Consulting,Pune
Syrma SGS Technologies,4.0,1k,Electronics Manufacturing,Chennai
Vistaar Finance,3.9,1k,NBFC,Bengaluru
Siemens Energy,4.0,1k,Power,Pune
Suzuki Motorcycle,4.0,1k,Automobile,Gurugram
Motherson Sumi Wiring,3.7,1k,Electrical Equipment,Noida
iQor Global Services,3.3,1k,BPO,Noida
Comviva Technology,2.7,1k,Software Product,Gurugram
Fortrea Development India Private Limited,3.9,1k,Clinical Research,Bengaluru
Ceasefire Industries,3.1,1k,Industrial Machinery,New Delhi
MakeMyTrip,3.5,1k,Travel & Tourism,Gurugram
SitusAMC,3.3,1k,Financial Services,Bengaluru
Vaco Binary Semantics,3.0,1k,IT Services & Consulting,Gurugram
Skoda Auto Volkswagen India,3.9,1k,Automobile,Pune
Perfetti Van Melle,4.2,1k,FMCG,Gurugram
Merino Industries,3.7,1k,Building Material,New Delhi
Visionet Systems,3.3,1k,IT Services & Consulting,Bengaluru
Zudio,3.9,1k,Retail,New Delhi
Secure Meters,3.9,1k,Electronics Manufacturing,Udaipur
Arohan Financial Services,3.8,1k,NBFC,Kolkata
Westside,3.7,1k,Retail,Mumbai
Lemon Tree Hotels,4.0,1k,Hospitality,New Delhi
Colgate Palmolive,3.9,1k,FMCG,Mumbai
Bounteous,3.2,1k,IT Services & Consulting,Bengaluru
Star Cement,4.0,1k,Building Material,Guwahati
Sahara India Pariwar,3.9,1k,Broadcasting,Lucknow
TradeIndia (Infocom Network Private Limited),3.4,1k,Internet,New Delhi
MasterCard,3.8,1k,FinTech,Pune
AstraZeneca,3.8,1k,Pharma,Chennai
Cult.fit,3.5,1k,Fitness & Wellness,Bengaluru
Aparajitha Corporate Services,3.8,1k,Legal,Madurai
Pristyn Care,3.1,1k,Internet,Gurugram
Tiger Analytics,3.8,1k,IT Services & Consulting,Bengaluru
Mastek,3.6,1k,IT Services & Consulting,Mumbai
Temenos,3.1,1k,Software Product,Chennai
VeeTechnologies,4.0,1k,IT Services & Consulting,Salem
Wonder Cement,4.2,1k,Building Material,Nimbahera
Incheon Motors,4.7,1k,Automobile,Kochi
Technip Energies,4.0,1k,Engineering & Construction,Noida
Amazon Web Services,3.8,1k,IT Services & Consulting,Bengaluru
eClinicalWorks,3.5,1k,Software Product,Mumbai
Collins Aerospace,3.8,1k,Defence & Aerospace,Bengaluru
Xebia,3.0,1k,IT Services & Consulting,Gurugram
Mahindra Automotives,3.8,1k,Automobile,Pune
JSW Group,3.9,1k,Iron & Steel,Mumbai
CarDekho Group,3.6,1k,Internet,Gurugram
National Payments Corporation of India,3.9,1k,FinTech,Mumbai
Lumina Datamatics,3.1,1k,IT Services & Consulting,Mumbai
Entain,3.5,1k,IT Services & Consulting,Hyderabad
Quantiphi Analytics Solutions Private Limited,3.1,1k,IT Services & Consulting,Bengaluru
Rebel Foods,3.7,1k,Hospitality,Mumbai
C&S Electric,4.0,1k,Electrical Equipment,Noida
Marsh McLennan,3.9,1k,Management Consulting,Mumbai
SYSKA LED Lights,2.9,1k,Consumer Electronics & Appliances,Pune
Capacit'e Infraprojects,3.7,1k,Engineering & Construction,Mumbai
Jyothy Labs,4.0,1k,FMCG,Mumbai
J B Chemicals And Pharmaceuticals,3.9,1k,Pharma,Mumbai
JW Marriott,4.2,1k,Hospitality,Mumbai
Softenger,4.0,1k,IT Services & Consulting,Pune
KEI Industries,4.2,1k,Electrical Equipment,New Delhi
Lowe's,4.0,1k,Retail,Bengaluru
Psp Projects,3.8,1k,Engineering & Construction,Ahmedabad
Yokohama Off-Highway Tires,3.7,1k,Auto Components,Bharuch
Napino Auto & Electronics,3.9,1k,Auto Components,Gurugram
Natco Pharma,4.0,1k,Pharma,Hyderabad
Pizza Hut,4.1,999,Hospitality,New Delhi
Everest Industries,3.8,999,Building Material,Mumbai
General Mills,4.1,999,Food Processing,Mumbai
TechnipFMC,3.9,998,Engineering & Construction,Hyderabad
Salcomp Manufacturing,4.0,996,Electronics Manufacturing,Chennai
Defence Research & Development Organisation,4.4,994,Defence & Aerospace,Hyderabad
Hiranandani Financial Services,4.4,994,NBFC,Mumbai
Guidehouse,3.6,993,Management Consulting,Chennai
Kendriya Vidyalaya Sangathan,4.3,995,Education & Training,New Delhi
Astral Adhesives,3.8,992,Chemicals,Ahmedabad
Barclays Global Service Centre,3.9,992,IT Services & Consulting,Pune
VIP Industries,3.7,991,Retail,Mumbai
Financial Software & Systems,3.6,989,Software Product,Chennai
LOREAL,3.8,989,Beauty & Personal Care,Mumbai
Shriram General Insurance,3.6,987,Insurance,Jaipur
Pricol,3.9,985,Auto Components,Coimbatore
JSW Paints,3.7,985,Chemicals,Mumbai
Altisource,3.5,979,Real Estate,Bengaluru
Xceedance,3.5,982,IT Services & Consulting,Gurugram
LanceSoft,3.2,977,Recruitment,Hyderabad
Pramerica Life Insurance,3.7,975,Insurance,Gurugram
Cohance Lifesciences,3.9,975,Pharma,Hyderabad
Adani Enterprises,3.6,975,Metals & Mining,Ahmedabad
Signify,3.4,969,Consumer Electronics & Appliances,Bengaluru
SFO Technologies,3.4,970,Electronics Manufacturing,Bengaluru
Amphenol Interconnect,4.2,970,Electrical Equipment,Pune
KMV Projects Limited,4.3,967,Engineering & Construction,Hyderabad
Aristo Pharmaceuticals,3.9,968,Pharma,Mumbai
Navayuga Engineering Company,3.9,967,Engineering & Construction,Hyderabad
Jaro Education,3.2,966,Education & Training,Mumbai
Timken,3.9,966,Industrial Machinery,Jamshedpur
Gannon Dunkerley & Co.,3.4,966,Engineering & Construction,Kolkata
ICCS,3.0,965,BPO,Noida
Velocis Systems,3.8,965,IT Services & Consulting,New Delhi
Nasser S. Al Hajri Corporation,3.6,965,Engineering & Construction,Chennai
Bhanzu,3.7,964,EdTech,Bengaluru
Knight Frank,4.0,962,Real Estate,Mumbai
Regulated Council of Immigration Consultants,4.9,958,Other,Dubai
Mando Automotive,4.0,958,Auto Components,Chennai
"Commonwealth Bank of Australia, India",2.7,958,Financial Services,Bengaluru
Reliance Power,4.1,956,Power,Singrauli
FLSmidth,3.6,956,Industrial Machinery,Chennai
CIEL HR,3.9,956,Recruitment,Bengaluru
Sandhar Technologies,3.7,955,Auto Components,Gurugram
Tikona Infinet,3.3,954,Telecom,Mumbai
Godfrey Phillips India,4.0,954,FMCG,New Delhi
Medha Servo Drives,4.2,954,Electrical Equipment,Hyderabad
Episource,3.9,952,IT Services & Consulting,Chennai
Volvo,4.0,952,Automobile,Bengaluru
Petrofac,4.3,951,Oil & Gas,Chennai
FastInfo,4.2,952,Internet,Kolkata
Hathway,3.4,951,Telecom,Mumbai
Target,4.0,951,Retail,Bengaluru
Jubilant Pharmova,3.7,950,Pharma,Noida
Steag Energy Services,4.3,949,Power,Jharsuguda
M3M India,4.1,948,Real Estate,Gurugram
MAS Financial Services Ltd,3.6,946,NBFC,Ahmedabad
Medhaj Techno Concept,4.0,948,Management Consulting,Lucknow
Bayer,4.0,945,Pharma,Bengaluru
Apotex Research,3.7,943,Pharma,Bengaluru
Naukri,4.1,943,Internet,Noida
Intellipaat Software Solutions,3.8,943,EdTech,Bengaluru
Greenlam Industries,4.1,943,Furniture & Furnishing,New Delhi
Deepak Fertilisers and Petrochemicals,4.0,942,Chemicals,Mumbai
Re Sustainability Limited,3.8,941,Waste Management,Hyderabad
SKH Metals,4.0,941,Auto Components,Gurugram
Wakefit,3.9,942,Furniture & Furnishing,Bengaluru
Schlumberger,3.7,939,Oil & Gas,Pune
OCS Group,4.1,939,Facility Management Services,Mumbai
Integra Software Services,3.9,940,IT Services & Consulting,Puducherry
GE Healthcare,3.8,934,Medical Equipment,Bengaluru
Orient Electric,3.7,935,Consumer Electronics & Appliances,New Delhi
Aviva Life Insurance India,3.4,933,Insurance,Gurugram
Sundaram Clayton,3.9,933,Auto Components,Chennai
Nirma,4.3,932,FMCG,Bhavnagar
HT Media,3.0,931,Media & Entertainment,New Delhi
HomeLane,3.3,931,Architecture & Interior Design,Bengaluru
Simplilearn,3.8,931,EdTech,Bengaluru
Netscribes,2.7,929,Analytics & KPO,Kolkata
Test Yantra Software Solutions,3.0,929,IT Services & Consulting,Bengaluru
Amazon Sellers Services,4.0,928,Internet,Bengaluru
Experis IT,3.0,927,Recruitment,Bengaluru
Neel Metal Products,4.0,925,Auto Components,Gurugram
Aircel,4.5,925,Telecom,New Delhi
Ashirvad Pipes,3.8,926,Building Material,Bengaluru
Alok Industries,3.6,924,Fashion & Textile,Dadra
Michelin,3.7,924,Auto Components,Pune
Nityo Infotech,3.2,923,IT Services & Consulting,Bengaluru
Vijay Sales,4.0,923,Retail,Mumbai
Sona Comstar,4.0,921,Auto Components,Gurugram
Yashoda Hospitals,3.9,921,Healthcare,Hyderabad
ACL Digital,3.5,918,IT Services & Consulting,Bengaluru
Ageas Federal Life Insurance,3.4,914,Insurance,Mumbai
Nibav Lifts,4.0,914,Industrial Machinery,Chennai
Egis India Consulting Engineers,4.2,915,Engineering & Construction,Gurugram
Bosch Chassis Systems,4.1,912,Auto Components,Pune
Carborundum Universal Limited,3.7,912,Industrial Machinery,Chennai
Wipro PARI,3.2,914,Industrial Automation,Pune
Musashi Auto Parts,3.8,912,Auto Components,Bengaluru
Updater Services,3.7,911,Facility Management Services,Chennai
Alorica,3.1,910,BPO,Bengaluru
Truhome Finance,3.6,909,Financial Services,Mumbai
Centum Electronics,3.4,906,Electronics Manufacturing,Bengaluru
WSP,4.2,906,Management Consulting,Bengaluru
Ups Logistics,3.6,905,Logistics,Pune
TNQ Tech Private Limited,3.5,906,Printing & Publishing,Chennai
Acme Cleantech Solutions,4.0,904,Power,Gurugram
H&M,3.8,903,Fashion & Textile,Bengaluru
RAMTeCH Software Solutions,3.7,903,IT Services & Consulting,Hyderabad
Satya MicroCapital,3.7,903,NBFC,New Delhi
Volkswagen,4.1,902,Automobile,Pune
Apar Industries,4.1,899,Semiconductors,Mumbai
Silaris Informations,2.9,898,BPO,New Delhi
Fedbank Financial Services,4.0,899,NBFC,Mumbai
Nlb Services,3.6,898,Recruitment,Noida
Ather Energy,4.1,897,Automobile,Bengaluru
Epsilon,3.6,898,Marketing & Advertising,Bengaluru
Magna International,3.8,896,Auto Components,Pune
Tata Chemicals,3.9,895,Chemicals,Jamnagar
AJIO,3.6,895,Internet,Bengaluru
MOURI Tech,3.6,895,IT Services & Consulting,Hyderabad
UKG,2.9,894,Software Product,Noida
India Shelter Finance Corporation,3.8,892,NBFC,Gurugram
IDEMIA,3.8,893,Electronics Manufacturing,Noida
Shilpa Medicare,3.4,891,Pharma,Hyderabad
Marks & Spencer,3.8,891,Retail,New Delhi
Tata Starbucks,4.1,889,Hospitality,Mumbai
Panacea Biotec,3.5,888,Biotechnology,Baddi
BGR Energy Systems,3.8,888,Engineering & Construction,Chennai
Athena BPO,3.3,887,BPO,Mumbai
Metso,4.1,888,Metals & Mining,Alwar
Parag Milk Foods,3.9,887,Food Processing,Mumbai
Nexdigm,3.7,887,Management Consulting,Pune
National Health Mission,3.5,885,Healthcare,Guwahati
Rohan Builders,4.1,884,Real Estate,Pune
Vedanta Limited,3.7,883,Metals & Mining,Jharsuguda
Porter,3.5,883,Internet,Bengaluru
Next Education India,3.2,882,EdTech,Hyderabad
Victura Technologies Private Limited,4.0,882,Auto Components,Faridabad
Future Focus Infotech,3.3,880,IT Services & Consulting,Bengaluru
C.R.I. Pumps,3.9,880,Industrial Machinery,Coimbatore
Shaktiman Tirth Agro Technology,3.8,879,Industrial Machinery,Rajkot
Swaraj Tractors,4.0,880,Automobile,Sahibzada Ajit Singh Nagar
enGen Global,3.8,880,IT Services & Consulting,Chennai
Casagrand,3.8,880,Real Estate,Chennai
Parekh Integrated Services,4.0,878,Logistics,Mumbai
Torry Harris Integration Solutions,4.1,876,IT Services & Consulting,Bengaluru
Jaya Hind Industries,3.7,876,Auto Components,Pune
Clarivate,3.7,876,Analytics & KPO,Bengaluru
Union Bank of India,3.9,875,Banking,Mumbai
Sutherland Healthcare Solutions,3.7,876,Analytics & KPO,Hyderabad
Tata Hitachi Construction Machinery,4.0,875,Industrial Machinery,Kharagpur
KGISL,3.1,876,IT Services & Consulting,Coimbatore
Patel Infrastructure Limited,4.3,872,Engineering & Construction,Vadodara
Tata Power Solar,4.1,874,Power,Bengaluru
Precision Infomatic M Pvt Ltd,3.8,873,IT Services & Consulting,Chennai
Welspun Corp,4.0,872,Iron & Steel,Anjar
Rico Auto Industries,3.8,872,Auto Components,Gurugram
Impact Infotech Pvt. Ltd.,3.6,888,IT Services & Consulting,Mumbai
Inventys Research,4.1,870,Chemicals,Nagpur
Shivalik Small Finance Bank,4.2,869,Banking,Noida
Ascendion,3.1,871,IT Services & Consulting,Bengaluru
RR kabel,4.1,866,Electrical Equipment,Vadodara
LEAD School,3.2,865,EdTech,Mumbai
IBS Software Services,3.6,864,Software Product,Kochi
Bechtel,3.9,863,Engineering & Construction,Gurugram
Petpooja,3.9,862,Software Product,Ahmedabad
Sanden Vikas,4.0,861,Auto Components,Faridabad
Lumen Technologies,3.8,862,Hardware & Networking,Bengaluru
HP India,3.8,861,Consumer Electronics & Appliances,Bengaluru
BDO,3.2,861,Accounting & Auditing,Mumbai
AuthBridge Research Services,3.1,860,IT Services & Consulting,Gurugram
Rockwell Automation,3.7,860,Industrial Automation,Pune
Syneos Health,3.6,860,Clinical Research,Hyderabad
Fareportal,2.9,858,Travel & Tourism,Gurugram
Greaves Cotton,4.0,857,Travel & Tourism,Chhatrapati Sambhajinagar
Royal Sundaram General Insurance,3.7,857,Insurance,Chennai
K Raheja Corp,4.2,856,Hospitality,Mumbai
Eris Lifesciences,3.6,857,Pharma,Ahmedabad
Mahindra Tractors,4.1,854,Automobile,Nagpur
Luxoft,3.6,854,IT Services & Consulting,Bengaluru
Bank of India,4.0,854,Banking,Mumbai
Principal Global Services,3.6,853,Insurance,Pune
Guardian India,3.8,852,Insurance,Chennai
Waaree Energies,4.0,851,Power,Surat
Mahindra First Choice,3.9,852,Internet,Mumbai
Medusind Solutions,3.5,849,IT Services & Consulting,Chennai
Poly Medicure,3.5,848,Medical Equipment,Faridabad
Five-Star Business Finance,4.1,850,NBFC,Chennai
Rodic Consultants,4.2,847,Engineering & Construction,New Delhi
Encore Capital Group,3.8,847,Financial Services,Gurugram
Orion Edutech,4.1,847,EdTech,Kolkata
Serco,4.2,847,Analytics & KPO,Mumbai
eTeam,3.2,846,Recruitment,Bengaluru
Baxter International,3.8,847,Healthcare,Bengaluru
Rashmi Group,3.5,845,Iron & Steel,Kharagpur
Duck Creek Technologies,4.5,845,Software Product,Mumbai
Teamware Solutions,4.1,844,Recruitment,Hyderabad
Freshworks,3.3,844,Software Product,Chennai
Bpo Convergence,3.4,843,BPO,Hyderabad
DBG Technology,3.7,846,Electronics Manufacturing,Rewari
Universal Sompo General Insurance,4.4,842,Insurance,Mumbai
Zydus Healthcare,4.0,842,Pharma,Mumbai
Consolidated Contractors,4.2,840,Engineering & Construction,Mumbai
Vastu Housing Finance,4.1,839,NBFC,Mumbai
Artech Infosystems,3.3,839,Recruitment,Bengaluru
Ugro Capital,3.7,838,NBFC,Mumbai
Advik Hi Tech,3.7,838,Auto Components,Pune
Dineshchandra R. Agrawal Infracon,4.0,838,Engineering & Construction,Ahmedabad
Feedback Infrastructure Services,3.4,839,Engineering & Construction,Gurugram
Praj Industries,4.0,838,Biotechnology,Pune
FIITJEE,3.2,837,Education & Training,New Delhi
Credence Resource Management,3.0,836,BPO,Pune
Sunbeam Auto,3.9,836,Auto Components,Gurugram
JK Paper,3.8,835,Pulp & Paper,Rayagada
Ford Business Solutions,4.1,835,IT Services & Consulting,Chennai
Arvind Lifestyle Brands,4.0,834,Fashion & Textile,Bengaluru
Amber Enterprises India,3.8,832,Electronics Manufacturing,Gurugram
Ramco Systems,3.7,832,Software Product,Chennai
Linde India,3.9,832,Chemicals,Vadodara
Qualitest,3.6,832,IT Services & Consulting,Bengaluru
Ramkrishna Forgings,3.5,832,Auto Components,Jamshedpur
Y-Axis Overseas Careers,4.1,832,Other,Hyderabad
Prama Hikvision India,3.5,831,Electronics Manufacturing,Mumbai
Bill Gosling Outsourcing India,3.5,831,Gurugram +13 other locations,
Jio-bp,3.6,828,Oil & Gas,Mumbai
Huhtamaki,3.9,827,Packaging,Mumbai
Novac Technology Solutions,3.4,828,Software Product,Chennai
Vijaya Diagnostic Centre,3.7,827,Healthcare,Hyderabad
Aequs,3.4,825,Defence & Aerospace,Belagavi
Qinecsa Solutions,2.7,824,Clinical Research,Mysuru
Prince Pipes & Fittings,4.1,823,Building Material,Mumbai
Zuventus Healthcare,3.8,822,Pharma,Mumbai
Border Security Force,4.5,820,Law Enforcement & Security,New Delhi
Punj Lloyd,4.0,820,Engineering & Construction,Gurugram
Ask Automotive,4.2,819,Auto Components,Gurugram
Nippon Koei India,4.7,819,Engineering & Construction,New Delhi
Investors Clinic,3.5,818,Real Estate,Noida
THE LEELA PALACES HOTELS & RESORTS,4.0,819,Hospitality,New Delhi
AISIN,4.1,817,Auto Components,Rohtak
RenewBuy,3.3,816,Internet,Gurugram
IFFCO,4.1,816,Agro Chemicals,New Delhi
Fluor Corporation,4.1,814,Engineering & Construction,Gurugram
Engineers India,4.2,814,Engineering & Construction,New Delhi
PUMA,4.1,813,Fashion & Textile,Bengaluru
Somany Ceramics,4.2,813,Building Material,New Delhi
Hitachi,3.8,813,Industrial Machinery,Bengaluru
Progressive Techserve,3.2,813,IT Services & Consulting,Noida
Chennai Radha Engineering Works,3.9,812,Engineering & Construction,Chennai
Radical Minds,2.8,814,BPO,Gurugram
Eveready Industries,3.9,811,Consumer Electronics & Appliances,Kolkata
Zidio Development,4.4,812,IT Services & Consulting,Bengaluru
Careernet,3.5,810,Recruitment,Bengaluru
Wipro Consumer Care & Lighting,3.6,809,FMCG,Bengaluru
Denave,3.5,809,Marketing & Advertising,Noida
Maveric Systems,3.3,809,IT Services & Consulting,Chennai
Indo Autotech,4.0,808,Auto Components,Faridabad
Franklin Templeton Investments,3.9,808,Financial Services,Hyderabad
Travel Food Services Ltd,4.0,809,Hospitality,Mumbai
Axtria,2.7,807,Software Product,Gurugram
Wabtec,3.8,808,Auto Components,Bengaluru
Action Construction Equipment,3.7,806,Industrial Machinery,Faridabad
Rallis India,4.0,806,Agro Chemicals,Ankleshwar
JM Financial,3.8,804,Financial Services,Mumbai
Microtek International,3.7,804,Consumer Electronics & Appliances,New Delhi
Intex Technologies,3.6,803,Consumer Electronics & Appliances,New Delhi
Hilti,3.3,803,Industrial Machinery,Gurugram
Jai Balaji Group,3.2,802,Iron & Steel,Durgapur
Creative Synergies Group,3.8,801,IT Services & Consulting,Bengaluru
Toyo Engineering,4.0,801,Engineering & Construction,Mumbai
Hitachi Digital Services,3.5,801,IT Services & Consulting,Hyderabad
Pratap Technocrats,3.6,800,Telecom,Pune
People Tech Group,2.3,800,IT Services & Consulting,Hyderabad
Wapcos,3.1,799,Engineering & Construction,New Delhi
First Advantage,3.4,799,Recruitment,Bengaluru
Lenovo,4.0,799,Consumer Electronics & Appliances,Bengaluru
Forever Living Products,4.2,799,Fitness & Wellness,Mumbai
Padget Electronics,3.8,799,Electronics Manufacturing,Noida
Neurealm,3.4,796,IT Services & Consulting,Chennai
Lea Associates South Asia,4.2,795,Engineering & Construction,New Delhi
Ksb Pumps,3.7,795,Industrial Machinery,Pune
Celebal Technologies,3.0,794,IT Services & Consulting,Jaipur
NTT,3.9,794,IT Services & Consulting,Mumbai
Edubridge Learning,3.8,792,EdTech,Mumbai
Reliance Smart,4.1,791,Retail,Hyderabad
Transrail Lighting,4.0,792,Engineering & Construction,Mumbai
Allied Digital Services,3.1,791,IT Services & Consulting,Mumbai
Fleetguard Filters Private Limited,4.3,791,Auto Components,Pune
ManipalCigna Health Insurance,3.7,792,Insurance,Mumbai
Protiviti,3.0,789,Management Consulting,Gurugram
Mindsprint,3.5,789,IT Services & Consulting,Chennai
Fidelity International,3.5,789,Financial Services,Gurugram
Sterling Tools,4.5,791,Auto Components,Faridabad
Alivus Life Sciences,3.8,787,Pharma,Ankleshwar
JioStar,3.5,787,Media & Entertainment,Mumbai
Eastman Auto and Power Limited,3.9,787,Electronics Manufacturing,Gurugram
Forvia Hella,3.7,786,Auto Components,Pune
Assystem,3.3,786,Engineering & Construction,Chennai
Ameriprise Financial,3.7,785,Financial Services,Gurugram
Exicom,4.0,785,Semiconductors,Gurugram
Quatrro Business Support Services,3.2,784,Recruitment,Gurugram
Amadeus,3.7,785,Software Product,Bengaluru
Neuland Laboratories,4.0,786,Pharma,Hyderabad
Aurigo Software Technologies,4.7,783,Software Product,Bengaluru
Bses Rajdhani Power,3.8,783,Power,New Delhi
Bunge India,3.9,783,Food Processing,Sahibzada Ajit Singh Nagar
ESL Steel,3.8,783,Iron & Steel,Bokaro
Central Industrial Security Force,4.3,783,Law Enforcement & Security,New Delhi
Skill Lync,3.1,782,EdTech,Chennai
VA Tech Wabag,3.8,782,Waste Management,Chennai
Volkswagen Group Digital Solutions [India],3.9,782,IT Services & Consulting,Pune
Creambell,3.8,782,Hospitality,New Delhi
BNP Paribas India Solutions,3.5,781,IT Services & Consulting,Mumbai
Bitwise Solutions,3.7,780,IT Services & Consulting,Pune
National Informatics Centre,3.9,779,Government,New Delhi
Times Internet,3.4,780,Internet,Noida
TO THE NEW,3.6,780,IT Services & Consulting,Noida
Vaaman Engineers,3.8,780,Engineering & Construction,Jharsuguda
Mott MacDonald,3.9,780,Management Consulting,Mumbai
Steel Authority Of India,4.1,778,Iron & Steel,Bokaro
India Japan Lighting,4.1,777,Auto Components,Chennai
Sharda Motor Industries,3.7,776,Auto Components,Chennai
Wipro Infrastructure Engineering,3.7,775,Industrial Machinery,Bengaluru
Greenply,3.8,774,Building Material,Kolkata
CMS Computers Limited (INDIA),3.7,773,IT Services & Consulting,New Delhi
Google Operations Center,3.5,773,BPO,Hyderabad
UnitedLex,2.6,773,Analytics & KPO,New Delhi
McDermott International,4.2,771,Engineering & Construction,Chennai
Finolex Cables,3.7,771,Electrical Equipment,Pune
Zee Entertainment Enterprises,3.4,770,Media & Entertainment,Mumbai
JSW Energy,4.1,770,Power,Mumbai
Veradigm,3.7,769,Software Product,Pune
HSBC Software Development,4.0,770,Software Product,Pune
Smollan Group,3.9,770,Marketing & Advertising,Mumbai
Rackspace,3.6,769,IT Services & Consulting,Gurugram
R.V.R. PROJECTS,3.8,767,Engineering & Construction,Hyderabad
Livguard,3.8,770,Electronics Manufacturing,Gurugram
Hapag-Lloyd,3.8,766,Ports & Shipping,Chennai
Samsung E&A,4.0,764,Engineering & Construction,Noida
Stellantis,3.4,764,Automobile,Chennai
Integreon,3.1,764,BPO,Mumbai
Eugia Pharma Specialities,4.0,764,Pharma,Hyderabad
Religare,3.6,763,Financial Services,New Delhi
RITES,3.9,762,Engineering & Construction,Gurugram
LG Soft India,2.6,764,IT Services & Consulting,Bengaluru
LifeCell International,3.3,761,Biotechnology,Chennai
Primus Global Technologies,3.7,760,IT Services & Consulting,Bengaluru
India Cements,3.8,760,Building Material,Chennai
Brane Enterprises,2.1,760,Software Product,Hyderabad
Trianz,3.7,760,IT Services & Consulting,Hyderabad
Better.com,3.0,760,Financial Services,Gurugram
Care Hospital,4.1,760,Healthcare,Hyderabad
Electrosteel Casting,3.6,759,Building Material,Kolkata
BCD Travel,4.3,759,Travel & Tourism,Bengaluru
KreditBee,3.7,758,FinTech,Bengaluru
EMERSON PROCESS MANAGEMENT,4.0,758,Industrial Automation,Pune
Boeing,3.8,757,Aviation,Bengaluru
Isuzu Motors,4.1,757,Automobile,Chennai
Dunzo,3.5,756,Internet,Bengaluru
ReSource Pro,3.7,756,BPO,Bengaluru
Deepak Nitrite,3.8,757,Chemicals,Vadodara
CADD Centre Training Services,3.9,755,Education & Training,Chennai
Shalby Hospitals,4.3,753,Healthcare,Ahmedabad
B. G. Shirke Construction Technology,4.1,753,Engineering & Construction,Pune
bp,3.7,754,Oil & Gas,Pune
Genus Power Infrastructures,3.9,753,Electronics Manufacturing,Jaipur
ASG Eye Hospital,3.5,752,Healthcare,Jaipur
AI Airport Services,3.2,752,Aviation,Mumbai
1 India Family Mart,4.6,751,Retail,New Delhi
Redcliffe Labs,3.9,751,Healthcare,Noida
V-Trans,3.8,751,Logistics,Mumbai
Mswipe Technologies,3.2,750,FinTech,Mumbai
Sterlite Power,4.1,750,Power,New Delhi
Mitsubishi Electric India,4.2,752,Electronics Manufacturing,Pune
Delta Electronics,3.8,750,Electronics Manufacturing,Bengaluru
Turtlemint,3.7,748,Internet,Mumbai
Sun Life Financial,3.8,748,Financial Services,Gurugram
Galfar,3.9,748,Engineering & Construction,Muscat
Tredence,3.3,750,IT Services & Consulting,Bengaluru
BDO INDIA SERVICES PRIVATE LIMITED,3.1,750,Accounting & Auditing,Mumbai
Razorpay,3.4,748,FinTech,Bengaluru
Koch Business Solutions,3.1,747,IT Services & Consulting,Bengaluru
The Akshaya Patra Foundation,4.4,746,Non-Profit,Bengaluru
Ag Industries,4.0,745,Auto Components,Gurugram
SLK Global Services,4.0,744,BPO,Bengaluru
OLX India,3.8,745,Internet,Gurugram
McKinsey & Company,3.8,743,Management Consulting,Gurugram
GirnarSoft,3.6,743,IT Services & Consulting,Gurugram
Home First Finance Company India,3.5,742,NBFC,Mumbai
Evision Technoserve,4.8,740,IT Services & Consulting,Pune
BDO RISE Private Limited,3.6,741,Accounting & Auditing,Bengaluru
URC Construction,3.6,739,Engineering & Construction,Chennai
Kissht Finance,3.9,738,FinTech,Mumbai
TDK India Private Limited,3.9,737,Semiconductors,Nashik
Nvidia,3.5,736,Hardware & Networking,Pune
Indusind Marketing & Financial Services,3.7,736,Financial Services,Chennai
Tavant Technologies,3.8,735,IT Services & Consulting,Bengaluru
Adidas,3.9,737,Fashion & Textile,Gurugram
Molex,3.8,735,Electronics Manufacturing,Bengaluru
Rentokil Pest Control,3.5,733,Facility Management Services,Mumbai
Expleo Solutions,3.5,732,IT Services & Consulting,Chennai
Bristlecone,3.6,733,IT Services & Consulting,Bengaluru
Bikanervala,3.9,732,FMCG,New Delhi
Medreich,3.9,731,Pharma,Bengaluru
Bahwan CyberTek,3.3,730,IT Services & Consulting,Chennai
Central Bank of India,4.0,728,Banking,Mumbai
Jubilant Ingrevia,3.8,729,Chemicals,Bharuch
DuPont,4.2,727,Waste Management,Hyderabad
Vertex Customer Solutions,3.7,727,IT Services & Consulting,Chennai
Infor Global Solution,3.9,727,Software Product,Hyderabad
Zaalima Development,4.3,727,IT Services & Consulting,Bengaluru
Visteon,3.1,727,Auto Components,Chennai
Lohia Corp,4.1,729,Industrial Machinery,Kanpur
Biba Apparels,3.5,726,Fashion & Textile,New Delhi
Thriveni Earthmovers,3.9,727,Metals & Mining,Jamshedpur
Goodyear,3.5,727,Auto Components,Chhatrapati Sambhajinagar
PrimEra Medical Technologies,3.5,726,IT Services & Consulting,Hyderabad
Cotiviti,3.5,725,Analytics & KPO,Hyderabad
Lavender Technology,4.9,724,IT Services & Consulting,Bengaluru
BSH Home Appliances Group,3.8,724,Consumer Electronics & Appliances,Bengaluru
NecLife,3.5,722,Pharma,Chandigarh
Apple,4.3,723,Consumer Electronics & Appliances,Bengaluru
Gartner,3.8,722,Management Consulting,Gurugram
Vindhya Telelinks,4.0,722,Engineering & Construction,Lucknow
Amrit Cement,3.9,722,Building Material,Guwahati
Diebold Nixdorf,3.6,719,Software Product,Hyderabad
Revolut,2.5,719,FinTech,Bengaluru
Dodla Dairy,4.2,718,Food Processing,Hyderabad
CtrlS,3.6,718,IT Services & Consulting,Hyderabad
TTK Prestige,3.8,720,Consumer Electronics & Appliances,Bengaluru
Lovely Professional University,3.3,718,Education & Training,Jalandhar
TransUnion,3.6,718,Financial Services,Chennai
Wolters Kluwer,3.8,718,Software Product,Pune
ffreedom app,3.4,717,Internet,Bengaluru
Ramky Infrastructure,4.2,717,Engineering & Construction,Hyderabad
Ness Digital Engineering,3.2,717,IT Services & Consulting,Bengaluru
Wow Momo Foods,4.1,717,Hospitality,Kolkata
Progressive Infovision,3.9,717,Recruitment,New Delhi
Moglix,3.3,718,Internet,Noida
YOKOGAWA,3.8,718,Industrial Automation,Bengaluru
Raychem RPG,3.7,717,Electrical Equipment,Mumbai
Asb International,3.7,715,Industrial Machinery,Mumbai
Patel Engineering,4.1,714,Engineering & Construction,Mumbai
Technotask Business Solutions,3.4,713,BPO,Bhopal
uFaber,2.3,713,Education & Training,Mumbai
IHG,3.6,713,Hospitality,New Delhi
Magic Bus India Foundation,3.9,713,Non-Profit,Mumbai
Vizag Steel,3.9,713,Iron & Steel,Visakhapatnam
Nomura Holdings,3.6,713,Investment Banking / Venture Capital / Private Equity,Mumbai
Radico Khaitan,4.0,712,Beverage,Rampur
NephroPlus,3.9,712,Healthcare,Hyderabad
Elite Elevators,4.2,712,Industrial Machinery,Chennai
Wuerth,3.5,711,Industrial Machinery,Pune
Joyalukkas,4.6,712,Retail,Bengaluru
Bisk Farm,4.0,712,Food Processing,Kolkata
Mynd Solutions Private,3.7,710,BPO,Gurugram
Bharat Serums and Vaccines,3.9,709,Pharma,Mumbai
Blue Yonder,3.5,709,Software Product,Bengaluru
PPG Asian Paints,3.8,709,Chemicals,Mumbai
XcelServ Solutions,4.4,708,IT Services & Consulting,New Delhi
SG Analytics,2.5,709,Analytics & KPO,Pune
HRH Next Services,3.0,709,BPO,Hyderabad
Kaar Tech,4.3,707,IT Services & Consulting,Chennai
Capco Technologies,3.8,707,IT Services & Consulting,Bengaluru
Autoliv,3.9,706,Auto Components,Bengaluru
LEAP India Limited,4.6,706,Packaging,Mumbai
Magic EdTech,3.6,706,EdTech,Noida
Csc E Governance Services,3.7,705,Government,New Delhi
Transsion,3.9,705,Consumer Electronics & Appliances,Noida
InternEzy,4.9,704,EdTech,Chennai
Emami Agrotech,3.9,704,Food Processing,Kolkata
Tejas Networks,3.8,705,Hardware & Networking,Bengaluru
Bridgestone - Global Capability Center,4.0,703,Auto Components,Pune
Mahindra Integrated Business Solutions,3.3,703,BPO,Mumbai
TCNS Clothing Company,4.2,702,Fashion & Textile,New Delhi
Rane NSK Steering Systems,3.9,701,Auto Components,Chennai
Keventer,3.7,701,FMCG,Kolkata
NSB Bpo Solutions,2.8,701,BPO,Noida
BASF,4.2,700,Chemicals,Mumbai
Flash Electronics,3.5,700,Electronics Manufacturing,Pune
TVS Electronics,3.6,700,Electronics Manufacturing,Chennai
VRL Logistics,3.8,700,Logistics,Bengaluru
North East Small Finance Bank,3.5,700,Banking,Guwahati
Surya Roshni,4.1,699,Building Material,New Delhi
Quislex Legal Services,4.1,700,Legal,Hyderabad
Titan Eye Plus,4.1,700,Other,Kolkata
BrightCHAMPS,4.3,699,EdTech,Bengaluru
ChannelPlay,3.8,698,Marketing & Advertising,Gurugram
Orient Technologies,3.7,698,IT Services & Consulting,Mumbai
Caparo Engineering India,3.9,699,Auto Components,Chennai
Samunnati,4.5,698,NBFC,Chennai
Triveni Engineering & Industries,4.1,697,Food Processing,Noida
CJ Darcl Logistics Limited,4.0,698,Logistics,Gurugram
Medtronic,3.8,698,Medical Equipment,Hyderabad
Sykes Business Services Of India,3.4,696,BPO,Hyderabad
HSBC Bank,3.9,696,Banking,Bengaluru
Teamlease Digital,3.3,696,Recruitment,Bengaluru
HCL Healthcare,4.5,696,Healthcare,Noida
Leverage Edu,4.0,696,EdTech,Noida
Welspun World,3.7,694,Building Material,Anjar
R.S. Infraprojects,4.0,694,Engineering & Construction,Noida
Testbook.com,3.3,695,EdTech,Noida
Neeyamo Enterprise Solutions,3.5,693,Madurai +10 other locations,
MPS Limited,3.5,693,Content Development,Dehradun
Lionbridge Technologies,3.5,693,Content Development,Mumbai
Wissen Infotech,3.5,692,IT Services & Consulting,Bengaluru
Impetus Technologies,3.2,694,IT Services & Consulting,Indore
PCBL Chemical Limited,3.9,692,Petrochemicals,Vadodara
Livpure,3.8,692,Consumer Electronics & Appliances,Gurugram
Wissen Technology,3.8,691,IT Services & Consulting,Bengaluru
Doosan Power Systems,4.3,691,Power,Gurugram
Orient Cement,4.4,691,Building Material,Hyderabad
Solv,3.4,691,Internet,Bengaluru
Vasudha Pharma Chem,4.0,693,Pharma,Visakhapatnam
SMC Global Securities,3.5,691,Financial Services,New Delhi
Cohesity,3.9,690,Software Product,Pune
Kurlon,4.3,689,Furniture & Furnishing,Bengaluru
ANAROCK Property Consultants,3.5,690,Real Estate,Mumbai
Grihum Housing Finance,3.6,689,NBFC,Pune
Bayer Crop Science Vegetable Seeds,4.2,689,Bengaluru +142 other locations,
Narayana e-Techno School,3.6,689,Education & Training,Bengaluru
CSC,3.6,688,Financial Services,Bengaluru
Dhanuka Agritech,3.7,687,Agro Chemicals,Gurugram
Corteva Agriscience,4.3,688,Agro Chemicals,Hyderabad
Embibe,3.4,685,EdTech,Bengaluru
Office Beacon,4.5,684,BPO,Vadodara
Redington,4.0,684,Hardware & Networking,Chennai
EPL Limited,3.8,683,Packaging,Mumbai
Toppr,3.4,682,EdTech,Mumbai
JoulestoWatts Business Solutions,3.4,682,IT Services & Consulting,Bengaluru
Osource Global,3.5,681,BPO,Mumbai
Saint Gobain Glass,3.9,680,Building Material,Chennai
My Home Industries,4.1,681,Building Material,Hyderabad
Belstar Microfinance,3.9,681,NBFC,Chennai
Housing.com,3.5,680,Internet,Gurugram
Ingram Micro,3.6,679,IT Services & Consulting,Mumbai
Licious,3.5,680,Hospitality,Bengaluru
Krsnaa Diagnostics,3.5,681,Healthcare,Pune
Surin Automotive,3.9,680,Industrial Machinery,Pune
Optimum Infosystem,3.2,679,IT Services & Consulting,Chennai
DeHaat,3.6,678,Internet,Gurugram
Indorama,3.9,678,Agro Chemicals,Haldia
Quess IT Staffing Solutions,3.2,678,Bengaluru +56 other locations,
Sigma Engineered Solutions,3.9,678,Industrial Machinery,Pune
TDS Lithium-Ion Battery,4.2,677,Auto Components,Ahmedabad
Sintex BAPL,3.6,676,Petrochemicals,Ahmedabad
DAV Public School,3.9,675,Education & Training,New Delhi
TCI Express,3.9,675,Logistics,Gurugram
Careon Healthcare Solutions,3.9,675,Medical Equipment,Bengaluru
Government of India,4.2,673,Government,New Delhi
Nihilent,3.2,673,IT Services & Consulting,Pune
Snapdeal,3.6,673,Internet,Gurugram
National Stock Exchange of India,3.5,672,Financial Services,Mumbai
Centaur Pharmaceuticals,3.5,672,Pharma,Pune
Carrier,3.7,671,Industrial Machinery,Hyderabad
Finova Capital,3.9,670,NBFC,Jaipur
Avaada Group,4.3,673,Power,Noida
MAQ Software,3.0,670,IT Services & Consulting,Noida
Omaxe,4.2,669,Real Estate,New Delhi
NextComm Corporation,4.8,669,Software Product,Bengaluru
Chaitanya India Fin Credit,4.1,669,NBFC,Bengaluru
BankBazaar,3.3,668,FinTech,Chennai
PeopleStrong,3.3,668,Recruitment,Gurugram
Quality Austria Central Asia,3.5,668,Other,New Delhi
Corporate Infotech,3.7,668,IT Services & Consulting,New Delhi
Tata Power Delhi Distribution,3.8,667,Power,New Delhi
Future Supply Chain Solutions,4.4,666,Logistics,Nagpur
Anudip Foundation,4.0,666,Non-Profit,Kolkata
Marlabs,3.5,665,IT Services & Consulting,Bengaluru
Suroj Buildcon,4.0,668,Engineering & Construction,Pune
Epicenter Technologies,3.4,664,BPO,Mumbai
NiCE,3.6,665,Software Product,Pune
Kutumbh Care,3.9,664,Recruitment,Noida
Inspirisys Solution,3.7,663,IT Services & Consulting,Chennai
Times Group,3.7,663,Printing & Publishing,Mumbai
Collegedunia,3.2,663,Internet,Gurugram
AML RightSource,2.5,664,IT Services & Consulting,New Delhi
Motilal Oswal Wealth Management,4.4,662,Financial Services,Mumbai
Vikram Solar,3.6,662,Power,Kolkata
FCC Clutch,3.9,662,Auto Components,Gurugram
Healthians,4.0,660,Internet,Gurugram
Yatra,3.3,660,Travel & Tourism,Gurugram
L&T Power,4.0,660,Power,Vadodara
3M,3.9,661,Electronics Manufacturing,Bengaluru
Celebi Aviation Holding,4.0,660,Aviation,New Delhi
RealPage,3.5,660,Software Product,Hyderabad
Hetero Healthcare,3.6,661,Pharma,Hyderabad
Qatar Airways,3.5,662,Aviation,Ahmedabad
Fiat India Automobiles,3.6,659,Automobile,Pune
Pennar Industries,3.5,659,Engineering & Construction,Hyderabad
Myk Laticrete,3.7,660,Building Material,Hyderabad
SOLAR INDUSTRIES INDIA,3.7,658,Defence & Aerospace,Nagpur
Kiya.ai,4.0,659,IT Services & Consulting,Mumbai
Kaizen IT Services,3.8,658,IT Services & Consulting,Kolkata
Ramboll,3.9,659,Engineering & Construction,Gurugram
Airports Authority of India,4.3,659,Aviation,New Delhi
Cogoport,3.2,657,Internet,Mumbai
Gainwell Commosales,4.0,656,Industrial Machinery,Kolkata
Monte Carlo,4.2,656,Fashion & Textile,Ahmedabad
TIAA Global Business Services,3.7,655,Financial Services,Pune
Me n Moms,4.1,656,Retail,Mumbai
Alshaya Group,3.7,654,Retail,Bengaluru
Forbes Marshall,3.9,653,Industrial Machinery,Pune
South Indian Bank,3.3,654,Banking,Kochi
Danfoss Industries,3.8,652,Industrial Machinery,Chennai
GKN,3.9,652,Defence & Aerospace,Pune
Blackrock,3.5,653,Financial Services,Gurugram
ICA Edu Skills,3.8,652,Education & Training,Kolkata
Geojit Financial Services,3.3,653,Financial Services,Kochi
Infinity Learn,4.1,654,EdTech,Hyderabad
ACKO,3.3,652,Insurance,Bengaluru
Philips Innovation Campus,3.7,651,Software Product,Bengaluru
TVS Eurogrip,3.6,651,Auto Components,Madurai
Talentpro,3.8,652,Recruitment,Chennai
The Lalit,3.4,650,Hospitality,New Delhi
Ferrero,3.9,650,Food Processing,Pune
Global Healthcare Billing Partners,3.3,651,BPO,Chennai
Sir H. N. Reliance Foundation Hospital and Research,4.3,650,Healthcare,Mumbai
Adani Cement,3.4,649,Building Material,Ahmedabad
Varun Motors,3.7,649,Automobile,Hyderabad
Uno Mindarika,4.0,649,Auto Components,Gurugram
Sapphire Foods India,3.8,648,Hospitality,Mumbai
InsuranceDekho,3.5,648,Internet,Gurugram
B.L. Kashyap & Sons,3.7,648,Engineering & Construction,Bengaluru
UKB Electronics Limited,3.5,649,Electronics Manufacturing,Noida
Ebixcash Global Services,3.2,648,BPO,Mumbai
ExportersIndia,4.9,647,Internet,New Delhi
IDBI Intech Limited,3.2,647,IT Services & Consulting,Mumbai
NoBrokerHood,2.7,647,Software Product,Bengaluru
Avalon Technologies,3.8,648,Electronics Manufacturing,Chennai
Vyapar,3.6,646,Software Product,Bengaluru
NRB Bearings,4.0,646,Auto Components,Chhatrapati Sambhajinagar
Videocon d2h,3.7,647,Internet,New Delhi
Varthana,4.0,647,NBFC,Bengaluru
Schwing Stetter,3.8,647,Industrial Machinery,Chennai
Electrotherm,4.2,646,Iron & Steel,Ahmedabad
Mount Litera Zee School,3.7,644,Education & Training,Bengaluru
Hamilton Housewares,3.8,645,Consumer Electronics & Appliances,Mumbai
Khazana Jewellery,3.9,643,Jewellery,Chennai
Sandvik Asia,4.1,644,Industrial Machinery,Pune
Manjushree Technopack,3.5,643,Bengaluru +35 other locations,
Tecnimont,3.8,643,Engineering & Construction,Mumbai
Data Entry,4.2,644,BPO,New Delhi
Maharashtra Seamless,3.5,643,Building Material,Mumbai
Reliance Jewels,3.9,643,Jewellery,Mumbai
Sasken,3.5,642,IT Services & Consulting,Bengaluru
Serum Institute of India,4.1,642,Biotechnology,Pune
Central Reserve Police Force,4.6,643,Government,New Delhi
Emids Technologies Limited,3.6,643,IT Services & Consulting,Bengaluru
Action Tesa,3.8,643,Building Material,Sitarganj
Kirloskar Ferrous Industries,3.6,644,Iron & Steel,Koppal
NetConnectGlobal,3.1,641,IT Services & Consulting,Bengaluru
Suraksha Diagnostic,3.6,641,Healthcare,Kolkata
Turbo Energy,4.1,640,Auto Components,Chennai
Continental,3.7,641,Auto Components,Bengaluru
Cashify,3.9,638,Internet,Gurugram
Pyramid IT Consulting,3.1,637,IT Services & Consulting,Noida
Sapiens,3.1,639,Software Product,Bengaluru
EaseMyTrip.com,4.0,635,Travel & Tourism,New Delhi
HDFC Asset Management Company,4.1,635,Financial Services,Mumbai
Trigent Software,3.3,634,IT Services & Consulting,Bengaluru
Suma Soft,3.5,634,IT Services & Consulting,Pune
Annalect,3.4,633,Marketing & Advertising,Bengaluru
Varindera Constructions,4.4,633,Engineering & Construction,New Delhi
Einfochips,3.5,633,IT Services & Consulting,Ahmedabad
Shriram Automall,4.0,632,Internet,New Delhi
HashedIn by Deloitte,3.8,632,IT Services & Consulting,Bengaluru
Eli Lilly and Company,3.2,632,Pharma,Bengaluru
Sterling Oil Exploration & Energy Production,3.5,633,Oil & Gas,Lagos
Nucleus Software Exports,3.1,632,Software Product,Noida
Finastra,3.6,631,Software Product,Bengaluru
Kajaria Ceramics,3.8,631,Building Material,New Delhi
Dr. Batras' Positive Health Clinic,3.7,631,Healthcare,Mumbai
Nspira Management Services,3.7,632,Management Consulting,Hyderabad
Medcode,3.7,631,IT Services & Consulting,Hyderabad
Godrej Industries,4.0,630,Real Estate,Mumbai
Sl Lumax,3.5,632,Auto Components,Chennai
Finolex Industries,3.7,630,Building Material,Pune
Royaloak Incorporation,3.6,630,Furniture & Furnishing,Bengaluru
Jubilant Agri and Consumer Products,4.0,629,Chemicals,Gurugram
CSM Technologies,4.0,629,IT Services & Consulting,Bhubaneswar
IRB Infrastructure,3.9,629,Engineering & Construction,Mumbai
Renovision Automation Services,3.3,628,IT Services & Consulting,New Delhi
Crowne Plaza,4.1,628,Hospitality,New Delhi
Fiem Industries,3.7,628,Auto Components,Hosur
Sudarshan Chemical Industries,3.8,628,Chemicals,Roha
Okaya Power,3.8,631,Electronics Manufacturing,New Delhi
Aster Dm Healthcare,3.7,627,Healthcare,Bengaluru
Shivam Autotech,3.5,626,Auto Components,Gurugram
Mrs Bector's Food Specialities,3.8,627,Hospitality,Greater Noida
Super Smelters,3.7,625,Iron & Steel,Asansol
ITC Limited Foods Division,3.9,625,Food Processing,Bengaluru
C5i,4.2,625,Analytics & KPO,Bengaluru
Sintex Industries,3.9,625,Industrial Machinery,Ahmedabad
The Saraswat Co-operative Bank,3.2,626,Banking,Mumbai
Cyfuture,2.9,627,Emerging Technologies,Noida
Heidelberg Cement,4.0,625,Building Material,Damoh
Hpl Electric & Power,3.8,625,Electrical Equipment,Gurugram
Rocket India,4.0,624,Financial Services,Chennai
Mavenir Systems,3.4,623,IT Services & Consulting,Bengaluru
Gestamp,3.7,623,Auto Components,Pune
Family Health Plan,3.7,622,Insurance,Hyderabad
Karvy Stock Broking,3.6,622,Hyderabad +107 other locations,
Becton Dickinson,3.9,622,Medical Equipment,Bengaluru
Toyoda Gosei Minda,4.2,622,Auto Components,Neemrana
BMC Software,3.9,621,Software Product,Pune
FNP,3.7,622,Retail,New Delhi
Bharat Biotech International,3.1,623,Biotechnology,Hyderabad
BT E Serv,3.9,621,BPO,Kolkata
ThoughtWorks,4.0,620,IT Services & Consulting,Bengaluru
Ongc Petro Additions,4.0,620,Petrochemicals,Bharuch
Consulting Engineers Group,4.0,620,Engineering & Construction,Jaipur
Paytm Payments Services,3.2,620,FinTech,Noida
IKEA,4.0,620,Retail,Bengaluru
Pinnacle,3.4,619,IT Services & Consulting,Durgapur
Jayaswal Neco Industries Limited,4.1,618,Iron & Steel,Raipur
AgroStar,4.0,618,Agriculture,Pune
Ofbusiness,3.0,618,Internet,Gurugram
Netmeds.com,3.9,619,Pharma,Chennai
Anmol Industries,3.9,618,FMCG,Kolkata
VDA Infosolutions,3.8,617,IT Services & Consulting,Pune
DHL Global Forwarding,3.8,618,Logistics,Chennai
CSG International,3.4,616,IT Services & Consulting,Bengaluru
HLL Lifecare,3.7,616,Healthcare,Thiruvananthapuram
Jain Irrigation Systems,3.6,615,Agriculture,Jalgaon
Grab A Grub Services,4.0,616,Logistics,Mumbai
BAXY Limited,3.9,616,Auto Components,Bhiwadi
EdgeVerve Systems,3.2,615,Software Product,Bengaluru
Hitachi Systems Micro Clinic,4.0,615,IT Services & Consulting,Mumbai
APL Apollo Tubes,4.1,615,Iron & Steel,Raipur
United Colors of Benetton,4.4,613,Fashion & Textile,Gurugram
Allianz Services,4.0,613,Insurance,Thiruvananthapuram
Royal Caribbean International,4.1,612,Travel & Tourism,Mumbai
Aurionpro Solutions,3.4,612,Software Product,Mumbai
Perficient,3.7,612,IT Services & Consulting,Chennai
Laxmi Organic Industries,3.6,611,Chemicals,Mahad
Hettich,3.6,612,Furniture & Furnishing,Mumbai
Expleo Group,3.5,612,IT Services & Consulting,Pune
Holiday Inn,3.8,611,Hospitality,New Delhi
Lulu International Shopping Mall,3.7,612,Retail,Bengaluru
DealShare,3.5,611,Internet,Bengaluru
Blackberrys,3.7,610,Fashion & Textile,Gurugram
Accion Labs,3.5,611,IT Services & Consulting,Bengaluru
Kauvery Hospital,3.9,610,Healthcare,Chennai
Carnival Cruise Lines,4.1,609,Travel & Tourism,Mumbai
Premier Energies,4.0,609,Electronics Manufacturing,Hyderabad
MothersonSumi INfotech & Designs,3.4,609,IT Services & Consulting,Noida
Vedang Cellular Services,3.8,610,Telecom,Mumbai
Pathkind Diagnostics Private Limited,3.9,608,Healthcare,New Delhi
Jaipur Rugs,4.2,608,Fashion & Textile,Jaipur
Dhani Services,3.6,607,Mumbai +80 other locations,
SIS Prosegur Holdings,3.4,607,Law Enforcement & Security,New Delhi
Iron Mountain Inc,3.7,606,IT Services & Consulting,Bengaluru
Orra Fine Jewellery,3.5,606,Jewellery,Mumbai
Dr. Reddy's Foundation,3.7,605,Non-Profit,Hyderabad
Apitoria Pharma,4.2,605,Pharma,Hyderabad
Inspira Enterprise India Limited,3.6,605,IT Services & Consulting,Mumbai
Ambit Finvest,4.0,604,NBFC,Mumbai
Polaris Consulting,4.2,603,IT Services & Consulting,Hyderabad
QSpiders,3.7,603,Education & Training,Bengaluru
Colt Technology Services,4.2,602,Hardware & Networking,Gurugram
IDP Education Limited,3.6,602,Education & Training,Chennai
NLC India Limited,4.4,601,Metals & Mining,Neyveli
Ascent HR Technologies Private Limited,3.6,602,Software Product,Bengaluru
Vadilal Industries,4.1,600,FMCG,Ahmedabad
Medley Pharmaceuticals,3.8,600,Pharma,Mumbai
Fenesta Building Systems,4.0,601,Building Material,Gurugram
IKF Finance,4.0,600,Financial Services,Hyderabad
ArcelorMittal,4.0,600,Iron & Steel,Surat
Excitel Broadband,3.7,599,Telecom,New Delhi
Bridge & Roof Co,3.4,598,Engineering & Construction,Kolkata
HUDL,3.2,600,Software Product,Mumbai
Cvent,3.2,598,Software Product,Gurugram
Vindhya e-Info Media,4.0,599,BPO,Bengaluru
Coal India,3.9,599,Metals & Mining,Kolkata
Gandhi Automations,3.9,597,Industrial Machinery,Mumbai
PTC,4.2,597,Software Product,Pune
Congruex Asia Pacific,3.7,597,Engineering & Construction,Sahibzada Ajit Singh Nagar
PayU Payments,3.3,597,FinTech,Gurugram
Pamac Finserve,3.1,597,BPO,Mumbai
Country Delight,3.9,596,Hospitality,Gurugram
ShareChat,3.6,595,Internet,Bengaluru
Prochant,3.8,595,Analytics & KPO,Chennai
Saudi Aramco,4.4,595,Oil & Gas,Mumbai
Maharashtra State Electricity Distribution Company,4.2,595,Power,Pune
Magma General Insurance Limited,3.7,595,Insurance,Mumbai
Columbia Asia,4.6,594,Healthcare,Bengaluru
Ugam Solution,3.5,594,IT Services & Consulting,Mumbai
Empower,4.0,594,Financial Services,Bengaluru
Efs Facilities Services,3.8,594,Facility Management Services,New Delhi
SAEL Industries Limited,3.9,595,Power,New Delhi
Sandoz,3.9,594,Pharma,Hyderabad
PureSoftware,2.9,594,Software Product,Noida
Equifax,4.0,595,FinTech,Pune
Crystal Crop Protection,3.8,593,Agro Chemicals,New Delhi
Jindal Poly Films,3.6,592,Packaging,Nashik
Jubilant Generics,4.0,592,Pharma,Roorkee
Capital Numbers Infotech,4.1,591,IT Services & Consulting,Kolkata
MR.DIY,3.4,595,Retail,Mumbai
Kellogg,4.2,591,FMCG,Mumbai
UTL Solar,3.5,591,Electronics Manufacturing,New Delhi
Titan Engineering & Automation,3.8,591,Engineering & Construction,Hosur
Damco Solutions,3.4,591,IT Services & Consulting,Noida
Axiscades,3.1,591,IT Services & Consulting,Bengaluru
AVTEC,3.5,590,Auto Components,Hosur
McCain Foods,4.1,591,FMCG,Mahesana
Matrimonialsindia,4.9,590,Internet,New Delhi
Alcon,3.8,590,Medical Equipment,Bengaluru
Army Public School,4.0,590,Education & Training,New Delhi
Unified Mentor,4.0,589,IT Services & Consulting,Bengaluru
Paramount Health Services Tpa,3.9,590,Insurance,Mumbai
Prestige Group,4.3,589,Real Estate,Bengaluru
BEML,3.6,590,Industrial Machinery,Bengaluru
Vishwa Samudra Engineering,3.6,588,Engineering & Construction,Hyderabad
Voyants Solutions,3.6,588,Engineering & Construction,Gurugram
smartData Enterprises,3.8,587,IT Services & Consulting,Nagpur
Hilton,4.2,587,Hospitality,Bengaluru
Maxop Engineering Co.,4.1,587,Auto Components,Gurugram
J K Fenner,3.8,588,Engineering & Construction,Chennai
Quest Retail Private Limited,3.9,586,Retail,Gurugram
BUSINESSNEXT,3.4,587,Software Product,Noida
Wood Group,3.8,586,Engineering & Construction,Chennai
Genesys International Corporation,3.2,586,IT Services & Consulting,Mumbai
Andritz Hydro Location India,3.9,586,Industrial Machinery,Chennai
NAV Backoffice,3.9,586,Accounting & Auditing,Jaipur
Baker Hughes,4.0,586,Oil & Gas,Bengaluru
Mahendra NextWealth IT,3.3,584,IT Services & Consulting,Salem
Icl Fincorp,4.7,584,NBFC,Thrissur
AM Infoweb,3.9,585,BPO,Pune
Western Refrigeration,3.8,584,Industrial Machinery,Vapi
Dishman Carbogen Amcis,3.6,583,Pharma,Ahmedabad
Datamatics Business Solutions,3.3,583,Management Consulting,Mumbai
AVIOM,4.0,581,NBFC,New Delhi
Lear Corporation,4.0,582,Auto Components,Pune
Applied Materials,3.7,583,Semiconductors,Bengaluru
TSYS|Total System Services,4.1,581,FinTech,Pune
Hitachi Cash Management Services,3.2,582,Other,Mumbai
Toyota Industries Engine India,4.3,582,Auto Components,Bengaluru
GAMMON INDIA,3.8,580,Engineering & Construction,Mumbai
Paras Dairy,3.4,579,Food Processing,New Delhi
Marelli,3.5,580,Auto Components,Gurugram
Transport Corporation Of India,3.8,579,Logistics,Gurugram
Bajaj Consumer Care,3.8,580,FMCG,Mumbai
FiveS Digital,3.3,579,BPO,Jamshedpur
HBL Power Systems,4.0,577,Electrical Equipment,Hyderabad
DB Schenker,4.3,577,Logistics,Gurugram
Kirloskar Pneumatic,4.0,576,Industrial Machinery,Pune
Levi Strauss & Co.,4.2,576,Fashion & Textile,Bengaluru
Carlsberg,3.9,576,Beverage,Gurugram
WayCool Foods and Products,3.4,575,FMCG,Chennai
Amway India Enterprises,4.1,576,Fitness & Wellness,Gurugram
Hitachi Systems,4.0,578,IT Services & Consulting,Mumbai
Harman Finochem,3.6,576,Pharma,Chhatrapati Sambhajinagar
LendingKart,3.6,575,NBFC,Ahmedabad
WPP Media,3.5,575,Marketing & Advertising,Gurugram
Infotact Solutions,4.4,575,IT Services & Consulting,Bengaluru
Larsen & Toubro Group,4.0,574,Engineering & Construction,Chennai
Indecomm Global Services,4.1,574,IT Services & Consulting,Bengaluru
"DATAMARK, Inc.",3.5,574,BPO,Chennai
SoftAge Information Technology,3.6,574,IT Services & Consulting,Gurugram
Navin Fluorine International,3.8,574,Chemicals,Surat
MITS Global Consulting,4.5,574,Recruitment,Mumbai
Renault,3.9,573,Automobile,Chennai
AVEVA,3.9,573,Software Product,Hyderabad
Haldiram Snacks,3.8,575,Food Processing,Noida
Solara Active Pharma Sciences,3.7,572,Pharma,Visakhapatnam
Innovaccer,2.7,571,Software Product,Noida
Virtual Employee,3.2,570,Recruitment,Noida
Amara Raja Infra,4.0,570,Engineering & Construction,Hyderabad
Macawber Beekay,4.2,568,Industrial Machinery,Noida
Vimta Labs,3.3,568,Clinical Research,Hyderabad
The Times of India,3.6,568,Media & Entertainment,New Delhi
GSPANN Technologies,4.0,568,IT Services & Consulting,Hyderabad
Allianz Partners,3.7,568,Insurance,Gurugram
L & W Constructions,4.0,569,Engineering & Construction,Bengaluru
My Home Constructions,4.3,568,Real Estate,Hyderabad
Roop Polymers,3.9,569,Auto Components,Gurugram
Micromax Informatics,3.9,567,Consumer Electronics & Appliances,New Delhi
Toothsi,2.7,567,Internet,Mumbai
Bharat Fritz Werner,3.9,566,Industrial Machinery,Bengaluru
Craftsman Automation,3.7,566,Auto Components,Coimbatore
MUTHOOT HOMEFIN (I) LTD.,3.8,566,NBFC,Mumbai
Kellogg Brown and Root,4.1,566,Engineering & Construction,Chennai
Innominds Software,3.2,565,IT Services & Consulting,Hyderabad
Herbalife International,4.0,566,Healthcare,Bengaluru
United Spirits,4.0,564,Beverage,Bengaluru
Artemis Hospitals,4.1,564,Healthcare,Gurugram
Saksoft,3.4,565,IT Services & Consulting,Bengaluru
Sulzer,3.9,563,Industrial Machinery,Pune
Practo,2.9,563,Internet,Bengaluru
Regalix,2.7,563,Marketing & Advertising,Hyderabad
Innovatiview India Ltd,4.2,564,Emerging Technologies,Noida
BLK Super Speciality Hospital,3.9,564,Healthcare,New Delhi
Tracxn,2.5,562,Internet,Bengaluru
RAK Ceramics,3.7,563,Building Material,Mumbai
Enco Engineers Combine,3.7,562,Auto Components,Gurugram
RuralShores,3.7,561,BPO,Bengaluru
Unimoni,3.9,561,Travel & Tourism,Chennai
Courtyard by Marriott,4.3,561,Hospitality,Mumbai
Welspun Enterprises,4.1,561,Engineering & Construction,Mumbai
Brigade Group,4.0,560,Real Estate,Bengaluru
Offshore Infrastructures,4.1,561,Engineering & Construction,Mumbai
Indian Bank,3.4,559,Banking,Chennai
Legrand,3.7,559,Electrical Equipment,Mumbai
Yokohama,3.5,559,Auto Components,Bahadurgarh
Head Field Solutions,4.3,558,Recruitment,Noida
Fena,4.0,559,FMCG,New Delhi
Vidal Health Insurance,3.6,558,Insurance,Bengaluru
Statusneo,4.1,564,IT Services & Consulting,Gurugram
National Australia Bank,3.0,558,Banking,Gurugram
DFM Foods,4.0,557,FMCG,New Delhi
BOBCARD Ltd.,4.0,556,NBFC,Mumbai
Propertypistol Realty,3.8,556,Internet,Mumbai
Ralson Tyres Limited,3.7,556,Auto Components,Ludhiana
PC Solutions,4.4,555,IT Services & Consulting,New Delhi
Kidzee,4.0,555,EdTech,Kolkata
GUS Education India,3.1,556,Education & Training,Hyderabad
ThoughtSol Infotech Limited,4.6,555,IT Services & Consulting,New Delhi
Eicher Motors,4.0,555,Automobile,Indore
Inox Wind,3.8,554,Power,Noida
General Motors,4.0,554,Automobile,Pune
Scaler Academy,3.5,555,EdTech,Bengaluru
FMC Corporation,3.9,554,Agro Chemicals,Bharuch
Voya India,3.7,554,Financial Services,Bengaluru
Sterling,4.0,554,Healthcare,Mumbai
Zolo,3.4,554,Internet,Bengaluru
Hi Tech Gears,4.0,553,Auto Components,Bhiwadi
Micron Electricals,4.1,554,Engineering & Construction,Bengaluru
Z X Learning,4.3,553,EdTech,Lucknow
RadiSys,3.7,553,Telecom,Bengaluru
Utility Powertech,3.9,552,Power,New Delhi
Sanmina Sci,4.1,552,Electronics Manufacturing,Chennai
NMDC Limited,4.1,552,Metals & Mining,Jagdalpur
Insolutions Global,3.3,553,FinTech,Mumbai
Mobikwik,3.3,554,FinTech,Gurugram
Gayatri Projects,4.0,552,Engineering & Construction,Hyderabad
Tuaman Engineering,4.3,552,Engineering & Construction,Kolkata
Adda 247,3.4,551,EdTech,Gurugram
Hafele,3.9,550,Furniture & Furnishing,Mumbai
Maini Precision Products,3.4,550,Auto Components,Bengaluru
Dusters Total Solutions Services,3.9,551,Facility Management Services,Bengaluru
Capital Business Systems,3.5,551,IT Services & Consulting,New Delhi
Pierian Services,3.2,550,Management Consulting,Bengaluru
Aptus Value Housing Finance India,4.0,549,NBFC,Chennai
Bharat Gears,4.0,549,Auto Components,Faridabad
Reliance Life Sciences,3.7,549,Clinical Research,Mumbai
Emaar India Limited,3.5,549,Real Estate,Gurugram
Spectrum Talent Management,3.6,549,Recruitment,Noida
Pitti Engineering,3.7,549,Industrial Machinery,Hyderabad
Dr. Agarwal's Eye Hospital,3.7,549,Healthcare,Chennai
Zycus Infotech,2.5,548,Software Product,Mumbai
ExxonMobil,3.7,547,Oil & Gas,Bengaluru
RSM India,3.3,548,Accounting & Auditing,Mumbai
Suprajit Engineering,3.8,546,Auto Components,Bengaluru
Canon,4.0,546,Consumer Electronics & Appliances,Gurugram
RSB Transmissions,3.9,546,Auto Components,Pune
Maxgen Technologies,4.5,546,IT Services & Consulting,Pune
Webskitters,3.8,555,IT Services & Consulting,Kolkata
Vedanta Resources,3.6,544,Metals & Mining,Udaipur
OutworX,3.5,545,IT Services & Consulting,Pune
Hamdard,3.9,545,FMCG,New Delhi
Castrol,4.3,544,Petrochemicals,Mumbai
Atomberg Technologies,3.8,544,Consumer Electronics & Appliances,Pune
RMC Readymix,3.6,546,Building Material,Mumbai
5paisa Capital Ltd.,4.1,543,Financial Services,Mumbai
Mecon,3.8,542,Metals & Mining,Ranchi
Dhani Healthcare,3.4,541,FinTech,Gurugram
Cpf India,4.0,542,Food Processing,Bengaluru
V.S.T Tillers Tractors,3.5,541,Industrial Machinery,Bengaluru
Chemplast Sanmar,3.4,541,Chemicals,Salem
S P Singla Constructions,3.4,540,Engineering & Construction,Patna
N.C.L. Industries,3.7,540,Building Material,Hyderabad
BharatPe,3.3,541,FinTech,Gurugram
Insuremile,4.7,539,Internet,Bengaluru
CompuCom,3.8,539,IT Services & Consulting,Pune
Systra Consulting,4.0,539,Engineering & Construction,New Delhi
Consero Global Solutions,3.0,539,Financial Services,Bengaluru
Metalman Auto,3.8,539,Auto Components,Chhatrapati Sambhajinagar
Alight Solutions,3.2,538,IT Services & Consulting,Gurugram
Uttar Pradesh Power Corporation,4.0,537,Power,Lucknow
SunTec Web Services,3.2,538,BPO,New Delhi
Infiniti Research,3.3,537,Analytics & KPO,Bengaluru
F1 Info Solutions and Services,3.6,537,IT Services & Consulting,Noida
Stylebaazar,3.9,537,Retail,Kolkata
Satyam Auto Components,3.8,536,Auto Components,Gurugram
Kokilaben Dhirubhai Ambani Hospital,3.8,536,Healthcare,Mumbai
Vestige,4.3,536,Fitness & Wellness,New Delhi
Sheela Foam,4.0,536,Furniture & Furnishing,Noida
WAA SOLAR,5.0,2,Power,New Delhi
Bharti Infratel,4.7,535,Telecom,Gurugram
CDK Global,3.8,535,IT Services & Consulting,Hyderabad
Morepen Laboratories,3.8,535,Pharma,New Delhi
Wellness Forever Medicare,3.8,535,Retail,Mumbai
Metro Group of Hospitals,3.8,535,Healthcare,New Delhi
Coats,3.6,534,Fashion & Textile,Bengaluru
House Of Anita Dongre,3.9,534,Fashion & Textile,Mumbai
African Industries,4.0,534,Iron & Steel,Lagos
Dalmia Bharat Group,3.8,533,Building Material,New Delhi
Macquarie Group,3.1,533,Financial Services,Gurugram
Wockhardt Hospital,3.8,533,Healthcare,Mumbai
Williams Lea,3.6,533,BPO,Chennai
Chaayos,3.3,533,Hospitality,New Delhi
JK Tech,3.8,532,IT Services & Consulting,Bengaluru
Metriqe Solutions,3.9,532,BPO,Chennai
Stock Holding Corporation of India,3.6,531,Financial Services,Mumbai
Galaxy Surfactants,3.9,531,Chemicals,Mumbai
Amar Ujala,3.8,532,Printing & Publishing,Noida
Hitech Projects Limited,4.6,531,Engineering & Construction,Ahmedabad
DM Immigration Consultant,1.0,530,Other,Bengaluru
TÜV Rheinland,4.2,530,"Testing, Inspection and Certification (TIC)",Bengaluru
EC-Council,4.0,530,EdTech,Hyderabad
India Private Driver,,--,Travel & Tourism,Pune
AT&T,3.7,529,Telecom,Bengaluru
Ramraj Cotton,4.0,529,Fashion & Textile,Tiruppur
Addverb Technologies,3.5,530,Industrial Automation,Noida
FinThrive,3.4,530,Analytics & KPO,New Delhi
Jindal Power Limited,4.2,528,Power,Raigarh
LearningMate Solutions,2.9,528,EdTech,Mumbai
Safari Industries India,4.0,528,Retail,Mumbai
Lakme,4.2,528,Beauty & Personal Care,Mumbai
HSBC Global Banking and Markets,3.9,529,Banking,Bengaluru
Hero Cycles,3.2,527,Automobile,Ludhiana
Foray Software,3.5,527,IT Services & Consulting,Hyderabad
Signature Global,3.8,527,Real Estate,Gurugram
CMR Green Technologies,3.4,526,Metals & Mining,Faridabad
Akal Information Systems,4.4,527,Software Product,New Delhi
CTS Consulting & Technical Support,3.7,526,Engineering & Construction,Chennai
Telenor,4.1,526,Telecom,Gurugram
Muthoot MCred,3.4,527,NBFC,Bengaluru
Micron Technology,3.7,526,Semiconductors,Hyderabad
Ascent Business Solutions,3.4,526,Healthcare,Hyderabad
Walkaroo International,3.6,527,Fashion & Textile,Coimbatore
Great Learning,3.4,526,EdTech,Bengaluru
MathCo,3.2,526,Analytics & KPO,Bengaluru
Ge India Industrial,4.1,525,Industrial Machinery,Pune
Ziqitza Health Care,3.9,525,Healthcare,Mumbai
Vivanta by Taj,4.2,524,Hospitality,New Delhi
Kalyani Technoforge,3.9,526,Auto Components,Pune
PEGATRON,3.9,526,Electronics Manufacturing,Chennai
BKT Tyres,4.2,524,Auto Components,Bhuj
MindGate Solutions,3.1,524,IT Services & Consulting,Mumbai
Hindusthan National Glass,3.8,523,Packaging,Bahadurgarh
Tradeshala,4.5,522,Education & Training,Bengaluru
ACTE,4.6,522,Education & Training,Chennai
Alchemy Techsol India,3.4,524,IT Services & Consulting,Bengaluru
Axa XL,3.7,522,Insurance,Gurugram
Nivea,4.1,523,Beauty & Personal Care,Mumbai
Gyan Dairy,4.0,521,Food Processing,Lucknow
Securitas,3.8,521,Law Enforcement & Security,Gurugram
ATS Infrastructure,4.1,520,Real Estate,Noida
Johnson Matthey,3.8,520,Metals & Mining,Gurugram
Karvy Data Management Services,4.0,520,Analytics & KPO,Hyderabad
InCred Finance,3.8,521,NBFC,Mumbai
ServiceNow,3.8,520,Software Product,Hyderabad
Bluestone.com,3.3,520,Jewellery,Bengaluru
Mobile Programming,2.8,519,IT Services & Consulting,Bengaluru
RapiPay,3.6,519,FinTech,Noida
Aparna Enterprises,3.9,520,Building Material,Hyderabad
BCG,3.6,519,Management Consulting,Gurugram
ZEISS India,3.7,519,Industrial Machinery,Bengaluru
Rusan Pharma,3.4,519,Pharma,Dehradun
Protium Finance,3.7,519,NBFC,Mumbai
Lotus Herbals Private Limited,4.1,518,Beauty & Personal Care,New Delhi
Deloitte Digital,3.7,518,IT Services & Consulting,Bengaluru
OMICS International,2.5,517,Printing & Publishing,Hyderabad
Communications Test Design,3.7,517,IT Services & Consulting,Bengaluru
Yardi Systems,3.6,517,Software Product,Pune
Epiroc,4.0,517,Industrial Machinery,Bengaluru
Realty Assistant,3.7,517,Real Estate,Noida
DiGibizz,,--,Mumbai +162 other locations,
Quikr,3.6,516,Internet,Bengaluru
Sarovar Hotels & Resorts,4.0,517,Hospitality,New Delhi
QUICK HEAL TECHNOLOGIES,3.6,516,Software Product,Pune
Cuemath,3.4,515,EdTech,Bengaluru
Ministry of Defence,4.4,515,Government,New Delhi
TRINAMIX,4.4,515,IT Services & Consulting,Pune
QHTalbros,3.8,516,Auto Components,Gurugram
Orcapod Consulting Services,2.9,516,IT Services & Consulting,Hyderabad
LIC Housing Finance,3.9,515,NBFC,Mumbai
Poorvika Mobiles,3.9,515,Retail,Chennai
Athenahealth Technology,3.9,515,Hospitality,Chennai
Markets and Markets,2.7,514,Analytics & KPO,Pune
Mars International India,4.2,514,Food Processing,Hyderabad
Vishvaraj Environment,4.1,513,Waste Management,Nagpur
ASM Technologies,3.4,513,Engineering & Construction,Bengaluru
Pace Setters Business Solutions,3.4,512,BPO,Mumbai
Cairn Vedanta Oil and Gas,3.7,512,Oil & Gas,Barmer
Rakuten,3.5,512,Internet,Bengaluru
Voltech,3.5,512,Electrical Equipment,Chennai
Nelito System,3.2,511,IT Services & Consulting,Mumbai
Tractebel,4.1,512,Power,Gurugram
IDS Infotech,3.8,511,IT Services & Consulting,Chandigarh
Hinduja Tech,3.1,511,IT Services & Consulting,Chennai
Par Health,4.2,510,Pharma,Indore
Centum Learning,3.8,510,Education & Training,New Delhi
TAO Digital,3.5,511,IT Services & Consulting,Hyderabad
LogixHealth,3.4,510,Analytics & KPO,Bengaluru
Sri Krishna Pharmaceuticals,3.9,510,Pharma,Hyderabad
Techwave Consulting,3.6,510,IT Services & Consulting,Hyderabad
Gilbarco Veeder Root,3.7,509,Industrial Machinery,Mumbai
Iol Chemicals & Pharmaceuticals,3.8,509,Pharma,Barnala
Pepperfry,3.0,508,Hospitality,Mumbai
Leighton Contractors,4.0,508,Engineering & Construction,Mumbai
QBurst Technologies,4.2,507,Software Product,Kochi
N+A,3.8,508,Financial Services,Bengaluru
Emerson Electric Co.,4.0,507,Software Product,Pune
2COMS,3.1,507,Recruitment,Kolkata
EID Parry (India),3.9,506,Food Processing,Chennai
Kirby Building Systems,3.9,506,Building Material,Hyderabad
Comcast,3.9,506,Telecom,Chennai
Infovision,3.6,506,IT Services & Consulting,Pune
Global Autotech,3.9,506,Auto Components,Greater Noida
KRBL Limited,3.8,506,Food Processing,Noida
Moon Beverages,3.8,506,Beverage,New Delhi
Varuna Integrated Logistics,3.7,505,Logistics,Gurugram
CARE,4.3,505,Non-Profit,Patna
MediBuddy,3.3,505,Internet,Bengaluru
Value Point Systems,3.5,505,IT Services & Consulting,Bengaluru
India Post,3.7,505,Government,Bengaluru
Saxo Bank,3.8,506,Banking,Gurugram
BharatMatrimony.com,3.9,505,Internet,Chennai
Avalara Technologies,2.8,502,Software Product,Pune
Texmo Industries,3.7,503,Industrial Machinery,Coimbatore
Invesco,3.6,503,Financial Services,Hyderabad
CollegeDekho,2.7,505,EdTech,Gurugram
Romsons Group Of Industries,3.7,504,Medical Equipment,Agra
House of EdTech,4.2,503,Marketing & Advertising,Kolkata
Visa,3.4,502,FinTech,Bengaluru
Namaste India Foods,4.0,503,Food Processing,Kanpur
L. N. Malviya Infra Projects Group,3.1,502,Engineering & Construction,Bhopal
Allana Group of Companies,3.7,503,Food Processing,Mumbai
Welspun Transformation Services Limited,4.1,502,IT Services & Consulting,Ahmedabad
Mahanagar Gas,4.2,502,Oil & Gas,Mumbai
Vakrangee,3.6,501,BPO,Mumbai
India Glycols,4.0,501,Chemicals,Kashipur
Encube Ethicals,3.7,501,Pharma,Mumbai
Knowledgeworks Global,2.9,501,Printing & Publishing,Mumbai
Jiva Ayurvedic Pharmacy,3.8,502,Faridabad +46 other locations,
Symbiotec Pharmalab,3.9,501,Pharma,Indore
Siemens Healthineers,3.9,500,Healthcare,Bengaluru
Flowserve,3.7,500,Industrial Machinery,Bengaluru
Cosmo Films,3.7,499,Packaging,Chhatrapati Sambhajinagar
Buzzworks Business Services,3.6,500,Recruitment,Chennai
Kellton,2.9,500,IT Services & Consulting,Gurugram
Otsuka Pharmaceutical India Private Limited,4.1,499,Pharma,Ahmedabad
C-Edge Technologies,3.7,499,IT Services & Consulting,Mumbai
Titagarh Rail Systems,2.6,502,Railways,Kolkata
Medikabazaar,4.2,500,Medical Equipment,Mumbai
Equiniti,3.6,499,Financial Services,Chennai
NTPC GE Power Services,3.9,499,Power,Jharsuguda
Future Lifestyle Fashion,4.2,498,Retail,Bengaluru
Paradeep Phosphates,3.8,499,Agro Chemicals,Paradip
WM Universal Solutions Private Limited,3.6,498,Waste Management,Indore
Maersk Line,4.0,498,Logistics,Pune
Samsung Display,3.7,498,Electronics Manufacturing,Noida
Everforth Quinnox,3.9,498,IT Services & Consulting,Bengaluru
Ppap Automotive,3.7,497,Auto Components,Noida
AIG Hospital,4.2,498,Healthcare,Hyderabad
Think Gas Ludhiana,3.6,497,Oil & Gas,Chennai
Mediamint,2.8,497,Marketing & Advertising,Hyderabad
GD Goenka Public School,3.3,497,Education & Training,New Delhi
Common Service Centres,4.4,497,Government,New Delhi
SUEZ Group,4.2,496,Waste Management,New Delhi
HealthifyMe,2.7,496,Internet,Bengaluru
Lite Bite Foods,4.4,496,Hospitality,New Delhi
Aditya Birla Housing Finance,3.8,495,NBFC,Mumbai
Matrix Business Services,3.5,495,Analytics & KPO,Chennai
NJ India Invest,3.7,495,Financial Services,Surat
Technico Industries,3.6,494,Auto Components,Gurugram
SBI Mutual Fund,3.7,495,Financial Services,Mumbai
Fynd,2.9,494,Software Product,Mumbai
Thales,3.5,496,Defence & Aerospace,Noida
Giesecke & Devrient,3.4,493,IT Services & Consulting,Gurugram
Bira 91,3.3,493,Beverage,New Delhi
Alpla,3.9,492,Packaging,Hyderabad
Juniper Networks,4.2,492,Hardware & Networking,Bengaluru
Jumbotail Technologies,3.6,492,Retail,Bengaluru
Bridgestone India Automotive Products,4.1,491,Auto Components,Gurugram
Numeric UPS,4.0,491,Electrical Equipment,Chennai
ESDS Software Solutions,3.3,490,IT Services & Consulting,Nashik
Akamai Technologies,4.4,490,Software Product,Bengaluru
Clove Dental,4.0,490,Healthcare,New Delhi
Xanadu,3.6,490,Real Estate,Mumbai
Aludecor Lamination,3.8,492,Building Material,Haridwar
Grindwell Norton,3.6,490,Industrial Machinery,Bengaluru
Mediterranean Shipping Company,4.0,490,Ports & Shipping,Chennai
RND Softech,3.1,491,BPO,Coimbatore
Plastic Omnium,3.7,490,Automobile,Pune
Godrej Interio,3.9,489,Furniture & Furnishing,Mumbai
Gopal Snacks Limited,4.2,489,FMCG,Rajkot
Clix Capital Services,4.0,489,NBFC,Gurugram
Ivrcl Infrastructures & Projects,4.3,488,Engineering & Construction,Hyderabad
Cadbury,4.3,488,Food Processing,Mumbai
Go First,3.9,488,Aviation,Mumbai
TresVista,2.3,488,Analytics & KPO,Pune
ZF Friedrichshafen,3.8,488,Auto Components,Chennai
Trimax IT Infrastructure Services,3.7,487,IT Services & Consulting,Mumbai
Sany Heavy Industry,3.6,487,Industrial Machinery,Pune
Kaynes Technology,3.1,487,Electronics Manufacturing,Mysuru
Honda Logistics,3.5,487,Logistics,Bhiwadi
National Commodities Management Services,4.0,487,Agriculture,Gurugram
Onshore Construction,3.7,487,Engineering & Construction,Mumbai
Dow Chemical International Private Limited,3.5,487,Chemicals,Mumbai
Cloud4C,3.5,487,IT Services & Consulting,Hyderabad
Westin,4.1,486,Hospitality,Mumbai
Xerox,3.7,486,Printing & Publishing,Bengaluru
Sadbhav Engineering,4.2,485,Engineering & Construction,Ahmedabad
MKC Infrastructure Ltd.,3.4,485,Engineering & Construction,Gandhinagar
Tetra Pak,4.1,485,Packaging,Pune
Avery Dennison,3.7,485,Packaging,Bengaluru
Confidence Petroleum India,3.2,487,Oil & Gas,Nagpur
Mikuni,4.1,484,Auto Components,Neemrana
Nash Industries,3.3,485,Industrial Machinery,Bengaluru
Shalimar Paints,3.5,484,Chemicals,Gurugram
Bhilosa Industries,3.6,484,Fashion & Textile,Dadra
Saud Bahwan Group,3.7,483,Automobile,Muscat
Landis+Gyr,2.9,483,Electrical Equipment,Noida
Greenpanel Industries,3.9,484,Furniture & Furnishing,Srikalahasti
Star Bazaar,3.7,483,Retail,Mumbai
Jindal Aluminium,3.9,483,Metals & Mining,Bengaluru
Grant Thornton Bharat,3.4,484,Accounting & Auditing,Gurugram
CS TECH Ai,3.9,483,IT Services & Consulting,Nagpur
Suzlon Global Services,3.8,482,Pune +64 other locations,
Thought Focus,3.3,483,IT Services & Consulting,Bengaluru
Meghmani Organics,3.8,482,Chemicals,Bharuch
Atyati Technologies,3.9,483,IT Services & Consulting,Bengaluru
Cera Sanitaryware,4.0,482,Building Material,Ahmedabad
Purplle.com,3.5,484,Retail,Mumbai
Speridian Technologies,3.5,481,IT Services & Consulting,Bengaluru
Liberty General Insurance,3.6,481,Insurance,Mumbai
Teradata,3.5,481,Software Product,Hyderabad
Keysight Technologies,3.8,481,Electronics Manufacturing,Gurugram
Central Public Works Department,4.1,481,Government,New Delhi
Paharpur Cooling Towers,3.9,480,Industrial Machinery,Kolkata
Gulf Oil Lubricants,4.1,481,Oil & Gas,Mumbai
Espire Infolabs,2.3,480,IT Services & Consulting,Gurugram
Visaka Industries,3.8,480,Building Material,Hyderabad
Sayaji Hotels,4.1,479,Hospitality,Indore
GM Modular,3.8,479,Electrical Equipment,Mumbai
Stryker,3.8,479,Medical Equipment,Gurugram
Tata International,3.5,479,Import & Export,Mumbai
Henkel Adhesives Technologies,4.1,479,Chemicals,Pune
Riya Travel,3.6,479,Travel & Tourism,Mumbai
LuLu Group International,3.4,479,Retail,Kochi
Jupiter Hospital,4.0,479,Healthcare,Pune
Yethi Consulting,3.4,479,IT Services & Consulting,Bengaluru
Ramco Industries,4.1,479,Building Material,Chennai
Qcon,4.3,479,Engineering & Construction,Mumbai
AIRBUS,3.6,478,Aviation,Bengaluru
MagicPin,2.5,478,Internet,Gurugram
Anthem Biosciences,3.9,478,Pharma,Bengaluru
Bhagwati Products,3.5,478,Consumer Electronics & Appliances,Noida
Allied Blenders & Distillers,4.0,479,Beverage,Mumbai
Bharat Seats,3.7,478,Auto Components,Gurugram
McNally Bharat Engineering,3.9,478,Engineering & Construction,Kolkata
Prime Focus Technologies,3.0,477,Software Product,Bengaluru
NBTC GROUP,3.4,477,Oil & Gas,Chennai
In Time Tec Visionsoft,3.2,477,IT Services & Consulting,Jaipur
Realme,3.6,477,Consumer Electronics & Appliances,Gurugram
Hyundai Glovis,3.6,477,Logistics,Anantapur
Dana India,4.0,476,Auto Components,Pune
Bahwan Engineering,4.0,476,Engineering & Construction,Muscat
Revent Group,3.8,476,Auto Components,Gurugram
Pawzz,4.6,477,Gurugram +14 other locations,
GHCL Limited,3.9,475,Chemicals,Sutrapada
Stovekraft,3.9,475,Consumer Electronics & Appliances,Bengaluru
Kiswok Industries,3.3,475,Iron & Steel,Kolkata
SBI Capital Markets,3.7,474,Financial Services,Mumbai
LT Foods,3.8,474,FMCG,Gurugram
Symphony,4.6,474,Consumer Electronics & Appliances,Ahmedabad
CommScope,3.8,475,Telecom,Bengaluru
Oriental Structural Engineers,4.3,474,Engineering & Construction,New Delhi
Gaurs Group,4.2,474,Real Estate,Noida
Texmaco Rail and Engineering,3.8,473,Engineering & Construction,Kolkata
British Council,3.5,473,Education & Training,New Delhi
Seoyon E-hwa Automotive,3.5,473,Auto Components,Chennai
Willis Towers Watson,3.7,473,Financial Services,Mumbai
Loadshare Networks,3.5,474,Logistics,Bengaluru
Zypp Electric,4.0,473,Internet,Gurugram
Magneti Marelli Motherson Auto System,3.9,472,Auto Components,Pune
Aimil Pharmaceuticals,3.6,472,Pharma,New Delhi
Bandhan Life,3.2,472,Insurance,Mumbai
Marble Box,3.8,472,BPO,Kolkata
Tekion,3.6,475,Software Product,Bengaluru
NKG Infrastructure,3.2,472,Engineering & Construction,New Delhi
iNurture Education Solutions,2.5,471,EdTech,Bengaluru
Orion Innovation,3.5,472,IT Services & Consulting,Chennai
Gokaldas Exports,3.9,471,Fashion & Textile,Bengaluru
Anunta Technology Management Services,3.3,474,IT Services & Consulting,Mumbai
Mymd Healthcare,4.2,471,Internet,Kolkata
Pocket FM,2.7,471,Media & Entertainment,Bengaluru
Torrent Gas,3.1,471,Oil & Gas,Ahmedabad
Pratham Education Foundation,4.2,470,Education & Training,New Delhi
Indofil Industries,4.1,471,Agro Chemicals,Mumbai
Iksula,3.2,470,IT Services & Consulting,Mumbai
Sulekha.com,3.3,470,Internet,Chennai
Mahle Anand Thermal Systems,4.1,470,Auto Components,Pune
AQM Technologies,3.0,472,IT Services & Consulting,Mumbai
Dharampal Premchand,4.3,471,FMCG,Noida
Kyungshin Industrial Motherson,3.3,469,Electrical Equipment,Chennai
Paper Boat(Hector Beverages Pvt. Ltd.),3.9,469,Beverage,Bengaluru
Venky's,3.7,469,Food Processing,Pune
Novotel Hotels,3.9,468,Hospitality,Mumbai
Puravankara,3.4,469,Real Estate,Bengaluru
Aizant Drug Research Solutions,4.2,468,Clinical Research,Hyderabad
St. Xavier's High School,3.7,468,Pharma,Gurugram
Kolte Patil Developers,4.1,468,Real Estate,Pune
Polestar Analytics,4.1,468,IT Services & Consulting,Noida
Balmer Lawrie,3.5,469,Packaging,Kolkata
Eurokids,4.0,467,Education & Training,Mumbai
SISL Infotech,3.5,467,IT Services & Consulting,New Delhi
Caresoft Global,3.3,467,Automobile,Coimbatore
Synopsys,3.5,466,Semiconductors,Bengaluru
Honour Lab,3.9,466,Pharma,Hyderabad
Yusen Logistics,4.0,466,Logistics,Mumbai
Ergode,3.1,466,IT Services & Consulting,Mumbai
Red Hat,4.4,466,Software Product,Pune
Dun & Bradstreet,3.1,466,Analytics & KPO,Mumbai
Sahyadri Hospital,4.2,466,Healthcare,Pune
RPG Life Sciences,3.6,465,Pharma,Ankleshwar
Flamingo Pharmaceuticals,3.1,465,Pharma,Mumbai
Vision India Services,4.0,465,Recruitment,Noida
Emergys,3.4,465,IT Services & Consulting,Pune
Ashapura Group Of Industries,4.1,464,Metals & Mining,Bhuj
CodeClouds,3.9,464,Software Product,Kolkata
Subex,3.4,464,Telecom,Bengaluru
Saudi Binladin Group,4.2,464,Engineering & Construction,Jeddah
Bada Business,4.0,464,Internet,New Delhi
Majesco,3.1,465,IT Services & Consulting,Mumbai
Prodair Air Products,3.7,463,Oil & Gas,Pune
Essjay Ericsson,4.2,463,Analytics & KPO,New Delhi
Bajaj Auto Credit,3.9,463,NBFC,Pune
Birla White,4.0,464,Building Material,Jodhpur
Yutika Natural,3.6,464,Beauty & Personal Care,Indore
Railtel Corporation Of India,3.6,463,Hardware & Networking,New Delhi
Haleon,3.5,463,Healthcare,Bengaluru
Tutopia,4.5,462,EdTech,Kolkata
Allegis Group,3.4,462,Recruitment,Bengaluru
Rapido,3.5,462,Internet,Bengaluru
Ozone Overseas,3.9,462,Building Material,New Delhi
TruBridge Healthcare Private Limited,3.8,462,Analytics & KPO,Mumbai
ITI,3.7,461,Hardware & Networking,Bengaluru
Bharat Bijlee,4.2,462,Electrical Equipment,Mumbai
Neilsoft,3.0,462,Engineering & Construction,Pune
Nuvama Wealth and Investment,3.3,461,Financial Services,Mumbai
Miracle Software Systems,3.8,461,IT Services & Consulting,Visakhapatnam
Kataria Automobiles,3.6,461,Automobile,Ahmedabad
JNS Instruments,3.9,461,Industrial Machinery,Gurugram
Freecharge,3.7,460,FinTech,Gurugram
ELGI Equipments,4.0,460,Industrial Machinery,Coimbatore
HealthKart,3.9,461,Internet,Gurugram
Midland Microfin Limited,3.5,461,NBFC,Jalandhar
Zscaler Softech,3.2,460,Software Product,Bengaluru
B. Braun Medical,4.1,459,Healthcare,Mumbai
Brembo Brake India,4.0,459,Auto Components,Pune
Cipla Health,4.2,459,Pharma,Mumbai
NetApp,3.6,459,IT Services & Consulting,Bengaluru
Prism Cement,4.0,459,Building Material,Satna
Echobooom Management & Entrepreneurial Solutions,3.9,459,Marketing & Advertising,Mumbai
Godrej Jersey,4.1,459,Food Processing,Hyderabad
Flatworld Solutions,3.2,461,IT Services & Consulting,Bengaluru
ByteDance,4.1,459,Internet,Gurugram
LKQ INDIA,3.3,458,IT Services & Consulting,Bengaluru
The Indian Hotels Company,3.9,459,Hospitality,Mumbai
Bengal Beverages,3.0,459,Beverage,Kolkata
Khadims,3.6,458,Fashion & Textile,Kolkata
AVAYA,3.3,457,Software Product,Pune
Go Colors,3.9,457,Fashion & Textile,Chennai
Ciena,3.9,458,Telecom,Gurugram
Rieter,3.3,457,Hospitality,Pune
Almarai,4.2,457,Food Processing,Riyadh
SirionLabs,3.9,457,Software Product,Gurugram
Reliance Infrastructure,4.1,456,Engineering & Construction,Mumbai
Aculife Healthcare,3.2,460,Pharma,Ahmedabad
Corona Remedies,4.2,457,Pharma,Ahmedabad
Clean Harbors,3.3,456,Waste Management,Hyderabad
Portea Medical,3.7,456,Healthcare,Bengaluru
Mjunction Services,3.8,455,IT Services & Consulting,Kolkata
Toyota,4.2,455,Automobile,Bengaluru
Konexions Back Office Services,2.6,456,BPO,New Delhi
Indian Immunologicals,4.0,454,Biotechnology,Hyderabad
OLX Autos,3.9,454,Internet,Gurugram
ZUCOL Services,3.8,456,IT Services & Consulting,Jaipur
Fuji Electric,3.7,455,Electronics Manufacturing,Chennai
BSCPL Infrastructure,3.9,454,Engineering & Construction,Hyderabad
Thrillophilia,3.7,453,Travel & Tourism,Jaipur
Usha Martin,4.0,453,Iron & Steel,Ranchi
Tata Steel Utilities and Infrastructure Services,3.6,453,Engineering & Construction,Jamshedpur
Mashreq Global Services,3.1,453,Banking,Bengaluru
Falcon Autotech,3.8,453,Industrial Automation,Noida
InfoBeans,3.3,453,IT Services & Consulting,Indore
Regency Hospital Ltd,4.0,453,Healthcare,Kanpur
Vijai Electricals,3.6,452,Power,Hyderabad
NOON.COM,3.2,452,Internet,Gurugram
Mungi Group,3.9,452,Auto Components,Pune
Tata Steel Downstream Products,3.6,451,Iron & Steel,Jamshedpur
Flipkart Health+,3.6,451,Internet,Kolkata
Knack RCM,3.0,451,BPO,Jaipur
Meyer Organics,3.6,451,Pharma,Mumbai
TCL,4.1,451,Consumer Electronics & Appliances,Tirupati
TriGeo Technologies,3.3,450,IT Services & Consulting,Hyderabad
e2open,3.4,450,Hospitality,Bengaluru
Kaya Skin Clinic,3.4,450,Beauty & Personal Care,Mumbai
Talbros,3.9,451,Auto Components,Faridabad
Transasia Bio-Medicals,3.2,451,Medical Equipment,Mumbai
Indian Political Action Committee,2.8,451,Other,Kolkata
Orient Craft,3.9,449,Fashion & Textile,Gurugram
Group Bayport,4.2,451,Printing & Publishing,Ahmedabad
Cimpress,3.8,449,Printing & Publishing,Mumbai
SMFG India Home Finance Co,3.7,450,NBFC,Mumbai
NR Switch N Radio Services,3.8,450,Telecom,Kota
Tata Steel Colors,3.7,450,Iron & Steel,Jamshedpur
Deluxe Entertainment,3.5,449,Media & Entertainment,Bengaluru
DB Power Limited,4.7,448,Power,Raigarh
Ingersoll Rand,3.8,448,Industrial Machinery,Bengaluru
Fossil Group,3.9,448,Fashion & Textile,Bengaluru
Intercontinental Exchange,3.2,448,Financial Services,Hyderabad
Karvy Data Management,3.1,447,Hyderabad +41 other locations,
Montecarlo Construction,4.2,447,Engineering & Construction,Ahmedabad
CMA CGM Global Business Services,4.0,447,Ports & Shipping,Chennai
Premium Transmission,3.3,446,Industrial Machinery,Pune
Chettinad Cements,3.8,447,Building Material,Chennai
Tyger Capital,3.9,448,Financial Services,Mumbai
Sunwoda Electronic India Pvt Ltd,3.9,447,Electronics Manufacturing,Noida
FabHotels,3.1,447,Hospitality,Gurugram
SPAR Hypermarkets,3.9,447,Retail,Bengaluru
State Street Bank,3.4,448,Banking,Bengaluru
SABIC,4.1,446,Chemicals,Bengaluru
Dee Piping System,4.1,447,Engineering & Construction,Faridabad
Adani Logistics,3.7,447,Logistics,Ahmedabad
NIFTEL COMMUNICATIONS,3.6,446,BPO,Lucknow
Alankit,3.2,446,Financial Services,New Delhi
OnePlus,3.8,447,Consumer Electronics & Appliances,Bengaluru
Axis Finance,3.8,445,NBFC,Mumbai
Theobroma Foods,3.8,445,Hospitality,Mumbai
Webkul Software,3.9,445,Software Product,Noida
Nexteer Automotive,3.9,445,Auto Components,Bengaluru
DesignTech Systems,3.4,444,IT Services & Consulting,Pune
UNIVO Education,3.4,450,EdTech,Noida
Indian Institute of Technology Gandhinagar,4.2,444,Education & Training,New Delhi
GS Lab,3.7,444,IT Services & Consulting,Pune
FM LOGISTIC,4.0,444,Logistics,Pune
H & R Johnson,3.5,443,Building Material,Mumbai
Vcare Trichology,3.5,443,Healthcare,Chennai
Aptech,3.3,444,Education & Training,Mumbai
Siyaram Silk Mills,3.9,443,Fashion & Textile,Mumbai
Arvind Fashions,3.8,443,Fashion & Textile,Bengaluru
SoftwareOne,3.7,442,Software Product,Gurugram
Mahindra Lifespace Developers,4.2,442,Real Estate,Mumbai
Freyr Solutions,3.6,444,IT Services & Consulting,Hyderabad
T.v. Sundram Iyengar & Sons,3.9,442,Automobile,Chennai
Infosys Consulting,3.4,442,IT Services & Consulting,Bengaluru
Skillmine Technology Consulting,3.8,443,Software Product,Bengaluru
Rakuten Symphony,3.6,442,Telecom,Indore
NeoGrowth Credit,2.9,442,NBFC,Mumbai
Calsoft,2.8,441,IT Services & Consulting,Pune
Ami Lifesciences,3.8,440,Pharma,Vadodara
Fitelo,3.1,441,Fitness & Wellness,Sahibzada Ajit Singh Nagar
Bonfiglioli Transmissions Limited,3.5,442,Industrial Machinery,Chennai
AppInventiv Technologies,3.9,442,IT Services & Consulting,Noida
Kothari Agritech,4.2,440,Building Material,Solapur
Aker Solutions,4.0,440,Engineering & Construction,Mumbai
K D Hospital,4.5,440,Healthcare,Ahmedabad
Mazagon Dock,4.2,441,Ports & Shipping,Mumbai
Lambda Therapeutic Research,3.8,440,Clinical Research,Ahmedabad
Jyoti CNC Automation,3.9,439,Industrial Machinery,Rajkot
ZTE Corporation,4.1,439,Telecom,Gurugram
A. O. Smith India Water Products Private Limited,3.5,439,Consumer Electronics & Appliances,Bengaluru
International Automotive Components,3.9,439,Auto Components,Pune
Western Union,2.8,439,FinTech,Pune
Marksans Pharma,3.4,441,Pharma,South Goa
Asian Granito India,3.6,439,Building Material,Ahmedabad
Citykart Retail,3.7,439,Retail,Gurugram
KLAY Preschool and Daycare,3.5,439,Education & Training,Bengaluru
Shiprocket Private Limited,3.4,440,Internet,Gurugram
GTL Infrastructure,4.2,438,Hardware & Networking,Mumbai
TotalEnergies,3.7,438,Oil & Gas,Mumbai
ANR Software Private Limited,4.1,438,IT Services & Consulting,Noida
PULSUS HealthTech Group,3.2,438,Printing & Publishing,Visakhapatnam
National Organic Chemical Industries,3.7,439,Chemicals,Bharuch
Honeywell International India,4.0,437,Defence & Aerospace,Pune
Motilal Oswal Private Wealth Management,4.5,437,Financial Services,Mumbai
Groupon,3.0,437,Internet,Chennai
Nous Infosystems,3.5,437,IT Services & Consulting,Bengaluru
Ind-Swift Laboratories,3.8,438,Pharma,Chandigarh
FCM Travel,3.4,437,Travel & Tourism,New Delhi
Nidec Corporation,3.6,438,Electronics Manufacturing,Neemrana
IndusInd Capital,3.9,437,Financial Services,Mumbai
IL&FS Engineering and Construction,4.4,437,Engineering & Construction,Hyderabad
Impact Guru,3.5,437,Internet,Mumbai
Tally Solutions,4.0,436,Software Product,Bengaluru
Orient Bell,3.4,436,Building Material,New Delhi
Powerweave,3.3,437,BPO,Mumbai
Bmm Ispat,3.9,436,Iron & Steel,Hosapete
Intelizign Lifecycle Services,3.8,437,IT Services & Consulting,Pune
Baramati Agro,3.8,436,Food Processing,Pune
IIMI Image Management Private Limited,4.0,436,BPO,Kolkata
Learning Routes,4.5,436,EdTech,Gurugram
Imarticus Learning,3.9,438,EdTech,Mumbai
Lotte India Corporation,4.0,436,FMCG,Chennai
Mann And Hummel Filter,3.8,435,Industrial Machinery,Bengaluru
Haldia Petrochemicals,3.7,434,Petrochemicals,Haldia
Paynearby Technologies,3.9,435,FinTech,Mumbai
360 Realtors,3.5,435,Real Estate,Pune
Nowfloats Technologies,3.8,435,Software Product,Hyderabad
Tessolve,3.3,435,Semiconductors,Bengaluru
Flipkart Wholesale,3.9,435,Internet,Bengaluru
Kutchina,3.4,435,Consumer Electronics & Appliances,Kolkata
Hero Housing Finance,3.8,435,NBFC,New Delhi
RSWM Limited,4.0,435,Fashion & Textile,Bhilwara
Ramada,3.8,434,Hospitality,Mumbai
Nagarjuna Fertilizers and Chemicals,4.1,434,Agro Chemicals,Kakinada
Entrata,3.8,434,Software Product,Pune
ARMSOFTECH.AIR,3.3,435,IT Services & Consulting,Chennai
Carrier Midea,3.5,435,Consumer Electronics & Appliances,Pune
Ensono,4.1,434,IT Services & Consulting,Pune
Chambal Fertilisers And Chemicals,3.8,433,Agro Chemicals,Kota
Self Practice,4.4,433,Analytics & KPO,New Delhi
IMS People,3.6,433,Recruitment,Ahmedabad
Eurofins It Solutions,2.8,433,IT Services & Consulting,Bengaluru
Samsung C&T,4.2,434,Engineering & Construction,Mumbai
CWT,3.4,433,Travel & Tourism,New Delhi
Ashiana Housing,4.0,433,Real Estate,Jaipur
Mintifi,3.4,435,Financial Services,Mumbai
CES,3.3,432,IT Services & Consulting,Hyderabad
Samsonite,4.1,432,Retail,Nashik
Le Méridien,4.1,432,Hospitality,New Delhi
Capital Foods,4.2,432,Food Processing,Mumbai
India Nippon Electricals,3.6,433,Electrical Equipment,Hosur
Pon Pure Chemical,3.6,432,Chemicals,Chennai
Europa Locks,3.8,432,Building Material,Pune
Silver Touch Technologies,2.9,433,IT Services & Consulting,New Delhi
Desun Hospital & Heart Institute,3.8,432,Healthcare,Kolkata
Novartis Healthcare,4.0,431,Pharma,Hyderabad
ABCI Infrastructures,3.3,431,Engineering & Construction,Bengaluru
Reshamandi,3.5,430,Fashion & Textile,Bengaluru
Spice Money,4.2,438,FinTech,Noida
YKK,3.7,432,Fashion & Textile,Rewari
B.C. Jindal Group of Companies,3.9,429,Iron & Steel,New Delhi
Buhler,3.8,429,Industrial Machinery,Bengaluru
Samsung SDS,2.9,429,IT Services & Consulting,Gurugram
Hike Education Private Limited,4.3,429,EdTech,Gurugram
Shyam Sel & Power,3.7,428,Electronics Manufacturing,Kolkata
Motherhood Hospital,3.6,429,Healthcare,Bengaluru
TTK Healthcare,4.1,428,Medical Equipment,Chennai
Mahindra Last Mile Mobility,3.8,428,Automobile,Bengaluru
Oberoi Realty,4.3,427,Real Estate,Mumbai
Systems Plus,4.2,427,IT Services & Consulting,Pune
NCSI Technologies Pvt Ltd,3.6,428,IT Services & Consulting,Pune
Universal Corporation,3.6,426,Consumer Electronics & Appliances,Kolkata
Uniparts Group,3.7,427,Industrial Machinery,Noida
Franchise India Brands,2.9,426,Marketing & Advertising,New Delhi
Nettur Technical Training Foundation,3.6,426,Education & Training,Bengaluru
Prolifics Corporation,3.6,426,IT Services & Consulting,Hyderabad
Secure Value,3.4,425,IT Services & Consulting,Mumbai
AIMLAY,4.7,426,EdTech,New Delhi
Sagar Cements,4.3,425,Building Material,Hyderabad
Global Indian International School,4.2,425,Education & Training,Noida
NR Consulting,4.6,425,IT Services & Consulting,Noida
Aka Logistics,3.2,425,Logistics,Kolkata
Indiafilings,3.9,425,Internet,Chennai
Tagros Chemicals,3.5,424,Agro Chemicals,Cuddalore
Starbucks,4.1,424,Hospitality,Mumbai
DataMetica,3.0,424,IT Services & Consulting,Pune
Saama Technologies,3.7,424,IT Services & Consulting,Pune
Zealous Services,2.6,424,Design,Chennai
Rama Medical College Hospital & Research Centre,3.7,424,Healthcare,Kanpur
Bangalore International Airport,4.3,424,Aviation,Bengaluru
Viva Composite Panel,4.5,424,Building Material,Mumbai
Bonace Engineers,4.0,424,Recruitment,Mumbai
National Bulk Handling Corporation,4.0,423,Agriculture,Mumbai
Owens Corning,3.6,424,Building Material,Mumbai
Educomp Solutions,3.4,423,EdTech,Gurugram
ITC Limited - Paperboards Specialty Papers Division,3.9,423,Packaging,Bhadrachalam
Capital Trust,3.4,423,NBFC,New Delhi
The Belgian Waffle co,4.4,423,Hospitality,Mumbai
Indigo Paints,3.8,424,Chemicals,Pune
Daimler Truck,3.6,425,Automobile,Bengaluru
Roca Bathroom Products,3.7,423,Building Material,Chennai
Medica Superspecialty Hospital,3.9,422,Healthcare,Kolkata
Venus Remedies,4.2,421,Pharma,Baddi
V-Xpress,3.9,423,Logistics,Mumbai
Metrochem Api,3.1,422,Pharma,Hyderabad
Aliens Group,3.8,422,Real Estate,Hyderabad
MyMoneyMantra,3.2,422,Internet,New Delhi
myGate,3.0,422,Law Enforcement & Security,Bengaluru
CogentHubCX.AI,3.2,421,BPO,Kolkata
Adani Infra,3.7,421,Engineering & Construction,Ahmedabad
Indian Overseas Bank,3.4,421,Banking,Chennai
Apex Laboratories,3.9,421,Pharma,Chennai
Enphase Energy,2.6,422,Power,Bengaluru
Qwik Supply Chain,3.9,421,Mumbai +143 other locations,
Gtpl Hathway,4.0,422,Broadcasting,Ahmedabad
Havmor Ice Cream,4.1,420,Food Processing,Ahmedabad
ArisGlobal,2.8,420,IT Services & Consulting,Bengaluru
Dorset Industries,4.4,420,Building Material,Gurugram
Pole To Win,3.2,420,Gaming,Bengaluru
Indus Net Technologies,3.0,420,IT Services & Consulting,Kolkata
Essar Group,3.8,420,Engineering & Construction,Mumbai
P.D. Hinduja National Hospital and Medical Research Centre,3.9,420,Healthcare,Mumbai
HYT Engineering Company Pvt Ltd,3.2,420,Industrial Machinery,Pune
Himatsingka Seide,3.5,420,Fashion & Textile,Bengaluru
Raptakos Brett and Company,3.4,420,Pharma,Mumbai
Agro Tech Foods,4.0,419,FMCG,Hyderabad
Fortis Escorts Hospital,4.2,418,Healthcare,New Delhi
Magus Customer Dialog,3.7,418,BPO,Hyderabad
Ipsos,3.1,419,Analytics & KPO,Mumbai
PC Jewellers,3.8,418,Metals & Mining,New Delhi
Copeland,3.9,418,Electronics Manufacturing,Pune
Virchow Biotech,3.3,418,Pharma,Hyderabad
Slice,3.2,419,Banking,Bengaluru
Odessa,3.6,417,Software Product,Bengaluru
Indian Space Research Organisation,4.6,417,Defence & Aerospace,Bengaluru
Balaji Wafers,4.4,418,FMCG,Indore
BPTP,4.1,418,Real Estate,New Delhi
VRB Consumer Products Private Limited,4.1,417,FMCG,New Delhi
Gujarat Ambuja Exports,3.3,417,Agro Chemicals,Ahmedabad
Aramex,3.3,417,Logistics,Mumbai
SKH Y-TEC,3.9,416,Auto Components,Ahmedabad
Jubilant Biosys,3.5,416,Biotechnology,Bengaluru
PowerSchool India,3.3,417,Software Product,Bengaluru
GRT Jewellers,4.1,416,Jewellery,Chennai
Kanpur Fertilizers & Chemicals,3.7,416,Agro Chemicals,Kanpur
Onsitego,3.6,415,Internet,Mumbai
Dodsal Engineering & Construction,4.5,414,Engineering & Construction,Mumbai
SHARE Microfin,4.1,416,Financial Services,Hyderabad
Greet Technologies,2.7,414,BPO,Bengaluru
Eversendai,3.5,414,Engineering & Construction,Chennai
Gold Plus Glass,3.4,414,Other,Roorkee
Core Integra Consulting Services,3.4,414,Recruitment,Mumbai
Oda Class,2.9,413,EdTech,Bengaluru
Schoolnet India,3.8,413,EdTech,Mumbai
Bharat Aluminium Company (BALCO),3.9,416,Metals & Mining,Korba
Euler Motors,3.6,413,Automobile,New Delhi
Merck,4.1,414,Pharma,Bengaluru
Manhattan Associates,3.3,413,IT Services & Consulting,Bengaluru
Workcell Solutions,3.5,414,Pharma,Mumbai
Win Medicare,4.2,414,Pharma,New Delhi
V-bazaar Retail,3.9,414,Retail,Gurugram
M Baazar,3.8,413,Retail,Kolkata
Invensis Technologies,3.4,413,BPO,Bengaluru
CapeStart,4.5,416,IT Services & Consulting,Nagercoil
Piramal Swasthya,4.1,412,Hyderabad +65 other locations,
Spoton Logistics,4.4,412,Logistics,Bengaluru
STUDDS Accessories Limited,4.0,412,Auto Components,Faridabad
RDC Concrete (India),3.9,413,Real Estate,Mumbai
Recpdcl.ltd,4.1,411,Facility Management Services,New Delhi
Bank of Maharashtra,3.3,413,Banking,Pune
SML Isuzu,4.1,411,Automobile,Chandigarh
Auro Realty Private Limited,4.4,411,Real Estate,Hyderabad
Hindustan Foods,3.6,412,FMCG,Hyderabad
Kailash Hospital,3.9,411,Healthcare,Noida
Air Liquide,3.4,411,Chemicals,New Delhi
Sarvodaya Hospital,3.8,411,Healthcare,Faridabad
Munjal Showa,3.2,410,Auto Components,Gurugram
ICFAI University,3.6,410,Education & Training,Hyderabad
Dixit Infotech Services,3.5,412,IT Services & Consulting,Mumbai
UCAL Fuel Systems,3.8,411,Auto Components,Chennai
MAYORA,3.9,410,FMCG,Hyderabad
RCM,4.1,409,Retail,Bhilwara
Bses Yamuna Power,3.7,409,Power,New Delhi
Black Knight,3.5,409,IT Services & Consulting,Hyderabad
Unilever Global,3.6,409,FMCG,Bengaluru
PGP Glass,4.0,410,Packaging,Vadodara
Stanley Black & Decker,3.7,409,Industrial Machinery,Pune
LOGISTEED India Pvt. Ltd.,4.0,409,Logistics,Chennai
L&T Heavy Engineering,3.7,409,Surat +27 other locations,
Cheil India,2.9,409,Marketing & Advertising,Gurugram
Azentio,3.1,408,Software Product,Chennai
Gravita,4.4,408,Metals & Mining,Jaipur
Etech Global Services,3.6,408,BPO,Gandhinagar
Hexagon Nutrition,4.1,408,Food Processing,Mumbai
Thyssenkrupp Industrial Solutions,4.1,409,Industrial Machinery,Mumbai
Venkateshwara Hatcheries,3.8,408,Food Processing,Pune
TVS Mobility,4.0,408,Automobile,Chennai
The Hans Foundation,4.1,407,Non-Profit,New Delhi
Al Turki Enterprises,3.5,407,Oil & Gas,Muscat
Acadecraft,3.7,407,EdTech,Noida
eNoah iSolution,3.8,408,IT Services & Consulting,Chennai
The Phoenix Mills,3.9,407,Real Estate,Mumbai
American Axle & Manufacturing,4.3,407,Auto Components,Pune
MRF Vapocure Paints,4.0,407,Chemicals,Chennai
SMS India Private Limited,4.1,408,Engineering & Construction,Gurugram
Hanon Systems,4.0,408,Auto Components,Chennai
Adroit Synergies,3.2,407,BPO,Noida
Muthoot Housing Finance Company,4.1,407,NBFC,Mumbai
Roop Automotives,4.2,406,Auto Components,Gurugram
Aeries Technology,3.1,406,IT Services & Consulting,Bengaluru
Broadcom,3.3,406,Semiconductors,Bengaluru
Christian Medical College,4.1,407,Education & Training,Vellore
Uplers,3.6,406,Internet,Ahmedabad
Welspun Flooring,3.8,405,Building Material,Hyderabad
Nyati Group,4.2,405,Real Estate,Pune
CEVA Logistics,3.8,406,Logistics,Mumbai
Kuehne + Nagel,3.6,405,Logistics,Gurugram
Writer Corporation,3.3,406,Logistics,Mumbai
ClearTax,3.0,405,IT Services & Consulting,Bengaluru
Burns & McDonnell,4.1,404,Engineering & Construction,Mumbai
Pearson Education India,3.8,404,Education & Training,Bengaluru
Mantra Properties,4.3,403,Real Estate,Pune
Connectwise India,3.3,404,IT Services & Consulting,Pune
National Fertilizers,4.3,404,Agro Chemicals,Bathinda
Huron,3.6,404,Management Consulting,Bengaluru
ABC Consultants,3.9,404,Recruitment,Bengaluru
Mettler-Toledo,3.5,404,Electrical Equipment,Mumbai
GE Vernova T&D India,4.1,403,Power,Chennai
Federal Mogul Goetze,3.9,403,Auto Components,Bengaluru
S. M. Auto Engineering,3.4,403,Auto Components,Pune
Karamtara Engineering Limited,3.6,404,Engineering & Construction,Mumbai
Sunstone,3.7,403,Education & Training,Gurugram
Cooper Corporation,4.0,402,Auto Components,Satara
Tirumala Milk Products,4.2,402,Food Processing,Chennai
Thermax Babcock Wilcox Energy Solutions,4.1,402,Industrial Machinery,Pune
Marelli Motherson Automotive Lighting,3.7,403,Auto Components,Pune
Bosch Rexroth India,3.9,402,Industrial Machinery,Ahmedabad
GMR Hyderabad International Airport,4.0,402,Aviation,Hyderabad
CANTABIL RETAIL INDIA,4.0,402,Fashion & Textile,New Delhi
Gps Renewables,4.0,402,Oil & Gas,Bengaluru
Mindlance,3.6,401,Recruitment,Noida
Hajee A P Bava Construction,3.8,401,Engineering & Construction,Hyderabad
Dorf Ketal Chemicals,4.0,400,Oil & Gas,Mumbai
Icertis,3.3,400,Software Product,Pune
Call 2 Connect,2.4,401,BPO,Mumbai
Netlink Software,3.1,400,IT Services & Consulting,Bhopal
Konecranes,3.9,400,Industrial Machinery,Pune
Evoke Technologies,3.7,399,IT Services & Consulting,Hyderabad
Triumphant Institute of Management Education,3.7,399,Education & Training,Hyderabad
Shree Baidyanath Ayurved Bhawan,3.8,400,Pharma,Kolkata
BCH Electric,4.0,399,Electrical Equipment,Faridabad
Hurix Digital,3.1,400,IT Services & Consulting,Chennai
Nobel Hygiene,3.9,399,Healthcare,Mumbai
Parksons Packaging,4.0,399,Packaging,Mumbai
VTP Realty,3.5,399,Real Estate,Pune
Nuziveedu Seeds,3.8,398,Agriculture,Hyderabad
Agilent Technologies,3.9,398,Pharma,Gurugram
AccorHotels,4.3,398,Hospitality,New Delhi
Publicis,3.5,398,Marketing & Advertising,Gurugram
Indian Metals & Ferro Alloys,3.7,398,Iron & Steel,Bhubaneswar
D.p. Jain & Co. Infrastructure Pvt .,3.1,399,Engineering & Construction,Nagpur
Sedemac Mechatronics,4.0,398,Emerging Technologies,Pune
Medline Industries India Private Limited,3.8,398,Medical Equipment,Pune
Tudip Technologies,3.8,398,IT Services & Consulting,Pune
Karvy DigiKonnect,3.2,398,Financial Services,Hyderabad
Nissan,3.6,397,Automobile,Chennai
Ambuja Neotia,3.8,397,Real Estate,Kolkata
Hexagon Capability Center,4.0,397,IT Services & Consulting,Hyderabad
Kcc Buildcon,4.0,397,Engineering & Construction,Gurugram
Jamna Auto Industries,3.9,397,Auto Components,Gwalior
ABM Knowledgeware,3.7,398,IT Services & Consulting,Mumbai
GE Aerospace,4.0,398,Defence & Aerospace,Pune
GSP Crop Science,4.0,397,Agro Chemicals,Vadodara
Examity,3.3,397,EdTech,Hyderabad
Wellness Forever Lifestyle Chemist,3.9,397,Retail,Mumbai
Scientific Publishing Services,3.8,396,Analytics & KPO,Chennai
Alfa Laval,3.9,396,Industrial Machinery,Pune
Repco Home Finance,3.5,396,NBFC,Chennai
VIT University,4.1,396,Education & Training,Vellore
Supertech,4.0,396,Real Estate,Noida
Smartworks,3.3,396,Real Estate,Bengaluru
Diverse Lynx,3.3,396,IT Services & Consulting,Noida
Merck Life Science,3.9,396,Pharma,Bengaluru
Accel Frontline,4.3,395,IT Services & Consulting,Chennai
Ess Kay Fincorp,4.2,395,NBFC,Jaipur
XL Health,4.2,396,Healthcare,Bengaluru
SolarSquare Energy,3.0,398,Power,Pune
Park Hospital,3.7,395,Healthcare,Gurugram
Fosroc India,4.3,395,Chemicals,Bengaluru
Imarque Solutions,3.0,396,BPO,Chennai
Kennametal,3.5,394,Industrial Machinery,Bengaluru
Arjas Steel,3.8,394,Iron & Steel,Anantapur
HL Mando,4.0,394,Auto Components,Chennai
Epsilon Carbon,3.9,396,Chemicals,Ballari
Leixir Dental Group,4.5,397,Healthcare,Gurugram
Coronis Health,3.3,394,Analytics & KPO,Sahibzada Ajit Singh Nagar
Bharat Rasayan,3.9,394,Agro Chemicals,Bharuch
Shakti Pumps,3.7,395,Industrial Machinery,Indore
Acme Generics LLP,3.3,394,Pharma,Baddi
Phenom,3.3,394,Software Product,Hyderabad
JBS Enterprises,3.2,394,Electronics Manufacturing,Mumbai
Amri Hospital,4.0,394,Healthcare,Kolkata
RSM US in India,3.4,395,Management Consulting,Bengaluru
Grey Orange,3.1,393,Software Product,Gurugram
Sangeetha Mobile,3.6,393,Retail,Bengaluru
Teamspace Financial Services,4.0,393,Recruitment,Mumbai
Rosmerta Technologies,3.3,393,Auto Components,Gurugram
Everest Spices,3.8,393,FMCG,Mumbai
Elentec Power India (EPI) Pvt. Ltd.,3.9,393,IT Services & Consulting,Noida
US Tech Solutions,3.6,393,Recruitment,Noida
Jeeves Consumer Services,3.5,392,Consumer Electronics & Appliances,Bengaluru
Sumitomo Chemical,4.1,393,Chemicals,Bhavnagar
Servion Global Solutions,3.0,392,IT Services & Consulting,Chennai
NTT Global Data Centers and Cloud Infrastructure,3.9,394,IT Services & Consulting,Mumbai
Healthcare At Home,3.8,392,Healthcare,Mumbai
Vidal Health Tpa,3.3,392,Insurance,Bengaluru
Watertec India,3.7,393,Building Material,Coimbatore
Omnicom Global Solutions,3.3,392,Marketing & Advertising,Bengaluru
IPE Global,3.8,391,Management Consulting,New Delhi
Dynacons Systems & Solutions,3.6,391,IT Services & Consulting,Mumbai
Navi Technologies,3.1,391,FinTech,Bengaluru
Ryan,4.0,391,Accounting & Auditing,Hyderabad
Moolchand Hospital,4.1,390,Healthcare,New Delhi
AgreeYa Solutions,3.1,390,IT Services & Consulting,Noida
Capri Global Housing Finance,3.5,390,NBFC,Mumbai
Motherson Technology Services,3.3,390,IT Services & Consulting,Noida
Indifi Technologies,3.8,391,FinTech,Gurugram
Jade Global,3.4,390,IT Services & Consulting,Pune
MSCI,3.6,390,Financial Services,Mumbai
Siemens Healthcare,4.0,391,Healthcare,Bengaluru
S2 Infotech,3.5,390,Recruitment,Mumbai
Arcesium,3.3,391,IT Services & Consulting,Hyderabad
Intelliswift - An LTTS Company,3.3,390,IT Services & Consulting,Bengaluru
Kaddacon Systems,4.6,389,IT Services & Consulting,Pune
Helloverify,2.8,389,Law Enforcement & Security,Noida
Neuberg Diagnostics,3.4,390,Healthcare,Chennai
TrueBlue,3.5,390,Recruitment,Gurugram
Indraprastha Gas,3.9,389,Oil & Gas,New Delhi
SYSTRA,3.9,390,Engineering & Construction,New Delhi
Sandvik Mining and Rock Technology,4.1,390,Industrial Machinery,Udaipur
Richa Global Export,3.9,389,Fashion & Textile,Gurugram
G. D. Foods MFG (TOPS),3.8,389,Food Processing,New Delhi
Duroshox,4.1,389,Engineering & Construction,Pune
Técnicas Reunidas,3.9,389,Engineering & Construction,Bengaluru
World Vision,4.2,389,Non-Profit,Chennai
JUSTO Realfintech,4.4,388,Real Estate,Pune
Elecon Engineering,4.2,390,Electrical Equipment,Anand
Transact Global,4.6,388,BPO,Bengaluru
Eclat Health Solutions,3.7,389,Analytics & KPO,Hyderabad
Mobileum,3.2,388,Software Product,Bengaluru
OodlesTechnologies,3.2,388,IT Services & Consulting,Gurugram
Alfanar,4.0,388,Electronics Manufacturing,Chennai
Intercontinental Consultants & Technocrats,4.1,388,Engineering & Construction,New Delhi
Grand Hyatt,4.3,389,Hospitality,Mumbai
Sleek International,3.5,388,Furniture & Furnishing,Mumbai
Eisai Pharmaceuticals,4.0,387,Healthcare,Visakhapatnam
Polybond India,3.7,387,Auto Components,Pune
Hathi Cement,4.1,387,Building Material,Porbandar
Methodex,3.9,387,Law Enforcement & Security,New Delhi
Agarwal Packers and Movers Limited,3.3,387,Logistics,New Delhi
Berkadia,3.8,387,Real Estate,Hyderabad
Expedia Group,3.6,387,Travel & Tourism,Gurugram
RNFI Services,3.2,387,FinTech,New Delhi
People Prime Worldwide,4.1,389,Recruitment,Hyderabad
Kores,3.6,386,FMCG,Mumbai
SRM University,3.5,386,Education & Training,Chennai
Centre For Sight,3.9,386,Healthcare,New Delhi
Synokem Pharmaceuticals,3.9,386,Pharma,Haridwar
Runwal Group,3.9,386,Real Estate,Mumbai
ANTOLIN,3.7,386,Auto Components,Pune
Rail Vikas Nigam,3.5,387,FMCG,New Delhi
Bliss Gvs Pharma,4.1,386,Pharma,Mumbai
Xdbs,2.7,385,Marketing & Advertising,Pune
Paragon Footwear,4.0,385,Fashion & Textile,Bengaluru
Computacenter,3.9,385,IT Services & Consulting,Bengaluru
Milkbasket,3.8,385,Internet,Gurugram
The Hershey Company,4.0,386,Food Processing,Mumbai
Veeda Clinical Research,3.5,385,Clinical Research,Ahmedabad
Rubicon Research,3.4,385,Pharma,Mumbai
AQuity Solutions India,3.7,385,IT Services & Consulting,Hyderabad
Srei Equipment Finance,4.2,384,Financial Services,Kolkata
Vectus Industries,4.1,384,Petrochemicals,Noida
Krishna Group,4.0,386,Auto Components,Gurugram
Hays Business Solutions,3.3,383,Recruitment,Noida
Glaze Trading India,4.3,383,Retail,New Delhi
Columbia Petro Chem,4.1,385,Oil & Gas,Mumbai
Ultra Corpotech,3.9,384,Industrial Machinery,Pune
Yellow Diamond,4.0,383,FMCG,Indore
VXI Global Solutions,3.3,383,BPO,Hyderabad
Kirloskar Toyota Textile Machinery,4.5,382,Industrial Machinery,Bengaluru
Brick&Bolt,3.3,382,Engineering & Construction,Bengaluru
SATTVA,4.2,383,Real Estate,Bengaluru
Lumino Industries,3.7,382,Electrical Equipment,Kolkata
MCM Telecom Equipment,3.9,381,Electronics Manufacturing,Noida
Tega Industries,3.6,381,Industrial Machinery,Kolkata
Lauritz Knudsen Electrical & Automation,4.1,381,Electronics Manufacturing,Mumbai
Sharda University,3.7,381,Education & Training,Greater Noida
Rainbow Hospital,3.7,381,Healthcare,Hyderabad
Heavy Engineering Industries & Shipbuilding,3.9,381,Engineering & Construction,Kuwait City
Ven Consulting,3.2,381,Recruitment,Bengaluru
SRMB SRIJAN,3.4,381,Iron & Steel,Kolkata
K L University,3.9,381,Education & Training,Vijayawada
Lloyds Metals And Energy,3.7,381,Metals & Mining,Chandrapur
OneSource Specialty Pharma Limited,3.8,381,Pharma,Bengaluru
Zenex Animal Health,4.7,391,Pharma,Ahmedabad
Pharmarack Technologies,3.6,381,Pharma,Pune
Labournet Services,4.0,381,Non-Profit,Bengaluru
Dimension Data,4.5,380,IT Services & Consulting,Bengaluru
SiliconIndia,2.7,380,Printing & Publishing,Bengaluru
Bss Microfinance,3.7,381,Financial Services,Bengaluru
Capital Small Finance Bank,3.5,380,Banking,Jalandhar
Foundit,3.2,380,Hyderabad +15 other locations,
Rahee Group,3.9,380,Railways,Kolkata
Vaibhav Global,3.3,380,Jewellery,Jaipur
Apcer Life Sciences,3.4,379,Pharma,New Delhi
SOTC Travel Limited,4.4,379,Travel & Tourism,Mumbai
Captain Steel India Limited,3.7,379,Iron & Steel,Kolkata
Bellsonica Auto Component,4.0,379,Auto Components,Gurugram
Concord Biotech,3.8,380,Pharma,Ahmedabad
Andromeda Sales ans Distribution PVT LTD,3.2,379,Internet,Mumbai
Civica India,3.0,378,IT Services & Consulting,Vadodara
Apmosys Technologies,3.1,379,IT Services & Consulting,Mumbai
Berar Finance,3.6,378,NBFC,Nagpur
Priya Cement,4.2,378,Building Material,Kurnool
Endava,3.4,378,IT Services & Consulting,Bengaluru
A-1 Fence Products,4.0,380,Building Material,Mumbai
Hilex,3.8,377,Automobile,Chennai
Jawahar Navodaya Vidyalaya,4.4,377,Education & Training,New Delhi
Data-Core Systems,2.9,377,IT Services & Consulting,Kolkata
RWS Group,3.6,377,IT Services & Consulting,Indore
KaaShiv InfoTech Company,4.8,377,EdTech,Chennai
QUADRANT TECHNOLOGIES INDIA PRIVATE LIMITED,3.7,376,IT Services & Consulting,Hyderabad
Sunflag Iron and Steel,3.6,377,Iron & Steel,Bhandara
Wildcraft,3.7,376,Fashion & Textile,Bengaluru
Aquasub Engineering,3.8,376,Industrial Machinery,Coimbatore
Associated Road Carriers,4.1,376,Logistics,Hyderabad
T&M Services consulting,3.6,376,Recruitment,Mumbai
Awign Enterprises,3.6,376,Internet,Bengaluru
Campus Activewear,4.0,376,Fashion & Textile,New Delhi
Wagh Bakri Tea Group,4.2,376,Beverage,Ahmedabad
Cashpor Micro Credit,3.6,375,NBFC,Varanasi
Utkarsh India,3.6,375,Iron & Steel,Kolkata
Hitachi Vantara,3.5,375,IT Services & Consulting,Hyderabad
Toshiba JSW Power Systems,4.2,375,Industrial Machinery,Chennai
Pranav Vikas India Private Limited,3.8,375,Automobile,Faridabad
TCG Lifesciences,4.1,375,Pharma,Kolkata
Sri Aurobindo Society,3.9,374,Non-Profit,New Delhi
Vedant Fashions,4.1,374,Fashion & Textile,Kolkata
Mahendra’s Institute,3.1,375,Education & Training,Lucknow
Royal Orchid Hotels,4.1,374,Hospitality,Bengaluru
Karvy Innotech,2.9,374,IT Services & Consulting,New Delhi
INOX Air Products,4.1,376,Oil & Gas,Pune
Offshoot Agency,3.3,374,IT Services & Consulting,New Delhi
Planetcast,3.6,374,Media & Entertainment,Noida
Satyam Venture Engineering Services,3.3,374,Auto Components,Hyderabad
Choice Consultancy Services,3.6,375,Management Consulting,Mumbai
Adani Electricity,3.4,374,Power,Mumbai
Sj Contracts,4.2,373,Engineering & Construction,Pune
Subway,4.1,373,Hospitality,New Delhi
TRL Krosaki Refractories,3.9,373,Metals & Mining,Jharsuguda
Rithwik Projects,3.9,375,Engineering & Construction,Hyderabad
Uneecops Technologies,3.7,373,IT Services & Consulting,Noida
Evolent Health International,3.8,373,Software Product,Pune
Maxxis Rubber,3.5,373,Auto Components,Ahmedabad
Johnson Controls Hitachi Air Conditioning,3.7,372,Consumer Electronics & Appliances,Ahmedabad
Kokuyo Camlin,3.8,372,FMCG,Mumbai
Gufic Biosciences,3.1,372,Pharma,Mumbai
Moser Baer,3.9,372,Consumer Electronics & Appliances,Noida
Actalent Services,3.6,372,Engineering & Construction,Bengaluru
Amoli Organics,3.7,372,Pharma,Vadodara
Trident Hotels,4.1,372,Hospitality,Mumbai
Zara,3.5,372,Fashion & Textile,New Delhi
Department of Agriculture,4.2,372,Agriculture,Bengaluru
WPP,2.8,374,Marketing & Advertising,Mumbai
Toshiba Transmission & Distribution Systems,3.8,372,Electrical Equipment,Hyderabad
Health India Tpa Services,3.2,371,Insurance,Mumbai
Mitra SK,3.8,372,Other,Kolkata
RedBus,4.1,371,Internet,Bengaluru
TMF Group,3.7,371,Financial Services,Pune
Light Microfinance,3.8,371,NBFC,Ahmedabad
Caparo Maruti,4.1,371,Auto Components,Gurugram
Birla Cement,4.1,370,Building Material,Satna
Enterprise Growth Accelerator,3.5,370,Analytics & KPO,Faridabad
Hollister Medical,4.0,371,Medical Equipment,Rewari
SBI Payment Services,3.9,372,Financial Services,Mumbai
SEIL Energy India,4.0,370,Power,Nellore
Mobiloitte Technologies,3.0,370,IT Services & Consulting,New Delhi
Duroflex,3.9,371,Furniture & Furnishing,Bengaluru
N Ranga Rao And Sons,3.8,370,FMCG,Mysuru
Teachnook,2.8,370,EdTech,Bengaluru
Emami Paper Mills,4.2,371,Pulp & Paper,Balasore
Hyundai Engineering and Construction,4.3,369,Engineering & Construction,Chennai
Gujarat Alkalies & Chemicals,4.6,369,Chemicals,Bharuch
GTPL-KCBPL,4.0,369,Telecom,Kolkata
doodleblue innovation,4.2,369,IT Services & Consulting,Chennai
Autocomp Corporation Panse,3.4,369,Auto Components,Pune
Tribhovandas Bhimji Zaveri,3.9,369,Metals & Mining,Mumbai
Tata Digital,2.3,369,IT Services & Consulting,Mumbai
Time Technoplast,3.7,368,Petrochemicals,Mumbai
EXEDY,3.8,368,Auto Components,Bengaluru
Treebo Hotels,3.2,368,Hospitality,Bengaluru
Hyperpure,3.7,368,Internet,Gurugram
Hitachi Hi-Rel Power Electronics,3.7,367,Electronics Manufacturing,Ahmedabad
NCCCL,3.4,367,Engineering & Construction,Bengaluru
Syncfusion,3.3,367,Software Product,Chennai
New Opportunity Consultancy,4.2,367,Recruitment,Coimbatore
Hygienic Research Institute,3.8,367,Beauty & Personal Care,Mumbai
Swiss Re,3.7,368,Insurance,Bengaluru
Eaton India Innovation Center,3.7,368,Engineering & Construction,Pune
Seth M R Jaipuria School,3.5,367,Education & Training,Lucknow
Parul University,3.3,368,Education & Training,Vadodara
Avineon India,4.0,366,IT Services & Consulting,Hyderabad
VST Industries,3.7,366,FMCG,Hyderabad
Tata Toyo Radiator,,--,Auto Components,Pune
Watchyourhealth.com,4.5,366,Emerging Technologies,Thane
Woodenstreet.com,3.4,365,Furniture & Furnishing,Udaipur
Ryan International School,3.2,366,Education & Training,Mumbai
Pegasystems,3.5,365,Software Product,Hyderabad
Harjai Computers,3.2,365,Recruitment,Mumbai
Compunnel,3.7,365,IT Services & Consulting,Noida
TCI Supply Chain Solutions,3.9,365,Logistics,Gurugram
METRO Global Solutions Center,3.5,365,IT Services & Consulting,Pune
Cedcoss Technologies,2.9,365,IT Services & Consulting,Lucknow
McNROE,4.0,365,FMCG,Kolkata
Jaguar Security Services,4.5,365,Law Enforcement & Security,Bengaluru
GGS Information Services,3.9,366,IT Services & Consulting,Chennai
Audi,3.8,364,Automobile,New Delhi
HBL Global,4.2,364,NBFC,New Delhi
Ben Franklin Opticians,3.8,364,Retail,Hyderabad
DCM Shriram Industries,4.1,364,Chemicals,Meerut
Vini Cosmetics,4.0,364,Beauty & Personal Care,Mumbai
Yamaha Motor India Sales,4.1,364,Automobile,Chennai
Suzuki,3.8,364,Automobile,Ahmedabad
People Group,3.4,364,Internet,Mumbai
Borosil Glass Works,3.7,365,Packaging,Jaipur
Ample Technologies,3.7,365,IT Services & Consulting,Bengaluru
Aarti Drugs,3.5,364,Pharma,Mumbai
Lalitha Jewellery,4.0,364,Jewellery,Chennai
SMC Corporation,3.8,365,Medical Equipment,Noida
Qentelli,3.6,364,IT Services & Consulting,Hyderabad
Lobo Staffing Solutions,4.1,363,Recruitment,Mumbai
RV Solutions,3.8,363,IT Services & Consulting,Noida
Zebronics,3.9,363,Consumer Electronics & Appliances,Chennai
Halonix Technologies,3.8,363,Consumer Electronics & Appliances,Noida
Lam Research,3.7,363,Semiconductors,Bengaluru
JSW One Platforms,2.9,363,Internet,Mumbai
Ssipl Lifestyle,4.1,363,Retail,New Delhi
B S R & Co Llp,3.1,363,Accounting & Auditing,Mumbai
Protiviti India Member,2.7,363,Management Consulting,Mumbai
Balrampur Chini Mills Limited,4.0,364,Food Processing,Lucknow
Coditas Technologies,3.8,363,Emerging Technologies,Pune
Technocon Services,3.3,363,Engineering & Construction,Kolkata
Carraro,3.9,362,Industrial Machinery,Pune
The Park Hotels,4.0,362,Hospitality,Kolkata
DotPe,3.1,362,IT Services & Consulting,Gurugram
Council of Scientific and Industrial Research,4.2,362,Government,New Delhi
R.K.M Powergen,3.9,363,Power,Raigarh
MSM Unify,3.9,363,EdTech,Gurugram
CityMall,3.2,362,Internet,Gurugram
Worldline,3.6,362,FinTech,Mumbai
Sequel Logistics,4.0,362,Logistics,Bengaluru
Al Tasnim Enterprises,3.5,362,Engineering & Construction,Muscat
6D Technologies,2.8,362,Telecom,Bengaluru
Zoomcar,3.6,362,Internet,Bengaluru
Kalkine Solutions,4.4,362,Financial Services,Noida
Godrej Infotech,3.7,361,IT Services & Consulting,Mumbai
Ace Designers,4.0,362,Industrial Machinery,Bengaluru
Deenanath Mangeshkar Hospital,3.8,361,Healthcare,Pune
Roquette Riddhi Siddhi,3.8,361,Pharma,Rudrapur
Advanced Micro Devices,3.7,361,Semiconductors,Hyderabad
Oil India,4.1,362,Oil & Gas,Duliajan
Groww,3.7,361,FinTech,Bengaluru
Lido Learning,2.1,360,EdTech,Mumbai
MSP Steel & Power,3.8,360,Iron & Steel,Raigarh
Mitsubishi Electric Automotive India,4.4,360,Automobile,Gurugram
Yalamanchili Software Exports,2.9,360,Software Product,Chennai
Windlas Biotech,4.0,360,Pharma,Dehradun
Hindustan Syringes & Medical Devices,4.0,360,Medical Equipment,Faridabad
Yara Fertilisers,3.8,360,Agro Chemicals,Gurugram
Transguard Group,3.7,360,Law Enforcement & Security,Dubai
VGM Consultants,3.3,360,BPO,Kolkata
Trane Technologies,3.8,360,Industrial Machinery,Bengaluru
Red Tape,3.3,360,Fashion & Textile,New Delhi
Udaan India - The Original Visa Company,4.3,359,Bengaluru +77 other locations,
Adarsh Credit Co-Operative Society,4.3,359,Investment Banking / Venture Capital / Private Equity,Ahmedabad
Zydex Industries,3.7,359,Chemicals,Vadodara
Asti Electronics India,4.1,359,Auto Components,Gurugram
Toyota Financial Services,3.6,359,Financial Services,Bengaluru
Vatika Group,4.2,359,Hospitality,Gurugram
Shaadi.com,3.4,359,Internet,Mumbai
Jumio,3.9,359,Emerging Technologies,Jaipur
Prem Motors,3.7,359,Automobile,Gwalior
ACB (India),3.8,359,Oil & Gas,Korba
Akumentis Healthcare,3.5,358,Healthcare,Mumbai
AVL,3.5,358,Automobile,Gurugram
Yubi,4.2,358,FinTech,Chennai
Padmini VNA Mechatronics,3.9,358,Auto Components,Gurugram
Adient,4.0,358,Auto Components,Pune
Netcore Pvt. Ltd.,4.1,358,Marketing & Advertising,Mumbai
Medall Healthcare,3.6,358,Healthcare,Chennai
Kraft Heinz,3.0,358,FMCG,Ahmedabad
Rashtriya Chemicals and Fertilizers,4.4,357,Agro Chemicals,Mumbai
Holcim,3.5,357,Building Material,Mumbai
Jay Chemical Industries,4.0,357,Chemicals,Ahmedabad
Ventura Securities,4.1,357,Financial Services,Mumbai
GIVA Jewellery,3.0,357,Jewellery,Bengaluru
Cotmac Electronics,3.7,358,Industrial Automation,Pune
Orchid Pharma,3.7,357,Pharma,Chennai
Multiplier Brand Solutions,3.7,356,Marketing & Advertising,New Delhi
DEN Networks,3.9,356,Broadcasting,New Delhi
Muthoot Capital Services,3.6,356,Financial Services,Kochi
Nabard Financial Services,4.0,356,NBFC,Bengaluru
Control Print,4.1,356,Industrial Machinery,Mumbai
EPIQ Systems,3.5,356,Legal,Hyderabad
Schaeffer & Sam,3.3,355,Accounting & Auditing,Mumbai
e-Zest,3.8,355,IT Services & Consulting,Pune
MUFG Bank,3.5,355,Banking,Bengaluru
Debtcare Enterprises,4.3,355,Investment Banking / Venture Capital / Private Equity,Hyderabad
Vascon Engineers,3.8,355,Real Estate,Pune
UNext,3.0,355,EdTech,Bengaluru
NXP Semiconductors,3.6,355,Semiconductors,Bengaluru
Stefanini,2.7,355,IT Services & Consulting,Noida
MapmyIndia,3.4,355,Software Product,New Delhi
Sekisui Dljm Molding,3.9,354,Auto Components,Chennai
BLS International Services,3.4,354,Travel & Tourism,New Delhi
MAHLE Behr India,3.6,354,Auto Components,Pune
Kpmg Resource Centre,3.5,355,Accounting & Auditing,Gurugram
Zee Laboratories,3.8,354,Pharma,Karnal
TestingXperts,3.6,354,IT Services & Consulting,Chandigarh
Adama,4.1,354,Agro Chemicals,Hyderabad
Paperchase Accountancy,2.9,354,Accounting & Auditing,Ahmedabad
Ceat Specialty Tyres,3.8,354,Auto Components,Mumbai
Stellar Innovations,3.4,355,IT Services & Consulting,Bengaluru
Rio Tinto,3.6,355,Metals & Mining,Gurugram
Bain & Company,3.7,353,Management Consulting,Gurugram
Network 18,3.5,353,Media & Entertainment,Mumbai
Vijay Nirman Company,3.7,353,Engineering & Construction,Hyderabad
Motilal Oswal Asset Management Company,4.3,353,Financial Services,Mumbai
Fidelis Technology Services,3.6,354,IT Services & Consulting,Bengaluru
Xpheno,3.5,355,Recruitment,Bengaluru
Escon Elevators,3.5,353,Industrial Machinery,Mumbai
TMEIC,3.8,353,Bengaluru +10 other locations,
Kushal's Fashion Jewellery,4.3,353,Jewellery,Bengaluru
SOPAN,4.0,353,Industrial Machinery,Pune
Adglobal360,3.2,353,Gurugram +11 other locations,
Aegis Logistics,3.6,353,Oil & Gas,Mumbai
Pharmed,4.7,353,Pharma,Bengaluru
Shiash Info Solutions,3.0,353,IT Services & Consulting,Chennai
Festo,3.6,352,Industrial Automation,Bengaluru
Oceaneering International,4.0,352,Engineering & Construction,Chandigarh
Cygnet Infotech,3.4,352,IT Services & Consulting,Ahmedabad
Allegis Global Solutions,3.3,352,Recruitment,Bengaluru
Gupta Power Infrastructure,3.0,353,Power,Bhubaneswar
Versuni India Home Solutions,3.2,352,Consumer Electronics & Appliances,Chennai
Hical Technologies,3.5,352,Auto Components,Bengaluru
Infocepts Technologies,3.6,352,IT Services & Consulting,Nagpur
Mars,3.7,352,Food Processing,Gurugram
Shah Technical Consultants,3.6,352,Telecom,Mumbai
Bal Pharma,3.2,352,Pharma,Bengaluru
NU Vista,4.2,352,Building Material,Kolkata
MYCPE ONE,3.8,352,Ahmedabad +23 other locations,
M K Agrotech Private Limited,4.5,352,Food Processing,Mysuru
Telstra,3.9,352,Telecom,Bengaluru
Kyndal India,3.6,352,Beverage,Bengaluru
L&T Defence,3.8,353,Defence & Aerospace,Pune
Globtier Infotech Limited,3.3,351,IT Services & Consulting,Noida
Coding Ninjas,3.8,351,EdTech,Gurugram
National Highways Authority of India,3.9,351,Engineering & Construction,New Delhi
Aditya Birla Memorial Hospital,4.5,352,Healthcare,Pune
Savista Global Solutions,4.1,351,Analytics & KPO,Chennai
International Game Technology,3.3,351,Gaming,Gurugram
Ircon International,3.9,351,Engineering & Construction,New Delhi
Avantor,3.6,351,Pharma,Coimbatore
Mahindra Insurance Brokers,3.4,351,Insurance,Mumbai
Synergies Castings,3.8,350,Auto Components,Visakhapatnam
Red Health,3.5,350,Healthcare,Hyderabad
Sarvagram Fincare,3.9,351,NBFC,Pune
VIKRAN Engineering & Exim,4.1,350,Engineering & Construction,Mumbai
Fluper,4.0,350,IT Services & Consulting,Noida
Hindustan Urvarak & Rasayan,3.3,350,Agro Chemicals,Gorakhpur
Theme Engineering Services,3.7,349,Engineering & Construction,Jaipur
MJ Biopharm,3.4,349,Pharma,Pune
Volvo Trucks,4.0,349,Automobile,Bengaluru
Accel IT Services,3.5,349,IT Services & Consulting,Chennai
Sri Sri Tattva,3.5,349,FMCG,Bengaluru
Clarus Rcm Infotech,2.7,349,BPO,Hyderabad
Park Plus,2.7,349,Internet,Gurugram
Kimberly-Clark,3.9,349,Beauty & Personal Care,Bengaluru
eMudhra,3.5,349,Software Product,Bengaluru
Clariant Chemicals,4.2,349,Chemicals,Mumbai
Bluechip Corporate Investment Centre,3.8,349,Accounting & Auditing,Mumbai
Valvoline Cummins,4.0,349,Auto Components,Gurugram
Dentsu Aegis Network,3.2,349,Marketing & Advertising,Bengaluru
Sata Vikas India,3.5,348,Auto Components,Palwal
Gyproc,3.9,348,Mumbai +40 other locations,
Sakthi Auto Components,3.2,348,Auto Components,Erode
Zuari Cement,4.3,349,Building Material,Y
Taco Bell,4.1,348,Hospitality,New Delhi
Can Fin Homes,2.7,347,NBFC,Bengaluru
63 Moons Technologies,3.7,348,IT Services & Consulting,Mumbai
Zf Wind Power,4.1,348,Coimbatore +8 other locations,
L&T Valves,3.7,348,Industrial Machinery,Coimbatore
Khimji Ramdas,3.8,347,Retail,Ahmedabad
CESC,3.8,348,Power,Kolkata
DSV - Global Transport and Logistics,3.6,348,Logistics,Mumbai
Urban Ladder,3.7,347,Furniture & Furnishing,Bengaluru
CKA Birla Group,4.0,347,Building Material,Hyderabad
Halliburton,3.6,347,Engineering & Construction,Bengaluru
Vee Healthtek,3.8,347,BPO,Chennai
Lion Engineering Consultants,3.3,347,Engineering & Construction,Bhopal
Satin Finserv,3.9,347,NBFC,Gurugram
AceMicromatic Group,4.2,347,Industrial Machinery,Bengaluru
ShopKirana,3.9,346,Software Product,Indore
ICRA Analytics,3.0,346,Analytics & KPO,Kolkata
Aloha Technology,2.6,347,IT Services & Consulting,Pune
KLJ GROUP,3.3,346,Petrochemicals,Bharuch
Polyhose,3.8,347,Industrial Machinery,Chennai
Satguru Travels and Tour Services,2.8,347,Travel & Tourism,Pune
Gtpl Broadband,3.8,346,Telecom,Ahmedabad
Somic ZF Components,4.2,345,Auto Components,Gurugram
Jaypee Cement,4.0,346,Building Material,Rewa
Pitaara,4.1,345,Food Processing,Pune
Zet Town,3.4,345,Electronics Manufacturing,Noida
Unique Identification Authority of India,3.6,345,IT Services & Consulting,New Delhi
Darwinbox,3.3,346,Software Product,Hyderabad
InfodriveIndia,4.0,345,Other,New Delhi
Recipharm Pharmaservices,3.8,345,Pharma,Bengaluru
Modern V.R. Security Force,3.9,345,Law Enforcement & Security,Mumbai
NIKE,4.0,345,Retail,Bengaluru
ADNOC,4.3,345,Oil & Gas,Abu Dhabi
Techno Electric & Engineering Company,4.0,345,Engineering & Construction,Kolkata
DISYS,3.1,344,IT Services & Consulting,Chennai
Teleysia Networks,3.4,345,Telecom,Ahmedabad
Praxis Services,3.3,344,Management Consulting,Gurugram
Aptean,3.0,346,Software Product,Bengaluru
Listenlights,3.8,344,Engineering & Construction,Mumbai
ESAF CO-OPERATIVE,3.5,344,Financial Services,Thrissur
Irclass Systems And Solutions,4.2,344,Ports & Shipping,Mumbai
Country Holidays Inn & Suites,4.2,343,Travel & Tourism,Noida
Furukawa Minda Electric,4.0,343,Auto Components,Bawal
Newt Global,4.3,343,IT Services & Consulting,Chennai
Vem Technologies,3.6,345,Defence & Aerospace,Hyderabad
Mahindra Teqo,4.0,343,Software Product,Mumbai
Kerala State Electricity Board,4.2,343,Power,Palakkad
Merit Data and Technology,3.7,343,Analytics & KPO,Chennai
Zopper,3.0,344,FinTech,Noida
Arabian Industries,3.8,343,Oil & Gas,Chennai
Senvion,4.0,345,Power,Bengaluru
Essilor,4.0,344,Medical Equipment,Bengaluru
Walplast Products Pvt Ltd,4.0,344,Building Material,Mumbai
Aarti Steels,3.7,343,Iron & Steel,Cuttack
Rushil Decor,4.1,343,Building Material,Ahmedabad
Silverlink Technologies,3.9,342,IT Services & Consulting,Mumbai
Technicolor,3.5,342,Animation & VFX,Bengaluru
ESAB,4.0,342,Industrial Machinery,Chennai
Global Aluminium,3.8,342,Metals & Mining,Hyderabad
Aeronautical Development Agency,4.2,342,Defence & Aerospace,Bengaluru
Evelyn Learning Systems,3.9,342,EdTech,New Delhi
Plasser India,4.0,342,Industrial Machinery,Vadodara
AVASOFT,2.6,343,Software Product,Chennai
Hyundai Construction Equipment,4.2,341,Industrial Machinery,Pune
"Ministry Of Health, New Delhi",3.9,341,Healthcare,New Delhi
Springer Nature in India,4.0,343,Printing & Publishing,Pune
EXO Edge,3.5,341,BPO,Sahibzada Ajit Singh Nagar
Hindustan Latex Family Planning Promotion Trust,4.1,341,Healthcare,Noida
SNVA Group,3.4,341,IT Services & Consulting,Noida
Moder Solutions,3.3,342,IT Services & Consulting,Bengaluru
Patil Group,3.5,341,Railways,Hyderabad
Signode,3.7,341,Industrial Machinery,Hyderabad
Integrated Wireless Solutions,3.8,341,Telecom,Bengaluru
Lloyd Insulations,3.4,340,Industrial Machinery,New Delhi
IIT Bombay,4.4,340,Education & Training,Mumbai
o9 Solutions,3.4,340,Software Product,Bengaluru
Futurense Technologies,4.0,340,EdTech,Bengaluru
Aurigene Pharmaceutical Services,4.1,340,Pharma,Hyderabad
Polyplastics Industries (I),3.8,339,Auto Components,Pune
R&R Limousine And Bus,4.0,339,Chennai +11 other locations,
IIC Technologies,3.5,339,IT Services & Consulting,Hyderabad
Lucas Indian Service,4.1,339,Auto Components,Chennai
Anaptyss,4.0,339,IT Services & Consulting,Noida
JUNIPER GREEN ENERGY,4.5,339,Power,Gurugram
Himadri Speciality Chemical Limited,3.5,339,Chemicals,Kolkata
Pps Motors,3.9,340,Automobile,Hyderabad
Dinshaws,3.9,338,Food Processing,Nagpur
Selec Controls,3.5,338,Electronics Manufacturing,Mumbai
Path Infotech,3.4,338,IT Services & Consulting,Noida
Delhi Metro Rail Corporation,4.1,338,Logistics,New Delhi
Entab Infotech,3.1,339,EdTech,New Delhi
Sub-K IMPACT Solutions,4.1,338,Financial Services,Hyderabad
Corizo,3.6,338,Education & Training,Bengaluru
Abbott Nutrition International,4.0,338,Pharma,Mumbai
Pricol Precision Products,3.9,338,Auto Components,Hosur
Cognizant Solutions Corp,3.7,340,IT Services & Consulting,Hyderabad
Scaleneworks,3.6,338,Recruitment,Bengaluru
Labcorp,4.0,338,Clinical Research,Bengaluru
EqualizeRCM Services,3.7,338,Analytics & KPO,Mysuru
Gi Group,3.7,338,Recruitment,New Delhi
Vasan Eye Care Hospitals,3.8,337,Healthcare,Bengaluru
Decimal Point Analytics,2.7,337,Analytics & KPO,Nashik
Cadence Design Systems,3.8,337,Semiconductors,Noida
Banco Products,3.6,337,Auto Components,Vadodara
RHI Magnesita,3.8,337,Building Material,Gurugram
Himedia Laboratories,4.1,337,Biotechnology,Mumbai
Brawn Group,3.6,337,Pharma,Faridabad
L&T–MHI Power Boilers,4.1,337,Industrial Machinery,Surat
Shree Renuka Sugars,4.1,337,Food Processing,Belagavi
Jtekt Sona Automotive India,4.3,337,Auto Components,Gurugram
Jms Mining Services,3.9,337,Metals & Mining,Kolkata
Tumbledry Solutions,4.4,337,Other,Noida
Nutricia,3.4,336,Fitness & Wellness,Mumbai
Maharashtra Hybrid Seed Company,4.1,337,Agriculture,Chhatrapati Sambhajinagar
IndusInd Securities,3.7,336,Financial Services,Mumbai
Pfizer Products India,3.9,336,Pharma,Visakhapatnam
Awfis,4.4,337,Real Estate,New Delhi
Biz 2 Credit Info Services,3.3,337,Financial Services,Noida
Cardinal Health,4.3,336,Pharma,Bengaluru
Aabasoft,4.0,336,IT Services & Consulting,Kochi
Nava Limited,3.8,336,Metals & Mining,Hyderabad
Minda Kosei Aluminum Wheel,4.1,335,Auto Components,Ahmedabad
E-Solutions,3.4,336,Recruitment,Noida
Hindustan Wellness,3.2,336,Healthcare,Gurugram
OneBanc Technologies,4.9,335,FinTech,Gurugram
MNC Group,4.2,335,Investment Banking / Venture Capital / Private Equity,Bengaluru
Technosoft Engineering Projects Limited,3.7,335,Industrial Automation,Mumbai
MobileComm Technologies India,3.8,335,Telecom,Gurugram
Dvara KGFS,3.7,334,NBFC,Chennai
Harsha Engineers,3.9,334,Auto Components,Ahmedabad
Rajsriya Automotive Industries,3.2,334,Auto Components,Hosur
Global Calcium,3.3,335,Pharma,Hosur
CareEdge Ratings,3.0,334,Financial Services,Mumbai
Tamilnad Mercantile Bank,2.4,334,Banking,Chennai
Cohizon Life Sciences Limited,3.5,334,Chemicals,Ankleshwar
Han Digital,2.7,335,Recruitment,Bengaluru
AAJ Supply Chain Management,4.0,334,Logistics,Sonipat
Rainbow Childrens Hospital,3.6,334,Healthcare,Hyderabad
Vashi Integrated Solutions Limited,3.9,334,Industrial Machinery,Mumbai
Machino Plastics,3.6,334,Auto Components,Gurugram
Agility,4.0,333,Logistics,Chennai
UCO Bank,3.7,334,Banking,Kolkata
GITAM University,3.6,333,Education & Training,Visakhapatnam
Lincoln Pharmaceuticals,3.4,333,Pharma,Ahmedabad
Centre for Good Governance,4.1,333,Government,Hyderabad
TP Central Odisha Distribution,3.7,334,Power,Bhubaneswar
Groz Engineering Tools,4.1,335,Industrial Machinery,Gurugram
Fluentgrid,3.5,333,IT Services & Consulting,Visakhapatnam
KJS Cement,3.6,333,Building Material,Maihar
Hitech Digital Solutions,3.7,333,IT Services & Consulting,Ahmedabad
Jasper Colin,3.6,334,Analytics & KPO,Noida
DCDC Kidney Care,4.0,333,Healthcare,New Delhi
Cox & Kings,3.4,332,Travel & Tourism,Mumbai
Luxor Writing Instruments,3.5,332,Other,Noida
Oriental Aromatics,3.9,333,Chemicals,Vadodara
Genisys Group,3.5,332,IT Services & Consulting,Bengaluru
Softcell Technologies,3.7,332,IT Services & Consulting,Mumbai
BIC Cello,4.0,332,Other,Mumbai
Holisol Logistics,3.8,333,Logistics,New Delhi
MTR Foods,3.9,332,Hospitality,Bengaluru
Olectra Greentech,3.5,332,Automobile,Hyderabad
Inventia Healthcare,4.0,332,Pharma,Mumbai
CR3 Group,3.8,332,Facility Management Services,Jamnagar
Greentech Industries,3.7,332,Industrial Machinery,Nellore
Boehringer-Ingelheim,4.0,332,Pharma,Mumbai
Sureti Insurance Marketing,3.2,332,Insurance,Coimbatore
Veolia Water Technologies,4.2,332,Waste Management,Bengaluru
Indus Valley Partners,2.8,331,IT Services & Consulting,Noida
Savex Technologies,4.1,332,Other,Mumbai
IQ BackOffice,3.6,332,Financial Services,Chennai
Tata Play Fiber,3.9,331,Telecom,Mumbai
Nitco,4.0,331,Building Material,Mumbai
ATLBattery Technology (India) Private Limited,3.7,334,Electrical Equipment,Bawal
Sundaram Motors,4.0,330,Automobile,Chennai
ILJIN ELECTRONICS,3.8,330,Semiconductors,Noida
Victora Tool Engineers,3.8,330,Auto Components,Faridabad
Louis Philippe,4.4,331,Fashion & Textile,Bengaluru
Avanse Financial Services,3.8,330,Financial Services,Mumbai
Bristol-Myers Squibb,3.4,331,Pharma,Hyderabad
Kubota Agricultural Machinery India,4.2,330,Agriculture,Chennai
Kent plc,4.1,329,Oil & Gas,Mumbai
VSoft Technologies,3.1,329,FinTech,Hyderabad
Kusum Healthcare,4.1,329,Pharma,Bhiwadi
Ratnamani Metals and Tubes,4.2,329,Iron & Steel,Ahmedabad
You Broadband,3.7,329,Telecom,Pune
Aristocrat,3.5,329,Gaming,Noida
Telecom Network Solutions,4.1,329,Telecom,Noida
Adani Gas,3.0,329,Oil & Gas,Ahmedabad
"Nitor Infotech, an Ascendion company",3.9,329,Software Product,Pune
MIOT INTERNATIONAL,3.4,329,Healthcare,Chennai
Ubisoft Entertainment,3.6,329,Gaming,Pune
Glorious Insight,3.4,328,IT Services & Consulting,Noida
Robosoft Technologies,3.4,328,IT Services & Consulting,Bengaluru
Tenon Facility Management,3.6,329,Facility Management Services,Gurugram
Arya Omnitalk,3.5,328,Electronics Manufacturing,Pune
AXIS MY INDIA,3.4,329,Analytics & KPO,Mumbai
Mit World Peace University,3.9,328,Education & Training,Pune
Peregrine Guarding,3.9,328,Law Enforcement & Security,Gurugram
Renewsys India,3.9,328,Power,Hyderabad
Chubb,3.3,328,Insurance,Hyderabad
Jaiprakash Power Ventures,4.0,329,Power,Singrauli
Sheraton Hotels and Resorts,3.9,327,Hospitality,Bengaluru
Arzooo.com,2.7,327,Travel & Tourism,Bengaluru
ESIC HOSPITAL,4.0,327,Healthcare,New Delhi
Sahayog Multistate Credit Co-operative Society,3.5,328,Banking,Nagpur
VKC Group,3.7,327,Fashion & Textile,Kozhikode
Infiniti Software Solutions,4.4,327,Software Product,Chennai
Ck Birla Hospitals,4.0,327,Healthcare,Kolkata
Novel Office,4.0,327,Real Estate,Bengaluru
Radiant Cash Management Services,3.3,326,Financial Services,Chennai
MARK EXHAUST SYSTEMS,4.2,326,Auto Components,Gurugram
SAR Group,3.8,326,Consumer Electronics & Appliances,Gurugram
Siti Networks,3.9,326,Media & Entertainment,Noida
Ozone Pharmaceuticals,3.7,326,Pharma,New Delhi
Swastika Investmart,3.6,328,Investment Banking / Venture Capital / Private Equity,Indore
Cactus Communications,3.4,326,Software Product,Mumbai
Highway Industries,4.0,326,Engineering & Construction,Ludhiana
Alkyl Amines,4.0,326,Chemicals,Pune
Kuwait National Petroleum Company,4.2,326,Oil & Gas,Kuwait City
Mirza International,3.4,326,Fashion & Textile,New Delhi
TIBCO Software,3.7,326,Software Product,Pune
ITM Group of Institutions,3.3,325,Education & Training,Mumbai
Girmiti Software,4.1,327,IT Services & Consulting,Bengaluru
Honda India Power Products,4.2,325,Industrial Machinery,Greater Noida
SVC Co-Operative Bank,3.8,325,Banking,Mumbai
East African (I) Overseas Dehradun,4.1,325,Pharma,Dehradun
Zydus Hospital,4.3,325,Healthcare,Ahmedabad
Opkey,4.6,325,Software Product,Noida
Turing,3.0,325,Analytics & KPO,Bengaluru
Myk Schomburg,3.9,325,Chemicals,Hyderabad
Outpace Consulting Services,4.6,325,Lucknow +17 other locations,
Frigorifico Allana,4.0,324,Food Processing,Chhatrapati Sambhajinagar
AI Variant,4.2,324,IT Services & Consulting,Bengaluru
Laser Power & Infra,3.5,325,Electrical Equipment,Kolkata
Aujas Cybersecurity-NuSummit company,3.7,324,IT Services & Consulting,Bengaluru
Aksentt Tech Services,4.4,324,IT Services & Consulting,Mumbai
Hartek Group,4.1,325,Engineering & Construction,Sahibzada Ajit Singh Nagar
ClaySys,3.7,324,IT Services & Consulting,Kochi
BOLD Technology Systems,3.0,324,Software Product,Noida
VML,3.5,324,Marketing & Advertising,Noida
Sphinx Worldbiz,3.4,325,Engineering & Construction,Pune
Narula Infrastructure,3.6,324,Engineering & Construction,Kolkata
Navneet Education,4.0,324,Printing & Publishing,Mumbai
Bombay Intelligence Security,4.2,324,Law Enforcement & Security,Mumbai
Silverskills,3.4,325,BPO,Gurugram
Techolution,3.7,325,IT Services & Consulting,Hyderabad
Stellar Value Chain Solutions,3.7,323,Logistics,Mumbai
SPML Infra,4.0,324,Engineering & Construction,Kolkata
Stellantis Avtec Powertrain,3.6,323,Hosur +11 other locations,
Alicon Castalloy,3.4,323,Auto Components,Pune
ProConnect Integrated Logistics,3.6,324,Logistics,Chennai
Renom Energy Services,4.2,323,Engineering & Construction,Pune
ZIM Laboratories,2.9,323,Pharma,Nagpur
Manba Finance Limited,4.0,323,NBFC,Mumbai
Moody's Analytics,4.0,323,Analytics & KPO,Bengaluru
Laxmi Civil Engineering Services,4.1,324,Engineering & Construction,Kolhapur
Taal Tech India,3.9,323,IT Services & Consulting,Bengaluru
Iconic,4.0,322,Retail,Gurugram
Peel-works,3.5,322,Software Product,Bengaluru
Ms Agarwal Foundries,4.1,323,Iron & Steel,Hyderabad
Sigmoid,3.7,322,Analytics & KPO,Bengaluru
CG Foods,3.5,322,Food Processing,Guwahati
Deepak Phenolics,4.4,322,Chemicals,Bharuch
ETA Engineering,3.2,321,Engineering & Construction,New Delhi
IFFCO Kisan Sanchar,3.7,321,Agro Chemicals,New Delhi
Gleneagles Hospital,3.7,321,Chennai +12 other locations,
Bnp Paribas Securities,3.8,321,Financial Services,Chennai
Elico Healthcare Services,3.2,321,Analytics & KPO,Hyderabad
Adani Energy Solutions,3.6,322,Power,Ahmedabad
Resurgent India,3.9,321,Investment Banking / Venture Capital / Private Equity,Gurugram
Sakon,2.8,322,Software Product,Pune
The Sleep Company,4.2,321,Furniture & Furnishing,Mumbai
SGT University,3.5,321,Education & Training,Gurugram
convergys india services,3.5,320,Gurugram +11 other locations,
Molecular Connections,3.1,320,IT Services & Consulting,Bengaluru
ARDEM Incorporated,3.8,321,BPO,Lucknow
Internshala,3.6,320,EdTech,Gurugram
Jodas Expoim,3.2,320,Pharma,Hyderabad
Piramal Foundation,4.2,320,Non-Profit,New Delhi
TAJSATS AIR CATERING,4.1,320,Hospitality,Mumbai
Apisero,4.3,320,IT Services & Consulting,Bengaluru
JSW Steel Coated Products,3.9,319,Mumbai +31 other locations,
LANXESS India Private Limited,4.2,319,Chemicals,Mumbai
MDC Group of Companies,4.8,319,Pharma,Mumbai
Walsons Facility Solutions,3.9,319,Recruitment,Gurugram
ATMECS Global,3.2,319,IT Services & Consulting,Hyderabad
Jorie Healthcare,3.9,319,Healthcare,Sahibzada Ajit Singh Nagar
DEC Infra,3.7,321,Real Estate,Hyderabad
TCPL Packaging,4.0,319,Packaging,Dadra
Pulse Pharmaceuticals,3.4,319,Pharma,Hyderabad
MSD Pharmaceuticals,3.7,319,Pharma,Hyderabad
Zeta,3.2,319,Emerging Technologies,Bengaluru
NACL Industries,4.0,318,Agro Chemicals,Hyderabad
Bharat IT Services,3.4,318,IT Services & Consulting,New Delhi
Embee Software,3.7,318,Software Product,Kolkata
NatWest Markets,3.8,319,Banking,Gurugram
LatentView Analytics,3.4,318,IT Services & Consulting,Chennai
Jaguar Land Rover,3.9,318,Automobile,Pune
ITC ABD,3.7,318,Agriculture,Guntur
Lernx,3.8,318,Jaipur +18 other locations,
Annexmed,3.2,318,Chennai +6 other locations,
Danone Foods Beverages,3.5,318,Food Processing,Mumbai
Cliantha Research,3.9,318,Clinical Research,Ahmedabad
Danske IT,3.6,317,IT Services & Consulting,Bengaluru
Hindustan Times,3.1,318,Media & Entertainment,New Delhi
ArcGate,2.7,318,IT Services & Consulting,Udaipur
H&R Block,4.2,317,Accounting & Auditing,Thiruvananthapuram
Bharat Wire Ropes,3.6,317,Iron & Steel,Mumbai
DynPro,3.7,317,IT Services & Consulting,Bengaluru
Military Engineer Services,4.6,318,Engineering & Construction,New Delhi
Manipal Technologies,4.0,317,Printing & Publishing,Bengaluru
CQRA,4.3,317,Engineering & Construction,Hyderabad
Ninestars Information Technologies Pvt. Ltd,3.3,317,Software Product,Bengaluru
Indo Farm Equipment,3.1,317,Industrial Machinery,Baddi
Mindteck,3.0,317,IT Services & Consulting,Bengaluru
Amrutanjan Health Care,3.9,317,Pharma,Chennai
Dyninno India,4.0,317,IT Services & Consulting,Gurugram
Transworld Systems,3.1,317,Financial Services,Bengaluru
The Indian Hume Pipe Co.,3.7,316,Building Material,Mumbai
Angelique International,4.6,316,Engineering & Construction,Noida
Omax Autos,3.7,316,Auto Components,Gurugram
Electrical Research & Development Association,3.7,316,Electrical Equipment,Vadodara
Western Digital,3.4,316,Consumer Electronics & Appliances,Bengaluru
TIDC India,3.8,316,Industrial Machinery,Chennai
Equinox Labs,3.9,316,Clinical Research,Mumbai
ABI Showatech,3.5,316,Auto Components,Chennai
ZF India Technology Center,3.6,317,Auto Components,Hyderabad
Guiltfree Industries,3.5,316,FMCG,Kolkata
Cameo Corporate Services,3.3,316,BPO,Chennai
Altera Digital Health,3.0,316,Software Product,Pune
DRA Homes,4.5,316,Real Estate,Chennai
Creative Hands HR Consultancy,4.2,317,Recruitment,Chennai
UNITILE,4.6,316,Building Material,Mumbai
InsanelyGood,4.0,315,Internet,Bengaluru
Princess Cruises,3.9,315,Travel & Tourism,Mumbai
Essar Projects India,3.8,315,Engineering & Construction,Surat
SquadStack,3.3,315,IT Services & Consulting,Noida
GMR Energy,3.9,316,Power,New Delhi
KEPCO Plant Service & Engineering,3.7,315,Engineering & Construction,Bhavnagar
Dainik Jagran,3.3,315,Printing & Publishing,New Delhi
Mirafra Technologies,3.6,315,Semiconductors,Bengaluru
Kshema General Insurance,4.3,315,Insurance,Hyderabad
HungerBox,3.6,315,Internet,Bengaluru
Miles Education,3.2,315,Education & Training,Bengaluru
Signutra (Health & Nutrition Division of Win - Medicare Pvt Ltd),4.3,315,Pharma,New Delhi
AGI Glaspac,3.7,314,Packaging,Hyderabad
Gaja Engineering,4.2,314,Engineering & Construction,Hyderabad
Prepca Eduserv,4.0,314,EdTech,Pune
Paragon Digital Services,3.2,314,Marketing & Advertising,Chennai
Edureka,3.7,314,EdTech,Bengaluru
Aspiro Pharma,3.7,314,Pharma,Hyderabad
Vilas Javdekar Developers,3.8,314,Real Estate,Pune
Sabre,3.9,314,Software Product,Bengaluru
Vinati Organics,3.9,314,Chemicals,Chiplun
Koenig Solutions,3.3,315,Education & Training,New Delhi
Van Heusen,4.0,314,Fashion & Textile,New Delhi
Rooman Technologies,3.7,314,Education & Training,Bengaluru
Airtel DTH Services,4.0,314,Telecom,Gurugram
AltezzaSys,3.9,314,IT Services & Consulting,Noida
SEABIRD LOGISOLUTIONS,3.9,314,Logistics,Pune
Markelytics Solutions,4.5,313,Analytics & KPO,Bengaluru
Hinduja Finance,3.9,314,NBFC,Chennai
Fino Paytech,3.2,313,FinTech,Mumbai
Nimbus Harbor Facilities Management,4.1,314,Facility Management Services,Gurugram
Rucha Engineers,3.8,313,Industrial Machinery,Chhatrapati Sambhajinagar
SSF PLASTICS,3.5,313,Petrochemicals,Hosur
Segula Technologies,3.4,314,Engineering & Construction,Chennai
Smaaash Entertainment,4.1,313,Events,Mumbai
Gawar Construction,4.1,313,Engineering & Construction,New Delhi
Azure Power,3.9,313,Power,New Delhi
Micro Plastics Private Limited,3.7,314,Bengaluru +12 other locations,
Money View,4.2,313,FinTech,Bengaluru
FCI CCM,4.5,313,Software Product,Noida
Automotive Robotics (India),3.4,313,Industrial Automation,Chennai
Ruby Hall Clinic,4.0,313,Healthcare,Pune
V2Solutions,3.1,313,IT Services & Consulting,Mumbai
Cyber Infrastructure,3.5,313,IT Services & Consulting,Indore
K R Mangalam University,4.5,312,Education & Training,Gurugram
Tata Marcopolo Motors,3.9,312,Auto Components,Dharwad
Gammon Engineers And Contractors,4.0,312,Engineering & Construction,Mumbai
SBS,2.6,312,IT Services & Consulting,Noida
Ordnance Factory,4.3,312,Government,Hyderabad
ANZ Operations & Technology,3.7,312,Financial Services,Bengaluru
Nuclear Power Corporation of India,4.2,312,Power,Mumbai
Brinton Pharmaceuticals,4.5,312,Pharma,Pune
Alf Engineering,4.0,312,Auto Components,Nashik
Meitra Hospital,4.5,312,Healthcare,Kozhikode
LetsTransport,3.7,311,Logistics,Bengaluru
Futwork,3.7,311,Internet,Mumbai
Amartex Industries,3.9,312,Fashion & Textile,Panchkula
Dosti Realty,4.1,312,Real Estate,Mumbai
Massmutual Global Business Services,3.9,313,IT Services & Consulting,Hyderabad
Checkmate Services,4.0,311,Facility Management Services,Vadodara
T R Chadha & Co Llp,3.3,311,Accounting & Auditing,Mumbai
Themis Medicare,3.7,311,Pharma,Mumbai
Doha Petroleum Construction Company,3.9,312,Oil & Gas,Doha
Amcor Flexibles India,3.7,311,Packaging,Bharuch
Orix Auto Infrastructure Services,4.0,310,Travel & Tourism,Mumbai
Karvy Financial Services,3.9,310,Financial Services,Hyderabad
EnFuse Solutions,4.0,311,IT Services & Consulting,Mumbai
Domino Printech India LLP,4.3,311,Industrial Automation,Gurugram
Xylem Water Solutions,3.7,310,Waste Management,Vadodara
SS Supply Chain Solutions,3.5,310,IT Services & Consulting,Gurugram
TATWA Technologies,3.4,310,IT Services & Consulting,Bhubaneswar
Arabian Construction Company,3.1,310,Engineering & Construction,Kolkata
Pitney Bowes,3.8,310,IT Services & Consulting,Pune
VVF,3.8,310,Chemicals,Mumbai
Ahresty India,3.8,310,Auto Components,Rewari
GSH Group,4.1,310,Facility Management Services,Chennai
LCC Projects,4.3,310,Engineering & Construction,Ahmedabad
Unibic Foods,3.6,310,Food Processing,Bengaluru
Inlead Electronics,3.9,310,Consumer Electronics & Appliances,Mumbai
Cure foods,3.4,310,Fitness & Wellness,Bengaluru
Gemini Solutions,3.4,309,IT Services & Consulting,Gurugram
RNF Technologies,2.9,309,IT Services & Consulting,Noida
Madina Group,4.5,310,Oil & Gas,Doha
Goldmedal Electricals,3.7,310,Electrical Equipment,Mumbai
Quintessence Business Solutions & Services,3.8,309,Analytics & KPO,Coimbatore
Ratnadeep Retail,4.1,309,Retail,Hyderabad
Airbnb,3.6,309,Travel & Tourism,Gurugram
Bird Worldwide Flight Services,3.4,309,Aviation,New Delhi
Innover Digital,4.3,309,IT Services & Consulting,Kolkata
ecare India,3.8,309,Analytics & KPO,Chennai
THE GUARDIANS Real Estate Advisory,3.6,309,Real Estate,Mumbai
KnowledgeHut,4.4,308,EdTech,Bengaluru
BYJU'S Exam Prep,3.7,308,EdTech,Noida
ISMT,3.8,308,Iron & Steel,Pune
Wirtgen India,4.1,308,Industrial Machinery,Pune
Spm Autocomp,3.6,308,Auto Components,Pune
Yum!,4.0,308,Hospitality,Gurugram
Rheinmetall Automotive,3.8,308,Auto Components,Pune
Cavisson Systems,2.3,308,IT Services & Consulting,Noida
Junglee Games,4.1,308,Gaming,Gurugram
FUJIFILM,4.0,308,Animation & VFX,Gurugram
Namdev Finvest,3.7,309,Financial Services,Jaipur
Emmvee Photovoltaic Power,3.5,309,Power,Bengaluru
NVH India Auto Parts,3.2,308,Auto Components,Chennai
Garware Technical Fibres,3.6,308,Fashion & Textile,Pune
ICRA,3.2,307,Financial Services,Mumbai
Titan Laboratories,3.3,309,Pharma,Mumbai
Roki Minda Co,4.5,307,Auto Components,Chennai
Bhandari Automobiles,3.7,307,Automobile,Kolkata
HyFun Foods,4.2,308,Food Processing,Ahmedabad
Business Integrity Services,4.2,307,BPO,Chennai
Innoviti Technologies Private Limited,2.9,307,FinTech,Bengaluru
Fleetx.io,3.2,307,Logistics,Gurugram
Lee Pharma,3.3,307,Pharma,Hyderabad
MN Dastur & Company,3.9,307,Metals & Mining,Kolkata
TJSB Sahakari Bank,3.7,306,Banking,Mumbai
KHY ELECTRONIC,3.9,306,Noida +12 other locations,
BMW,4.1,306,Automobile,Chennai
Diya Systems,3.2,306,BPO,Mangaluru
Katerra,3.5,306,Engineering & Construction,Bengaluru
Publicis Resources,3.4,308,Marketing & Advertising,Gurugram
Merino Laminates,3.9,306,Consumer Electronics & Appliances,New Delhi
Smart Value Products And Services,4.1,307,FMCG,Gurugram
Thirumalai Chemicals,3.8,306,Chemicals,Ranipet
Tata Memorial Centre,4.1,306,Healthcare,Mumbai
ARCADIS,4.1,306,IT Services & Consulting,Bengaluru
Ang India,3.5,305,Consumer Electronics & Appliances,Noida
Nissin Brake,4.3,305,Auto Components,Neemrana
Integra Global Solutions,3.5,305,Financial Services,Coimbatore
Hudson's Bay Company,3.9,305,Retail,Bengaluru
R L Fine Chem,3.7,305,Pharma,Bengaluru
Asort Company,4.0,305,Internet,Gurugram
IT By Design,3.0,306,IT Services & Consulting,Chandigarh
Thomson Digital,4.0,305,Printing & Publishing,Noida
GlobalStep,2.2,306,IT Services & Consulting,Pune
SHV Energy,3.9,306,Power,Hyderabad
QDegrees,3.3,306,Management Consulting,Jaipur
British Biologicals,2.9,304,Fitness & Wellness,Bengaluru
Arena Animation,3.5,304,Education & Training,New Delhi
IndianOil Adani Ventures,3.9,305,Oil & Gas,Paradip
Incture Technologies,2.7,304,IT Services & Consulting,Bengaluru
Iscon Balaji Foods,3.9,304,Food Processing,Ahmedabad
Murugappa Group,3.9,304,Agro Chemicals,Chennai
Efftronics Systems,2.9,305,Electronics Manufacturing,Vijayawada
Mukand Limited,3.7,304,Iron & Steel,Mumbai
HostBooks,3.0,304,Software Product,Gurugram
Stelmec,3.3,304,Power,Mumbai
POSCO MAHARASHTRA STEEL,4.3,304,Iron & Steel,Pune
Sakata Inx,3.9,303,Chemicals,Bhiwadi
Dahua Technology India Pvt.Ltd.,3.5,303,IT Services & Consulting,Gurugram
Global Opportunities,4.1,303,EdTech,New Delhi
Soma Enterprises,4.6,303,Engineering & Construction,Hyderabad
Chakr Innovation,3.6,303,Industrial Machinery,Gurugram
Can-Pack,4.3,303,Packaging,Chhatrapati Sambhajinagar
Siegwerk,3.8,303,Chemicals,Bhiwadi
Suburban Diagnostics,3.9,303,Healthcare,Mumbai
Tata ClassEdge,3.6,304,EdTech,Mumbai
Shreya Life Sciences,3.9,303,Pharma,Chhatrapati Sambhajinagar
Knowledge Splice Services pvt ltd.,3.0,303,BPO,Bengaluru
Hardcastle Restaurants,3.7,304,Hospitality,Mumbai
Allanasons,3.9,303,Food Processing,Mumbai
Slr Metaliks,4.0,303,Iron & Steel,Hosapete
Gracure Pharmaceuticals,3.3,303,Pharma,Bhiwadi
360 Degree Cloud Technologies,3.9,305,IT Services & Consulting,Noida
Virtusa Software Services,3.6,303,IT Services & Consulting,Hyderabad
Propel Industries,3.7,303,Industrial Machinery,Coimbatore
NAFFCO,3.1,302,Law Enforcement & Security,Chennai
ScoreMe Solutions,3.3,302,Software Product,Gurugram
Citrix,3.2,302,Software Product,Bengaluru
Woodland,3.2,302,Fashion & Textile,New Delhi
Hamleys,3.8,302,Retail,Mumbai
Peter England,4.1,302,Fashion & Textile,Bengaluru
DigiTech Call System,2.7,302,BPO,Noida
IM Gears,3.6,302,Auto Components,Chennai
ANI INTEGRATED SERVICES,3.5,302,Engineering & Construction,Mumbai
Meinhardt Group,3.4,302,Engineering & Construction,Bengaluru
Softtek,3.9,301,IT Services & Consulting,Bengaluru
Toyota Tsusho,3.8,302,Metals & Mining,Bengaluru
Trelleborg,3.7,301,Industrial Machinery,Bengaluru
McAfee,3.5,301,Software Product,Bengaluru
Metric Stream Infotech,3.2,301,Internet,Bengaluru
Lanco Infratech,4.2,301,Engineering & Construction,Gurugram
Ciron Drugs & Pharmaceuticals,3.2,301,Healthcare,Mumbai
Presto Infosolutions,2.7,301,Hardware & Networking,New Delhi
Tradebulls,2.9,302,Financial Services,Ahmedabad
Highbar Technocrat,3.9,301,IT Services & Consulting,Mumbai
Impelsys,3.0,301,IT Services & Consulting,Bengaluru
1K Networks,3.2,301,Retail,Gurugram
Bacancy Technology,3.9,301,IT Services & Consulting,Ahmedabad
Amnex Infotechnologies,3.8,300,IT Services & Consulting,Ahmedabad
ABP Group,3.4,301,Printing & Publishing,Kolkata
Wika Instruments India,4.0,301,Industrial Machinery,Pune
Sam India Built Well,3.4,301,Engineering & Construction,New Delhi
MSPL,4.1,301,Metals & Mining,Hosapete
Tata Green Batteries,,--,Auto Components,Pune
Online Legal India,4.6,300,Other,Kolkata
Saregama India,4.0,300,Media & Entertainment,Mumbai
Onida,3.5,300,Consumer Electronics & Appliances,Mumbai
Balajee Group,3.7,300,Engineering & Construction,Mumbai
Karuna Management Services,3.5,300,Retail,Kolkata
Urbanrise,3.8,300,Real Estate,Hyderabad
AIS Glass Solutions,3.6,300,Building Material,Chennai
Blenheim Chalcot,2.7,300,IT Services & Consulting,Mumbai
InnovationM,3.8,301,IT Services & Consulting,Noida
CPM India Sales & Marketing,4.1,300,Marketing & Advertising,New Delhi
Eye-Q Super Speciality Eye Hospitals,3.4,300,Healthcare,Gurugram
BCT Consulting Private Limited,3.8,302,IT Services & Consulting,Chennai
Altruist Customer Management India,4.0,299,BPO,Chennai
Aurigene Oncology Limited,4.2,299,Biotechnology,Bengaluru
Trackon Courier,3.6,300,Logistics,New Delhi
Bandhan KOnnagar,3.3,299,Non-Profit,Kolkata
OneAssist Consumer Solutions,3.9,299,Financial Services,Mumbai
Indira Gandhi International Airport,3.9,299,Urban Transport,New Delhi
Konica Minolta Business Solutions India Pvt. Ltd.,4.2,299,Printing & Publishing,Gurugram
The Fern Residency,3.9,299,Hospitality,Mumbai
Automotive Axles,3.8,300,Auto Components,Mysuru
National Institute for Smart Government,3.7,299,Management Consulting,New Delhi
Trigyn Technologies,3.8,299,IT Services & Consulting,Mumbai
Perkins,4.2,299,Engineering & Construction,Chhatrapati Sambhajinagar
Emerald Jewel Industry India,3.7,299,Jewellery,Coimbatore
State Bank Operations Support Services,3.4,299,IT Services & Consulting,New Delhi
Home Centre,3.9,299,Furniture & Furnishing,Bengaluru
Crescent Foundry,3.8,299,Industrial Machinery,Kolkata
Bharat Dynamics,4.5,298,Defence & Aerospace,Hyderabad
Rochem Separation Systems,3.6,298,Industrial Machinery,Mumbai
Autodesk,3.9,298,Software Product,Bengaluru
Danfoss Power Solutions,3.9,298,Power,Pune
Solartis Technology Services,3.6,298,IT Services & Consulting,Madurai
Wartsila,4.0,298,Ports & Shipping,Mumbai
Nilons Enterprises,3.8,298,Food Processing,Jalgaon
Dee Vee Projects,3.7,298,Engineering & Construction,Raipur
First Flight Couriers,4.6,298,Logistics,Mumbai
Pepe Jeans,3.9,298,Fashion & Textile,Mumbai
Black Box Limited,2.8,298,IT Services & Consulting,Bengaluru
Fexprime Finance,4.5,298,Financial Services,New Delhi
Interface Microsystems,3.8,299,Auto Components,Gurugram
Orient Paper Mill,4.5,298,Pulp & Paper,Shahdol
Servotech Renewable Power System Ltd.,3.6,298,Power,New Delhi
Apollo Diagnostics,4.0,298,Healthcare,Kolkata
Spectranet,3.6,298,Telecom,Gurugram
Indo Amines,3.3,297,Chemicals,Mumbai
Advance India Projects,4.3,297,Real Estate,Gurugram
FOX Solutions,3.7,297,Industrial Machinery,Nashik
JMR Infotech,4.1,297,IT Services & Consulting,Bengaluru
Suntory Global Spirits India,4.0,297,Beverage,Gurugram
Verse Innovation,3.4,297,Internet,Bengaluru
Bony Polymers,3.4,298,Auto Components,Faridabad
Bajaj Energy,4.3,297,Power,Lalitpur
Hughes Systique Corporation,3.7,297,Emerging Technologies,Gurugram
Gap,3.6,297,Retail,Hyderabad
Atul Auto,3.7,297,Automobile,Ahmedabad
Ketto,4.3,297,Internet,Mumbai
Busibud,3.6,297,Emerging Technologies,Chandigarh
Munjal Auto Industries,3.6,298,Auto Components,Vadodara
Banswara Syntex,3.8,296,Fashion & Textile,Banswara
Total Environment Building Systems,4.0,296,Real Estate,Bengaluru
INDIABULLS PHARMACEUTICALS,2.8,296,Pharma,Mumbai
Ador Welding,3.9,296,Industrial Machinery,Pune
Manappuram Home Finance,4.0,296,Financial Services,Mumbai
Avanze Technologies,3.5,296,IT Services & Consulting,Bengaluru
Utthunga Technologies,2.7,296,Industrial Automation,Bengaluru
Joyson Safety Systems,4.0,297,Auto Components,Chennai
Ocrolus East,3.3,296,FinTech,Gurugram
Diamondpick,3.9,295,Recruitment,Chennai
Delhi Duty Free Services,3.6,295,Retail,New Delhi
Nexval Infotech,2.7,295,IT Services & Consulting,Kolkata
Nature's Basket,3.8,296,Internet,Mumbai
Doubtnut,3.4,295,EdTech,Gurugram
ICICI Direct,3.9,295,Financial Services,Mumbai
ERA Group,3.8,295,Power,New Delhi
Tablets (India),3.8,295,Pharma,Chennai
Msi Services,3.9,295,IT Services & Consulting,Bengaluru
J.M Baxi & Co,3.8,296,Ports & Shipping,Mumbai
Property Solutions,3.8,295,Real Estate,Mumbai
Gautam Solar,3.8,294,Power,New Delhi
Amrita Institute of Medical Sciences and Research,3.9,294,Healthcare,Kochi
MTAR Technologies,3.9,295,Industrial Machinery,Hyderabad
Kelly Services,4.0,295,Recruitment,Bengaluru
Varmora Granito,4.0,294,Building Material,Ahmedabad
Bhash Software Labs,4.5,295,Software Product,Bengaluru
Anand Rathi Share and Stock Brokers Ltd,3.4,295,Financial Services,Mumbai
Samarth LifeSciences,3.6,294,Pharma,Mumbai
Ummeed Housing Finance,4.0,294,Financial Services,Gurugram
Dover India,3.9,294,Industrial Machinery,Bengaluru
Levelshift,3.3,294,IT Services & Consulting,Chennai
Fujitec,3.8,294,Industrial Machinery,Chennai
Easy Home Finance,4.4,294,FinTech,Mumbai
HM Group,4.6,294,Real Estate,Bengaluru
Mas Callnet,2.8,294,BPO,Noida
Pitambari Products,4.2,294,FMCG,Mumbai
Infineon Technologies,3.6,293,Electronics Manufacturing,Bengaluru
Keihin Fie,4.4,294,Auto Components,Bengaluru
Aurangabad Electricals,3.8,293,Auto Components,Chhatrapati Sambhajinagar
Dotsquares,2.6,293,IT Services & Consulting,Jaipur
Kd Logistics,3.7,293,Logistics,Mumbai
Meghalaya Cements,4.1,293,Building Material,Guwahati
Rupa,3.7,293,Fashion & Textile,Kolkata
DataTrained,3.4,293,EdTech,Noida
TourTravelWorld.Com,4.9,293,Internet,New Delhi
kipi.ai,3.7,293,IT Services & Consulting,Bengaluru
Hema Engineering Industries,4.0,293,Auto Components,Gurugram
Eastern Software Solutions Pvt. Ltd,4.0,293,IT Services & Consulting,Noida
Essae Teraoka,3.7,292,Electronics Manufacturing,Bengaluru
Annora Pharma,3.8,292,Pharma,Hyderabad
OSB India,3.5,292,Financial Services,Bengaluru
NOVO Medisciences,4.1,292,Pharma,Mumbai
Personiv,3.8,292,BPO,Coimbatore
SMR Automotive Systems India,3.7,292,Auto Components,Chennai
Vserv Infosystems,3.4,293,IT Services & Consulting,New Delhi
Tommy Hilfiger,3.8,292,Fashion & Textile,Bengaluru
Consolidated Construction Consortium,4.2,292,Engineering & Construction,Chennai
Embitel Technologies,3.9,294,IT Services & Consulting,Bengaluru
Southern Petrochemical Industries Corporation,3.6,292,Agro Chemicals,Thoothukudi
Locuz Enterprise Solutions,3.6,292,IT Services & Consulting,Hyderabad
Shriram Chits,3.6,293,Financial Services,Chennai
Worldline Global Services,3.8,292,IT Services & Consulting,Pune
Baoiam Innovations,4.6,291,EdTech,New Delhi
Clifford Chance,3.6,291,Legal,Gurugram
Think Future Technologies,4.4,291,IT Services & Consulting,Gurugram
Borgwarner Emission System,3.7,291,Auto Components,Bengaluru
Jbm Auto Components,3.8,291,Auto Components,Chennai
Jayashree Polymers,3.7,292,Auto Components,Pune
Imperative Business Ventures,3.8,292,IT Services & Consulting,Pune
Cholamandalam MS Risk Services,3.6,291,Management Consulting,Chennai
Kaleesuwari Refinery,3.8,291,Food Processing,Chennai
Infrastructure Leasing & Financial Services,4.0,292,Engineering & Construction,Mumbai
Calsonic Kansei Motherson Auto Products,4.0,291,Auto Components,Bawal
Star Wire India,4.0,291,Industrial Machinery,Faridabad
OnProcess Technology,3.8,290,Software Product,Kolkata
SAVIC Technologies,2.3,291,IT Services & Consulting,Mumbai
TowerVision India,4.3,290,Telecom,Gurugram
Pfizer Healthcare india pvt lit,3.9,290,Pharma,Visakhapatnam
Liugong India,3.4,290,Engineering & Construction,Indore
Gupshup,2.8,290,IT Services & Consulting,Mumbai
Phoenix Contact,4.0,290,Electronics Manufacturing,Faridabad
Sv Creditline,3.7,293,NBFC,Gurugram
AirAsia,3.5,290,Aviation,Bengaluru
Shaily Engineering Plastics Ltd,4.0,291,Industrial Machinery,Vadodara
Microsense,3.5,290,IT Services & Consulting,Chennai
Ambey Mining,3.4,290,Metals & Mining,Durgapur
I P Integrated Services,3.8,290,Telecom,Gurugram
NTF Group,4.0,289,Auto Components,Gurugram
Kalinga Commercial Corporation,3.7,290,Metals & Mining,Bhubaneswar
Veer-O-- Metals,4.2,290,Industrial Machinery,Bengaluru
Bonn Group,3.9,289,Food Processing,Ludhiana
INDIAN PUBLIC SCHOOL,3.9,289,Education & Training,Chennai
Arrow Electronics,4.2,289,Electronics Manufacturing,Bengaluru
Confederation of Indian Industry,3.3,289,Non-Profit,New Delhi
Kangaro Industries,3.5,289,Retail,Ludhiana
Nippon Express,3.7,289,Logistics,Bengaluru
Healthium Medtech,3.4,289,Medical Equipment,Bengaluru
MosChip Technologies,3.8,289,Semiconductors,Hyderabad
Lumax Auto Technologies Ltd,4.3,289,Auto Components,Pune
Gionee,4.4,288,Consumer Electronics & Appliances,New Delhi
IDP IELTS,3.3,288,Education & Training,Chennai
Vanderlande Industries,3.9,290,Industrial Automation,Pune
Sanghvi Movers,4.4,289,Industrial Machinery,Pune
Mindfire Solutions,3.9,288,IT Services & Consulting,Bhubaneswar
HYUNDAI TRANSYS INDIA,3.8,288,Auto Components,Anantapur
Vision Rx Lab,3.9,289,Medical Equipment,Gurugram
Unicorn Infosolutions,3.2,290,Retail,Mumbai
HDFC Credila Financial Services,3.7,288,Financial Services,Mumbai
American Express Global Business Travel,4.1,288,Travel & Tourism,Gurugram
Sonata Finance,4.0,288,Financial Services,Lucknow
Ribbon Communication,3.8,288,Hardware & Networking,Bengaluru
LM Wind Power,4.0,288,Power,Bengaluru
Petrocon Engineers & Consultants,3.6,288,Engineering & Construction,Hyderabad
AvenData GmbH,3.8,288,IT Services & Consulting,Mumbai
Origo Commodities,3.5,287,Agriculture,Gurugram
MetroTelworks,3.6,287,Telecom,Ahmedabad
Nestaway,3.2,287,Internet,Bengaluru
Ahana Systems & Solutions,3.8,287,IT Services & Consulting,Bengaluru
Elcamino Software,3.2,287,BPO,Bengaluru
Chain-Sys,3.0,288,IT Services & Consulting,Chennai
ONPASSIVE,2.5,287,IT Services & Consulting,Hyderabad
International Flavors & Fragrances,3.7,287,Chemicals,Hyderabad
Superhouse,3.3,287,Leather,Kanpur
Boston Scientific,4.0,287,Healthcare,Gurugram
Vcs Quality Services,3.8,287,Oil & Gas,Noida
Toyota Material Handling,3.7,287,Industrial Machinery,Gurugram
Qualys,3.5,287,IT Services & Consulting,Pune
Freelancer.com,4.1,287,Bengaluru +41 other locations,
Four Points By Sheraton,4.1,286,Hospitality,Pune
Quantzig,4.5,286,Analytics & KPO,Bengaluru
SasMos HET Technologies,3.6,287,Electrical Equipment,Bengaluru
ICFAI Business School,3.4,286,Education & Training,Hyderabad
Jetking Infotrain,3.6,286,Education & Training,Mumbai
Bihar Rural Livelihoods Promotion Society,3.8,287,Non-Profit,Patna
Cremica Food Industries,3.8,286,Food Processing,New Delhi
Drydocks World Dubai,3.8,286,Ports & Shipping,Dubai
PurpleTalk,3.6,286,IT Services & Consulting,Hyderabad
Polyplex,4.0,286,Packaging,Noida
Anupam Rasayan India,3.6,286,Chemicals,Surat
Malladi Drugs & Pharmaceuticals,3.6,286,Pharma,Chennai
Milky Mist Dairy Food,3.9,286,Food Processing,Erode
MAN Truck & Bus,2.5,286,Automobile,Pune
Keka Technologies,3.1,286,Software Product,Hyderabad
Adani Realty,3.7,286,Real Estate,Mumbai
Government of Maharashtra,4.1,286,Government,Mumbai
Eastman Chemical Company,3.9,289,Chemicals,Hyderabad
Kirloskar Electric Company,3.8,285,Electrical Equipment,Bengaluru
SHL,3.3,285,Software Product,Gurugram
RM Education Solutions,3.2,285,IT Services & Consulting,Thiruvananthapuram
Indian Institute of Science,4.1,285,Education & Training,Bengaluru
Omkar Realtors & Developers,3.7,285,Real Estate,Mumbai
Amber,4.1,286,Internet,Pune
Weblink In,4.1,285,IT Services & Consulting,New Delhi
Walchandnagar Industries,3.2,285,Industrial Machinery,Pune
PaySquare Consultancy,3.7,285,Recruitment,Pune
Cholamandalam Securities,3.5,286,Financial Services,Chennai
Meenakshi Polymers,3.6,285,Auto Components,Gurugram
ARCIS e Services,3.6,286,BPO,Gurugram
Powerica,3.7,285,Industrial Machinery,Mumbai
Apparel Group India Private Limited,3.6,285,Retail,Bengaluru
Isc Projects,3.8,285,Engineering & Construction,Pune
Yatharth Hospital,3.8,286,Healthcare,Noida
RACL Geartech,4.2,285,Auto Components,Noida
Madhu Jayanti International,3.6,285,FMCG,Kolkata
Olyv,4.3,285,FinTech,Bengaluru
SKETS Studio,4.0,284,Architecture & Interior Design,New Delhi
Centific,3.5,284,IT Services & Consulting,Hyderabad
Mantra Technologies,3.6,284,IT Services & Consulting,Hyderabad
EGIS,4.0,285,Power,Bengaluru
Asia-Pacific Institute of Management,3.5,284,Education & Training,New Delhi
Indian Molasses Company,3.8,284,Ports & Shipping,Chennai
Vitesco Technologies,4.4,284,Auto Components,Bengaluru
Adani Solar,3.6,284,Power,Mundra
Roche Diagnostics,3.8,284,Pharma,Mumbai
Spectraforce Technologies,2.9,284,Recruitment,Hyderabad
ISS SDB Security Services,4.1,284,Facility Management Services,Chennai
Century Pulp & Paper,3.8,283,Pulp & Paper,Lalkuan
Smart Chip,4.0,283,Electronics Manufacturing,Noida
CloudFoundation,4.8,283,Hyderabad +10 other locations,
Naandi Foundation,3.7,283,Non-Profit,Hyderabad
Sun TV Network,3.6,283,Media & Entertainment,Chennai
Venkateshwar Hospital,3.5,283,Healthcare,New Delhi
Ajio Business,3.7,283,Fashion & Textile,Bengaluru
MMC Infotech Services,3.5,284,IT Services & Consulting,Chennai
Radium Creation,3.8,283,Jewellery,Mumbai
MM Forgings,3.3,283,Iron & Steel,Chennai
Indo Count Industries,3.6,283,Fashion & Textile,Mumbai
Bajaj Hindusthan,4.2,283,Food Processing,Lucknow
Bajaj Finserv Health,3.5,283,Internet,Pune
Lapiz Digital Services,3.9,285,BPO,Chennai
Della Adventure Resort,4.0,283,Hospitality,Pune
Faber India,4.3,283,Consumer Electronics & Appliances,Pune
National Institute of Technology,4.3,283,Education & Training,Mangaluru
SMS Limited,4.2,283,Engineering & Construction,Nagpur
Classplus,3.6,283,Software Product,Noida
RentoMojo,3.9,283,Internet,Bengaluru
Zee Media Corporation,3.4,283,Broadcasting,Noida
Everest Fleet,3.0,283,Urban Transport,Mumbai
Protean eGov Technologies,3.4,283,IT Services & Consulting,Mumbai
Hitachi Astemo Rajasthan Brake Systems,4.3,282,Auto Components,Neemrana
Grauer & Weil (i),3.2,282,Chemicals,Mumbai
Immacule Life Sciences,3.2,282,Pharma,Nalagarh
FICO,3.3,282,Software Product,Bengaluru
Tata nexarc,3.0,282,Software Product,Mumbai
Muthoot Pappachan Group,4.1,283,Financial Services,Thiruvananthapuram
Kosamattam Finance,3.8,282,NBFC,Kottayam
MindCraft Software,3.5,282,IT Services & Consulting,Mumbai
Shriram Properties,4.1,282,Real Estate,Bengaluru
Nalco water,3.7,282,Waste Management,Pune
Uniqlo,2.8,282,Fashion & Textile,New Delhi
Credit Saison India,3.7,282,NBFC,Bengaluru
Befree Business Resourceing,3.1,282,Accounting & Auditing,Bengaluru
Rays Power Infra,4.1,281,Power,Jaipur
Trivium Education Services,3.6,282,EdTech,New Delhi
Hetero Biopharma,3.8,282,Pharma,Hyderabad
Tatva Chintan Pharma Chem,3.5,281,Pharma,Bharuch
Alchem International,3.7,281,Pharma,Faridabad
Sir Ganga Ram Hospital,4.1,281,Healthcare,New Delhi
Shivalaya Construction,4.2,281,Engineering & Construction,New Delhi
Star Hospitals,3.9,280,Healthcare,Hyderabad
The Louis Berger Group,4.4,280,Engineering & Construction,Mumbai
Butterfly Gandhimathi Appliances,3.9,280,Consumer Electronics & Appliances,Chennai
Escalon Business Services,3.8,280,Accounting & Auditing,Sahibzada Ajit Singh Nagar
Aqualite India,3.7,280,Fashion & Textile,New Delhi
Girlscript Foundation,4.9,280,Bengaluru +21 other locations,
STT Global Data Centres India,4.0,281,IT Services & Consulting,Mumbai
Reliable Autotech,4.2,280,Auto Components,Pune
Goldstone Cements,3.3,280,Building Material,Guwahati
Suresh Surana & Associates,3.2,280,Accounting & Auditing,Mumbai
Terex,3.9,280,Industrial Machinery,Bengaluru
InKnowTech,3.0,279,IT Services & Consulting,Bengaluru
Cogito Tech,2.5,279,IT Services & Consulting,Noida
Ginesys,3.7,279,Software Product,Kolkata
Olam Group,3.7,279,FMCG,Chennai
Royal Research,2.0,279,Analytics & KPO,Kolkata
Operational Energy Group India,3.9,279,Power,Chennai
Naaptol Online Shopping,3.2,279,Internet,Mumbai
Enzene Biosciences,3.8,280,Biotechnology,Pune
Augmont Goldtech,4.6,279,Financial Services,Mumbai
Lipi Data Systems,3.7,278,Printing & Publishing,Udaipur
Policyboss.com,3.1,278,Insurance,Mumbai
Al-Yamama Group,3.6,278,Engineering & Construction,Dammam
Videocon Industries Ltd.,3.9,278,Consumer Electronics & Appliances,Chhatrapati Sambhajinagar
99acres,3.5,278,Internet,Noida
MITA,3.9,278,Industrial Machinery,Ghaziabad
Puzzolana Machinery Fabricators,4.1,278,Industrial Machinery,Hyderabad
Schneider Electric Infrastructure,4.2,278,Electrical Equipment,Vadodara
Centillion Networks,3.6,279,Telecom,Hyderabad
Technique Control Facility Management,3.7,278,Facility Management Services,Bengaluru
TimesPro,3.2,278,Education & Training,Mumbai
Noida Power Company,4.3,278,Power,Greater Noida
Profectus Capital,4.2,278,NBFC,Mumbai
StudyIn,3.9,278,EdTech,New Delhi
Bacardi,3.7,278,Beverage,Gurugram
Lloyds Technology Centre,3.5,278,IT Services & Consulting,Hyderabad
Wishfin,3.2,278,Financial Services,Noida
Siddha Group,3.9,279,Real Estate,Kolkata
EVRY India,4.4,278,IT Services & Consulting,Bengaluru
Brink's,4.0,277,Logistics,Mumbai
Sgs Tekniks Manufacturing,4.0,277,Electronics Manufacturing,Gurugram
Essel Mining & Industries,4.2,277,Metals & Mining,Kolkata
Yakult Danone India,3.8,278,Food Processing,New Delhi
Forbes & Company,3.7,278,Engineering & Construction,Chhatrapati Sambhajinagar
Himalaya Opticals,4.4,277,Retail,Kolkata
Hero Vired,4.5,277,Education & Training,New Delhi
Shakambhari Ispat & Power,3.7,277,Power,Kolkata
IPROCESS BUSINESS SOLUTIONS,3.8,278,EdTech,Hyderabad
Seven Hills Hospital,3.8,278,Healthcare,Mumbai
Any Brand,4.2,277,Fashion & Textile,New Delhi
Intech Organics,3.0,277,Agro Chemicals,Gurugram
Sumadhura Infracon,4.0,277,Real Estate,Bengaluru
Apna,3.2,277,Recruitment,Bengaluru
Sentiss Pharma,3.6,277,Pharma,Gurugram
Synergy Maritime,4.0,278,Ports & Shipping,Chennai
Sigachi Industries,3.8,277,Pharma,Bharuch
Century Enka,4.1,277,Fashion & Textile,Pune
indiagold,4.5,277,FinTech,Gurugram
GyanSys Inc,3.2,278,IT Services & Consulting,Bengaluru
HiyaMee Private Limited,2.9,276,Recruitment,Bengaluru
Jspiders,3.6,276,Education & Training,Bengaluru
JM Financial Home Loans,4.0,276,NBFC,Mumbai
Electronic Arts,3.9,276,Gaming,Hyderabad
Asian Heart Institute,4.1,276,Healthcare,Mumbai
Netafim Irrigation India,4.0,276,Industrial Machinery,Vadodara
Manipal University,4.0,276,Education & Training,Jaipur
Reliance resQ,3.9,277,Other,Mumbai
Kanwar Enterprises,3.4,276,Engineering & Construction,Noida
BARC,4.4,276,Defence & Aerospace,Mumbai
Big C,3.7,276,Retail,Hyderabad
Teachmint,3.9,276,EdTech,Bengaluru
Sunteck Realty,3.3,276,Real Estate,Mumbai
Stellar Information Technology,3.5,275,Software Product,Gurugram
BuildAHome,4.5,275,Engineering & Construction,Bengaluru
Mouser Electronics,3.4,276,Semiconductors,Bengaluru
Don Bosco School,3.4,275,Education & Training,Mumbai
Apex CoVantage,3.1,276,IT Services & Consulting,Hyderabad
Walking Tree,3.2,275,IT Services & Consulting,Hyderabad
ICICI Foundation for Inclusive Growth,3.6,275,Non-Profit,Mumbai
Niine,3.7,275,Beauty & Personal Care,Gorakhpur
Vialto Partners,2.8,275,Management Consulting,Bengaluru
Adonmo,4.4,275,Marketing & Advertising,Hyderabad
Enpro Industries,4.3,276,Industrial Machinery,Pune
Alivira Animal Health,4.0,275,Pharma,Visakhapatnam
Kunal Structure,3.8,275,Real Estate,Ahmedabad
SUN Mobility,3.9,275,Automobile,Bengaluru
Vayam Info Solutions,4.0,274,Recruitment,New Delhi
Accurex Biomedical,4.4,275,Medical Equipment,Mumbai
Ambica Steels,3.5,274,Metals & Mining,New Delhi
British Airways,2.9,274,Aviation,New Delhi
East India Udyog,3.9,274,Electrical Equipment,Noida
Insecticides India,4.0,274,Agro Chemicals,Bharuch
Hidden Brains InfoTech,3.6,274,IT Services & Consulting,Ahmedabad
Armstrong Robotics & Technologies Private Limited,4.0,274,Industrial Automation,Nashik
CGM ARIA Health Services,3.6,274,Software Product,Noida
Normet,3.9,274,Industrial Machinery,Jaipur
Decorpot,2.9,274,Architecture & Interior Design,Bengaluru
greytHR,3.6,274,Software Product,Bengaluru
Mitsuba Sical,3.9,274,Auto Components,Gurugram
Concentrix Catalyst,3.1,275,IT Services & Consulting,Hyderabad
Arihant Superstructures,4.1,273,Real Estate,Navi Mumbai
Hero Electric,4.1,273,Automobile,Ludhiana
S G Encon,3.5,273,Engineering & Construction,New Delhi
Shriram Group,4.0,273,Financial Services,Chennai
P&O Cruises,3.5,273,Travel & Tourism,Mumbai
Niit Foundation,4.0,273,Education & Training,New Delhi
Oriflame India,4.1,273,Beauty & Personal Care,New Delhi
Flipspaces,4.0,273,Architecture & Interior Design,Mumbai
ACN Health care,3.3,273,BPO,Bengaluru
Arrow,4.5,273,Fashion & Textile,Bengaluru
Kisna Diamonds - HK Jewels,3.3,273,Jewellery,Mumbai
Pinkerton,3.6,273,Law Enforcement & Security,Gurugram
Numerator,3.9,273,Marketing & Advertising,Vadodara
Vantive,4.5,274,Healthcare,Bengaluru
Rakon,3.7,272,Electronics Manufacturing,Bengaluru
Gallantt Ispat,3.8,272,Iron & Steel,Gorakhpur
Winjit Technologies,3.5,272,IT Services & Consulting,Nashik
Utkarsh Classes,4.1,272,EdTech,Jodhpur
Strada,3.6,272,Financial Services,Hyderabad
Medgenome Labs,3.8,272,Biotechnology,Bengaluru
WeRize,3.4,272,Financial Services,Bengaluru
Battery Smart,3.4,272,Auto Components,Gurugram
GGS Engineering Services,3.2,272,Engineering & Construction,Chennai
Caplin Point Laboratories,3.2,272,Pharma,Chennai
Jeena Sikho Lifecare,3.8,272,Healthcare,Chandigarh
Azad Engineering,3.7,273,Engineering & Construction,Hyderabad
Vesuvius,3.7,272,Industrial Machinery,Visakhapatnam
Riddhi Corporate Services,3.9,273,IT Services & Consulting,Ahmedabad
Nalco,4.1,271,Metals & Mining,Bhubaneswar
Riviera Infraprojects,4.2,272,Engineering & Construction,Ahmedabad
Piramal Realty,4.2,271,Real Estate,Mumbai
Vistra Corporate Services,3.5,272,Power,Mumbai
Tata Sikorsky Aerospace,3.6,271,Defence & Aerospace,Hyderabad
Nandan Petrochem,3.7,271,Petrochemicals,Mumbai
Valmet,4.0,271,Oil & Gas,Pune
Applus IDIADA,4.0,271,Auto Components,Pune
L&T Realty,3.7,271,Real Estate,Mumbai
Sonalika Group of Companies,3.8,271,Automobile,Hoshiarpur
Latinem,3.6,272,Real Estate,Hyderabad
Eastern Condiments,3.8,271,FMCG,Kochi
Sakra World Hospital,4.0,271,Healthcare,Bengaluru
iServeU,4.1,271,FinTech,Bhubaneswar
Karnataka Bank,3.7,270,Banking,Bengaluru
Central Institute of Mining and Fuel Research,3.9,270,Education & Training,Dhanbad
Dynamatic Technologies,3.7,271,Auto Components,Bengaluru
Belstar Investment and Finance,4.1,270,Investment Banking / Venture Capital / Private Equity,Chennai
Sundaram Business Services,3.7,270,BPO,Chennai
PG Electroplast,4.0,270,Consumer Electronics & Appliances,Noida
Vacmet India,4.1,270,Packaging,Indore
Anthology,3.4,271,EdTech,Bengaluru
Birla Open Minds Education Private Limited,3.1,271,Education & Training,Hyderabad
Toshiba Software India,3.4,271,IT Services & Consulting,Bengaluru
Amity Software Limited,3.9,270,Insurance,Noida
Gujarat State Fertilizers & Chemicals,4.2,270,Agro Chemicals,Vadodara
Indovance Inc,4.1,270,Design,Pune
Shyam Steel Manufacturing,3.5,270,Kolkata +44 other locations,
Bhilai Engineering Corporation,3.6,270,Industrial Machinery,Bhilai Nagar
Snowman Logistics,4.1,270,Logistics,Bengaluru
Sparsh Hospital,3.7,271,Healthcare,Bengaluru
Perfios Software Solutions,3.5,271,FinTech,Bengaluru
Dbs Mintek,3.3,269,Financial Services,Pune
Fashion TV,3.0,269,Retail,Mumbai
Dyson,3.7,269,Consumer Electronics & Appliances,Gurugram
Dnata,3.2,270,Aviation,Bengaluru
JP Infra,3.7,270,Real Estate,Mumbai
Tata Strive Skill Development Centre,3.9,269,Education & Training,Mumbai
Shivani Locks,3.7,270,Industrial Machinery,Faridabad
Corsearch,3.9,269,IT Services & Consulting,Mumbai
Kovai Medical Center and Hospital,4.2,269,Healthcare,Coimbatore
JRG Automotive india,3.2,269,Auto Components,Bawal
AISECT,3.8,269,Education & Training,Bhopal
Steel Infra Solutions,3.5,269,Bhilai Nagar +18 other locations,
Sahajanand Medical Technologies,3.4,269,Medical Equipment,Surat
Allengers Medical Systems,3.7,269,Medical Equipment,Chandigarh
AAFT,4.1,269,EdTech,Noida
Tata Autocomp Gotion Green Energy Solutions,,--,Auto Components,Pune
Fresenius Medical Care,3.8,269,Healthcare,Gurugram
OmniActive Health Technologies,3.4,268,Fitness & Wellness,Pune
Durian Industries,3.8,269,Retail,Mumbai
Expertise Contracting Company,3.5,269,Industrial Machinery,Al Jubail
Appasamy Associates,3.5,268,Medical Equipment,Chennai
Tata Boeing Aerospace,3.6,268,Defence & Aerospace,Hyderabad
Mitsubishi Elevators,4.1,268,Industrial Machinery,Bengaluru
Trimble,3.8,268,IT Services & Consulting,Chennai
Wilo Mather and Platt Pumps,3.9,269,Industrial Machinery,Pune
Data Marshall,3.2,268,Analytics & KPO,Hyderabad
Sony India Software Centre,3.7,268,Consumer Electronics & Appliances,Bengaluru
Kutch Chemical Industries,3.9,268,Chemicals,Gandhidham
Calderys India Refractories,4.1,267,Metals & Mining,Nagpur
Etisalat,3.3,267,Telecom,Dubai
Danieli,3.6,267,Industrial Machinery,Chennai
O P Jindal Global University,3.6,268,Education & Training,Sonipat
Rostfrei Steels,3.7,267,Industrial Machinery,New Delhi
Shriram Value Services,3.9,267,IT Services & Consulting,Chennai
Cochin Shipyard,4.2,267,Ports & Shipping,Kochi
Roha Dyechem,3.5,267,Food Processing,Mumbai
LIXIL,3.9,267,Building Material,Gurugram
Amantya Technologies,3.9,267,IT Services & Consulting,Gurugram
Unison Pharmaceuticals,3.9,267,Pharma,Ahmedabad
Leap Finance,3.1,267,FinTech,Bengaluru
Bombardier Transportation,4.4,266,Urban Transport,Vadodara
UNICEF,3.9,267,Non-Profit,New Delhi
Modi Mundi Pharma,3.9,266,Pharma,New Delhi
Globus Infocom,4.2,266,EdTech,Noida
Diffusion Engineers,4.1,266,Industrial Machinery,Nagpur
Unitech,3.7,266,Real Estate,Gurugram
Amazon Distributors,3.9,266,New Delhi +37 other locations,
SCM Garments,3.5,266,Fashion & Textile,Tiruppur
CohnReznick,3.9,267,Accounting & Auditing,Chennai
Liberty Shoes,3.9,266,Fashion & Textile,Karnal
Rossell Techsys,4.1,267,Defence & Aerospace,Bengaluru
Epigral,4.1,266,Chemicals,Bharuch
JGC Corporation,4.4,266,Engineering & Construction,Chennai
Zeetech Management And Marketing,3.8,266,Ranchi +34 other locations,
British Paints,3.7,266,Chemicals,New Delhi
Sundaram Home Finance,4.2,266,NBFC,Chennai
Novonesis,3.8,266,Biotechnology,Bengaluru
Fingent,3.9,265,Software Product,Kochi
Health Total,3.7,265,Fitness & Wellness,Mumbai
Reliance Cement Company,4.1,265,Building Material,Maihar
The KCP,4.1,265,Building Material,Chennai
Super Auto Forge,4.0,265,Industrial Machinery,Chennai
KiwiTech,3.6,265,IT Services & Consulting,Noida
Eaton Power Quality,4.0,265,Electronics Manufacturing,Puducherry
Hawkins Cookers,3.7,265,Consumer Electronics & Appliances,Mumbai
Rajiv Gandhi Cancer Institute & Research Centre,3.8,265,Healthcare,New Delhi
Kinetic Engineering,3.4,265,Auto Components,Ahilyanagar
Indian Railway Catering and Tourism,3.7,265,Travel & Tourism,New Delhi
The Professional Couriers,3.4,266,Logistics,New Delhi
Pahal Financial Services,4.1,266,NBFC,Ahmedabad
MEDOPHARM,3.8,264,Pharma,Chennai
i-exceed technology solutions,3.4,264,FinTech,Bengaluru
Birla Tyres,3.6,264,Auto Components,Balasore
Honasa Consumer,3.6,264,Beauty & Personal Care,Gurugram
Vamani Overseas Pvt Ltd,3.4,264,Fashion & Textile,Faridabad
Government of Andhra Pradesh,3.7,264,Government,Hyderabad
ZIGRAM,3.3,264,Software Product,Gurugram
Searce Cosourcing Services,3.0,264,IT Services & Consulting,Pune
Apollo 247,3.3,264,Healthcare,Hyderabad
Agappe Diagnostics,4.1,265,Medical Equipment,Kochi
Mogli labs,3.5,264,Internet,Noida
PMT Machines,3.2,264,Industrial Machinery,Pune
GfK MODE,3.3,264,Analytics & KPO,Gurugram
Meghmani Industries,3.5,264,Agro Chemicals,Bharuch
Madhucon Projects,3.6,264,Engineering & Construction,Hyderabad
Mamaearth,3.8,264,Beauty & Personal Care,Gurugram
Lafarge,4.6,263,Building Material,Mumbai
Reliance Fresh,4.3,263,Retail,New Delhi
Supermax Personal Care,3.5,263,Beauty & Personal Care,Mumbai
Metacube Software,3.9,263,IT Services & Consulting,Jaipur
Rehau Polymers,3.3,263,Engineering & Construction,Vadodara
Teleindia Networks,3.7,264,Telecom,Bengaluru
Dataflow Group,2.9,264,Law Enforcement & Security,Noida
Emversity,4.1,264,Education & Training,Bengaluru
Rosenberger Electronic,4.0,263,Electronics Manufacturing,Gurugram
Forvia,3.4,263,Auto Components,Pune
Burckhardt Compression,3.9,263,Industrial Machinery,Pune
Tractor Junction,4.1,262,Internet,Alwar
Mangalam Cement,3.9,262,Building Material,Kota
Ujala Cygnus,3.6,262,Healthcare,New Delhi
Binary Semantics,3.3,262,IT Services & Consulting,Gurugram
JSG Group,3.6,262,Auto Components,New Delhi
Galgotias University,3.6,262,Education & Training,Greater Noida
Hindware Home Innovation,3.5,262,Consumer Electronics & Appliances,Gurugram
Mahagun India,3.0,262,Real Estate,Noida
MRO,2.9,263,Clinical Research,Pune
Zota Health Care,3.6,262,Pharma,Surat
Credgenics,4.1,262,FinTech,Noida
MBD GROUP,3.2,262,Printing & Publishing,New Delhi
Objectways Technologies,3.1,262,IT Services & Consulting,Karur
Leeford Healthcare,4.1,263,Pharma,Ludhiana
Hill International,4.3,262,Engineering & Construction,Mumbai
Nesma & Partners,4.2,262,Engineering & Construction,Mumbai
Gatewaypark Business,4.6,261,Software Product,Bengaluru
Omega Healthcare Solutions,3.6,261,Healthcare,Chennai
General Energy Management Systems,3.7,262,Industrial Machinery,Noida
Foundation To Educate Girls Globally,4.0,261,Education & Training,Mumbai
Motorola,4.2,261,Consumer Electronics & Appliances,Bengaluru
J. C. Penney,3.9,261,Retail,Bengaluru
SRM Institute of Science and Technology,3.7,261,Education & Training,Chennai
L. V. Prasad Eye Institute,4.1,261,Healthcare,Hyderabad
Vinove Software & Services,3.4,261,IT Services & Consulting,Noida
ION Group,2.3,261,Software Product,Noida
Apothecon Pharmaceuticals,4.4,262,Pharma,Vadodara
Indian Oil- Adani Gas,3.8,261,Oil & Gas,Noida
PhyCARE Solutions,3.6,261,Healthcare,Hyderabad
Wheels Emi,3.8,260,Auto Components,Pune
Weddingz.in,2.8,260,Internet,Mumbai
Infocus Technologies,3.9,260,IT Services & Consulting,Kolkata
Wavin,4.1,260,Noida +51 other locations,
Mobius Knowledge Services,3.4,260,Printing & Publishing,Chennai
JWIL,4.1,260,Waste Management,New Delhi
Shivaami Cloud Services,4.1,260,IT Services & Consulting,Mumbai
Mahindra Susten,4.4,260,Engineering & Construction,Mumbai
Maharishi Vidya Mandir,3.9,260,Education & Training,Chennai
Agilysys Technologies India,3.3,260,Software Product,Chennai
Zee Learn,3.5,260,Education & Training,Mumbai
Business for Social Responsibility,3.1,260,Accounting & Auditing,Mumbai
Rishabh Software,3.7,260,IT Services & Consulting,Vadodara
Singareni Collieries Company,4.5,260,Metals & Mining,Hyderabad
KGK Group,3.3,260,Jewellery,Mumbai
ReachLocal Services,3.6,260,Marketing & Advertising,Mumbai
Toyotetsu India Auto Parts,3.8,260,Auto Components,Bengaluru
Cargo Motors,4.0,261,Automobile,Ahmedabad
Niwas Housing Finance,4.1,260,Financial Services,Mumbai
Ruloans,3.5,259,Financial Services,Mumbai
Integra Micro Systems,3.8,259,Software Product,Bengaluru
Rittal,3.8,260,Industrial Machinery,Bengaluru
Venus Industrial Corporation,3.9,260,Industrial Machinery,Faridabad
Malabar Group Of Companies,3.7,259,Jewellery,Kozhikode
Bajaj Healthcare,3.3,259,Pharma,Vadodara
Algonomy,3.7,259,Software Product,Bengaluru
Central Tool Room & Training Centre,4.0,259,Industrial Machinery,Bhubaneswar
GrapplTech,4.8,259,IT Services & Consulting,Bengaluru
Arrise Bpo Solutions,3.5,259,BPO,Mumbai
Oriental Carbon & Chemicals,4.3,259,Chemicals,Mundra
Sophos Technologies,3.6,259,Software Product,Bengaluru
Catch Foods,4.1,259,Food Processing,Noida
Costa Cruise Lines,4.2,259,Travel & Tourism,Mumbai
RG Stone Urology & Laparoscopy Hospital,3.9,259,Healthcare,New Delhi
AceCloud by RTDS,4.1,259,IT Services & Consulting,Gurugram
L&T Heavy Civil Infrastructure,4.1,259,Engineering & Construction,Chennai
Aditya Infotech,4.3,259,IT Services & Consulting,Noida
Quality Council of India,3.3,258,New Delhi +23 other locations,
Avance Consulting Services,3.7,258,Recruitment,Hyderabad
KTL Automobile,3.9,258,Automobile,Lucknow
Shalina Healthcare,3.3,258,Pharma,Pune
OneCard,3.3,259,FinTech,Pune
Oswaal Books and Learning Private Limited,4.0,258,Printing & Publishing,Agra
Media.net Software Services (India),3.2,258,Marketing & Advertising,Mumbai
Aarti Pharmalabs,3.7,258,Pharma,Mumbai
Paul Merchants,3.8,257,NBFC,Chandigarh
New Allenberry Works,3.4,257,Power,Faridabad
Varite,3.4,257,IT Services & Consulting,Bengaluru
Dhruv Research,3.0,257,Management Consulting,Gurugram
Grassroots BPO,3.3,257,BPO,Bengaluru
Sudhir Power,3.6,257,Power,Gurugram
Elevanceskills,4.4,268,Education & Training,Bengaluru
Simpolo Vitrified,4.0,257,Building Material,Ahmedabad
Leayan Global,3.9,257,Fashion & Textile,Kanpur
Oncquest Laboratories,3.3,257,Healthcare,New Delhi
ITCONS e-Solutions,3.4,257,IT Services & Consulting,Noida
InvestoXpert,4.4,257,Internet,Noida
Mayfair Hotels & Resorts,4.3,257,Hospitality,Bhubaneswar
LOTS Wholesale Solutions,4.0,257,Food Processing,New Delhi
KANINI Software Solutions,3.9,258,IT Services & Consulting,Chennai
Saint Gobain Sekurit India,3.7,258,Auto Components,Chennai
Triveni Turbines,3.7,256,Electrical Equipment,Bengaluru
Richfeel Health & Beauty,3.3,256,Beauty & Personal Care,Mumbai
Health Insurance TPA of India,3.8,256,Insurance,Noida
KPC Projects,4.0,256,Engineering & Construction,Hyderabad
Madras Radiators and Pressings Limited,3.5,256,Auto Components,Chennai
Captain Fresh,3.9,256,Food Processing,Bengaluru
CLR Facility Services,3.7,257,Facility Management Services,Pune
Ivy Mobility Solutions,2.7,256,Software Product,Chennai
Royal Infraconstru,3.4,256,Engineering & Construction,Kolkata
Mercurius Advisory Services,4.4,256,Accounting & Auditing,New Delhi
Yodlee,3.9,255,Software Product,Bengaluru
Hewlett Packard Globalsoft,3.5,255,Bengaluru +7 other locations,
Tangoe,3.8,255,IT Services & Consulting,Bengaluru
Smith+Nephew,4.1,255,Medical Equipment,Pune
Betsol,3.5,255,IT Services & Consulting,Bengaluru
Bright Life Care,4.0,257,Fitness & Wellness,Gurugram
Millennium Engineers & Contractors,4.1,255,Engineering & Construction,Pune
Laborate Pharmaceuticals,3.7,255,Pharma,Panipat
Lucy Electric,3.8,255,Electrical Equipment,Nashik
Newgen Knowledge Works,3.4,255,Printing & Publishing,Chennai
SR Fast Connect Staffing,4.5,258,Noida +7 other locations,
Cordova Publication,3.4,255,Printing & Publishing,Noida
PERSOLKELLY,3.3,255,Recruitment,Bengaluru
El Seif Engineering Contracting,4.3,255,Engineering & Construction,Riyadh
Bombay Stock Exchange,3.4,255,Financial Services,Mumbai
Canam Consultants,3.3,255,Education & Training,Chandigarh
TP Western Odisha Distribution,3.4,256,Power,Sambalpur
Virgo Laminates,4.0,255,Building Material,New Delhi
GeeksForGeeks,2.8,255,Education & Training,Noida
Enviri,3.9,255,Waste Management,Hyderabad
Jain University,3.4,256,Education & Training,Bengaluru
Sila Solutions,3.8,256,Facility Management Services,Mumbai
Plada Infotech Services,3.5,254,IT Services & Consulting,Mumbai
MARG ERP,3.5,254,Accounting & Auditing,New Delhi
Sequential Technology International,4.1,254,BPO,Gurugram
ATC Telecom Infrastructure,4.3,254,Telecom,Gurugram
Sona Koyo Steering Systems,4.2,254,Auto Components,Gurugram
Zyoin,3.5,254,Recruitment,Bengaluru
Turtle,3.2,254,Fashion & Textile,Kolkata
Adani Airport Holdings,3.0,256,Aviation,Ahmedabad
Meneta Automotive Components,3.9,254,Auto Components,Sonipat
Health Prime Services (India),3.5,255,Medical Equipment,Mumbai
Welspun Global Brands,3.8,255,Fashion & Textile,Mumbai
Kotak Mahindra General Insurance,3.6,254,Insurance,Mumbai
Crest Data Systems,4.0,254,IT Services & Consulting,Ahmedabad
Godawari Power & Ispat,4.3,254,Iron & Steel,Raipur
Inland World Logistics,3.5,254,Logistics,Mumbai
Electropneumatics & Hydraulics (I),4.1,254,Industrial Machinery,Pune
Interocean Group,4.3,254,Ports & Shipping,New Delhi
Muthoot Money,3.9,253,NBFC,Hyderabad
ASUS,4.3,253,Consumer Electronics & Appliances,Mumbai
Navata Road Transport,3.6,253,Logistics,Vijayawada
WorkIndia,3.1,253,IT Services & Consulting,Bengaluru
Exusia,3.2,253,IT Services & Consulting,Pune
Zamil Steel Buildings India,4.0,253,Engineering & Construction,Pune
Goodluck,3.8,253,Iron & Steel,Ghaziabad
PMEA Solar Tech Solutions,4.0,253,Automobile,Nashik
GS Engineering & Construction,3.7,253,Engineering & Construction,Mumbai
Stashfin,4.4,254,FinTech,New Delhi
Archirodon,4.3,253,Engineering & Construction,Mumbai
HyperCITY,4.7,252,Retail,Mumbai
GTL Limited,4.3,252,Hardware & Networking,Pune
Turner Construction,4.0,252,Engineering & Construction,Mumbai
SpanIdea,3.4,252,IT Services & Consulting,Bengaluru
Net Solutions,3.9,253,IT Services & Consulting,Chandigarh
Antara Senior Care,3.1,253,Gurugram +13 other locations,
Matter Motor Works,2.9,253,Automobile,Ahmedabad
Everllence,3.6,252,Industrial Machinery,Chhatrapati Sambhajinagar
Chandigarh Group of Colleges,3.8,252,Education & Training,Chandigarh
Sangam India,3.7,252,Fashion & Textile,Bhilwara
ITW India,3.8,252,Automobile,Pune
Trantor,3.7,252,IT Services & Consulting,Chandigarh
AGIO Pharmaceuticals,3.6,252,Pharma,Pune
GE Aviation,4.0,252,Aviation,Pune
Sika,3.8,252,Chemicals,Mumbai
Mahindra Defence Systems,3.9,252,Defence & Aerospace,Pune
Maruti Ispat And Pipes,3.8,258,Iron & Steel,Hyderabad
NextGen Healthcare,3.7,252,Software Product,Bengaluru
Vserve Ebusiness Solutions,4.3,252,IT Services & Consulting,Coimbatore
Simpson,3.4,251,Auto Components,Chennai
UPS Supply Chain Solutions,3.8,251,Logistics,Pune
Sraco,3.7,251,Engineering & Construction,Dammam
Apollo Pipes,3.9,251,Building Material,Noida
WizKlub,2.9,251,EdTech,Bengaluru
Pacific Cyber Technology,3.7,251,Electronics Manufacturing,Daman
Promea Therapeutics,4.1,251,Medical Equipment,Hyderabad
Jakson Green,4.3,252,Noida +39 other locations,
Naga Limited,3.6,251,Food Processing,Dindigul
Bizcrum Infotech,3.5,251,Internet,New Delhi
Som Autotech,3.9,251,Auto Components,Chhatrapati Sambhajinagar
GMM Pfaudler,3.8,251,Industrial Machinery,Anand
IIT Madras,3.9,251,Education & Training,Chennai
Invertis University,4.7,251,Education & Training,Bareilly
Credera,3.1,252,IT Services & Consulting,Hyderabad
Diamond Beverages,3.1,251,Beverage,Kolkata
Intersoft Data Labs,3.6,250,IT Services & Consulting,Gurugram
RGBSI,3.3,250,Software Product,Bengaluru
Sai Service,3.8,250,Automobile,Mumbai
SA Infrastructure Consultants,3.6,250,Engineering & Construction,Noida
Huntsman International,4.1,250,Chemicals,Mumbai
Stanley Lifestyles,3.9,250,Furniture & Furnishing,Bengaluru
HAL Offshore,4.2,250,Oil & Gas,Mumbai
YES SECURITIES,3.5,250,Investment Banking / Venture Capital / Private Equity,Mumbai
Xtancia Technosoft,4.0,250,Software Product,Chennai
Barista Coffee Company,4.3,250,Hospitality,New Delhi
Madras Engineering Industries,3.7,250,Auto Components,Chennai
Terrier Security Services,4.2,250,Law Enforcement & Security,Bengaluru
Edward Food Research and Analysis Centre,3.8,250,Analytics & KPO,Kolkata
Hindustan Pencils,4.1,250,FMCG,Mumbai
KhataBook,3.5,250,FinTech,Bengaluru
Easyday Club,4.6,249,Retail,New Delhi
Capillary Technologies,3.3,249,Software Product,Bengaluru
Essar Power,4.0,249,Power,Jamnagar
Lenexis Foodworks,3.6,252,Hospitality,Mumbai
Interarch Building Product,4.0,249,Engineering & Construction,Noida
VSynergize Outsourcing,3.0,249,Marketing & Advertising,Pune
Ricoh,4.1,249,IT Services & Consulting,New Delhi
Vision Express,4.0,249,Retail,Bengaluru
Clearpack,4.0,249,Industrial Machinery,Greater Noida
Keller Ground Engineering,4.0,250,Engineering & Construction,Chennai
Raj Petro Specialities,3.8,249,Oil & Gas,Chennai
Skylark Infra Engineering Private Limited,3.8,249,Engineering & Construction,Gurugram
Tatvasoft,3.3,249,IT Services & Consulting,Ahmedabad
Kroll,3.5,249,Financial Services,Mumbai
Futurz Staffing Solutions,3.8,249,Recruitment,Mumbai
Botree Software International,3.4,249,Software Product,Chennai
Suminter India Organics,3.8,249,FMCG,Mumbai
Ventra Health,3.2,249,Analytics & KPO,Chennai
Starmark Software,3.4,249,IT Services & Consulting,Bengaluru
Virohan,3.9,249,Education & Training,Gurugram
Codeyoung,3.9,249,Bengaluru +7 other locations,
The Institute Of Chartered Accountants,3.3,249,Education & Training,New Delhi
CP Plus,3.9,249,Law Enforcement & Security,Y
C. L. GUPTA EXPORTS,4.2,248,Import & Export,Moradabad
The Smart Cube,3.4,248,Management Consulting,Noida
Innova Captab,4.1,249,Pharma,Baddi
Simar Infrastructures,3.7,248,Engineering & Construction,Panipat
Star Engineers India,3.5,249,Auto Components,Pune
IIFL Securities,3.9,248,Financial Services,Mumbai
Xylem Learning,4.2,248,EdTech,Kozhikode
Cross Country Infotech,4.0,248,IT Services & Consulting,Pune
Anand Rathi Global Finance,3.3,249,NBFC,Mumbai
Jindal India Thermal Power,3.8,248,Power,Angul
Sami-Sabinsa Group,3.5,248,Pharma,Bengaluru
Puranik Builders,4.1,248,Real Estate,Mumbai
Kapture CX,3.2,248,Software Product,Bengaluru
L&T Water & Effluent Treatment,4.0,248,Engineering & Construction,Chennai
Pinnacle Industries,3.4,248,Auto Components,Indore
Metro Brands,3.7,248,Fashion & Textile,Mumbai
Little Nap Recliners,4.7,248,Furniture & Furnishing,New Delhi
Dev Information Technology,3.4,249,IT Services & Consulting,Ahmedabad
DAZN,2.6,248,Media & Entertainment,Hyderabad
DM Consultants,1.4,247,Abu Dhabi +16 other locations,
Securens System,3.9,247,Law Enforcement & Security,Mumbai
Safran Engineering Services India,3.1,247,Aviation,Bengaluru
FoodPanda,3.9,247,Internet,Gurugram
CTM India Limited,3.5,247,Industrial Machinery,Chennai
Onkar Infotech,4.0,247,BPO,Gurugram
Formidium Corp,2.8,247,Financial Services,Jaipur
Kaveri Seed Company,4.0,247,Agriculture,Hyderabad
Mfar Constructions,3.8,247,Engineering & Construction,Bengaluru
Net Access India,3.8,247,IT Services & Consulting,Chennai
Experion Developers,4.7,247,Real Estate,Gurugram
Dalmia Bharat Sugar & Industries,4.1,247,Food Processing,Kolhapur
Ecolab,3.4,247,Waste Management,Pune
Entero Healthcare Solutions,4.1,247,Pharma,Mumbai
Zifo RnD Solutions,3.7,247,IT Services & Consulting,Chennai
Organic India,4.3,247,FMCG,Lucknow
RineX,4.0,248,Bengaluru +16 other locations,
Tokai Rubber Auto Parts India,3.4,246,Industrial Machinery,Neemrana
VISA Steel,3.1,246,Iron & Steel,Jajpur
Genzeon (India) Private Limited,3.9,246,IT Services & Consulting,Hyderabad
Sedin Technologies,4.4,247,IT Services & Consulting,Chennai
National Securities Depository,3.5,246,Financial Services,Mumbai
Health & Glow,3.7,246,Beauty & Personal Care,Bengaluru
Coolberg Beverages,3.2,246,Hospitality,Mumbai
National Contracting Company,4.0,246,Engineering & Construction,Chennai
Godrej Capital,3.5,246,Financial Services,Mumbai
Lentra AI,2.7,246,Financial Services,Pune
Billabong High International School,3.7,246,Education & Training,Mumbai
Cryoviva Biotech,3.3,246,Biotechnology,Gurugram
Microchip Technology,3.7,246,Semiconductors,Bengaluru
Netenrich Technologies,3.2,246,Software Product,Hyderabad
Chennai Petroleum Corporation,4.6,245,Oil & Gas,Chennai
VERITY GLOBAL SOLUTIONS,3.5,245,Investment Banking / Venture Capital / Private Equity,Bengaluru
Allianz,4.4,245,Insurance,Thiruvananthapuram
Indutch Composites Technology,3.7,245,Industrial Machinery,Chennai
Tirupati Group,4.1,245,Pharma,Paonta Sahib
NKC Projects,4.0,245,Engineering & Construction,Gurugram
Q Way Technologies,2.9,246,Healthcare,Chennai
Bhavani Industries,3.6,245,Rajkot +17 other locations,
Bekaert Industries,3.9,245,Electrical Equipment,Pune
Acorn Universal Consultancy LLP,4.3,245,BPO,Anand
Grazitti Interactive,3.0,245,IT Services & Consulting,Chandigarh
Klaus IT Solutions,3.3,245,IT Services & Consulting,Bengaluru
Galpha Laboratories,3.7,245,Pharma,Baddi
Upwork,4.3,245,Internet,Bengaluru
Kuwait Oil Company,4.3,245,Oil & Gas,Chennai
La Renon Healthcare,4.2,245,Pharma,Ahmedabad
BoAt,4.3,245,Consumer Electronics & Appliances,Mumbai
Radnik Exports,4.1,244,Fashion & Textile,Noida
Dish Infra Services,3.1,244,Telecom,New Delhi
Bravura Solutions,3.8,244,Software Product,Gurugram
Identifyplus Delivery Services,3.1,245,Logistics,Gurugram
Webtel Electrosoft,3.7,244,IT Services & Consulting,New Delhi
Global Edge Software,3.4,244,Software Product,Bengaluru
Ratna Sagar,3.7,243,Printing & Publishing,New Delhi
AONE OUTSOURCING SOLUTIONS,4.6,244,Financial Services,Ghaziabad
ITI Finance,4.1,244,Financial Services,Mumbai
Programmers.io,3.9,244,IT Services & Consulting,Jaipur
Covalent Laboratories,3.4,244,Pharma,Hyderabad
Toshiba,4.1,244,Industrial Machinery,Bengaluru
Bread Financial,3.7,244,FinTech,Bengaluru
Envestnet Asset Management,4.0,244,Financial Services,Thiruvananthapuram
Miraj Cinemas,3.7,244,Media & Entertainment,Mumbai
Arkade Group,3.9,244,Real Estate,Mumbai
Collman Services,3.7,244,BPO,Chennai
Annova Solutions,3.6,244,Pharma,Indore
Ajay Industrial Corporation,3.4,244,Industrial Machinery,New Delhi
Sales India,4.1,243,Retail,Ahmedabad
ICICI Merchant Service,3.5,243,Banking,Mumbai
Pittie Group,2.9,243,Real Estate,Mumbai
iVenus,4.1,243,Retail,Surat
Corecard Software,3.8,244,FinTech,Bhopal
Q3 Technologies,3.4,243,IT Services & Consulting,Gurugram
Casio India Company,3.2,243,Consumer Electronics & Appliances,New Delhi
Akkodis,3.2,243,IT Services & Consulting,Bengaluru
Vasta Global,3.8,244,Clinical Research,Mumbai
SevenMentor,4.3,243,Education & Training,Pune
Kamineni Hospitals,4.1,243,Healthcare,Hyderabad
The BIM Engineers,4.2,243,Engineering & Construction,Gurugram
Zeelab Pharmacy,3.5,245,Pharma,New Delhi
Narmada Bio Chem,4.8,243,Agro Chemicals,Ahmedabad
Optiemus Electronics,3.6,243,Electronics Manufacturing,Noida
SRM Technologies Pvt.Ltd,3.3,243,IT Services & Consulting,Chennai
Chai Point,3.8,243,Hospitality,Bengaluru
Weikfield Foods,3.4,243,Food Processing,Pune
Sterling and Wilson Renewable Energy,4.1,243,Power,New Delhi
Housejoy,4.2,242,Facility Management Services,Bengaluru
Texas Review,3.9,242,Education & Training,Hyderabad
PIX Transmissions,3.7,242,Petrochemicals,Nagpur
Neon Laboratories,4.0,242,Pharma,Mumbai
Deen Dayal Upadhyaya Grameen Kaushalya Yojana,3.8,243,Government,Hyderabad
Jitm Skills,3.1,242,Education & Training,New Delhi
Alp Consulting,3.8,242,Recruitment,Bengaluru
Galva Decoparts,3.4,242,Chemicals,Vapi
NIELIT,4.1,242,Education & Training,New Delhi
Bull Machines,3.7,243,Engineering & Construction,Coimbatore
Spectrum Consultants,2.4,242,Recruitment,Pune
FEV,3.4,242,Auto Components,Pune
Eversana,3.2,242,Software Product,Pune
GlobusSoft,3.5,241,IT Services & Consulting,Bengaluru
Caliber Technologies,3.1,241,IT Services & Consulting,Hyderabad
BillDesk,3.1,241,FinTech,Mumbai
Barmalt Malting,3.9,241,Food Processing,Gurugram
Vaidik Eduservices,3.3,241,EdTech,Noida
Oasis Partners Asia,3.9,241,Recruitment,Mumbai
Sanjeev Auto Parts Manufacturers,4.1,241,Auto Components,Chhatrapati Sambhajinagar
Allen Solly,3.9,242,Fashion & Textile,Bengaluru
Sterling Hospitals,4.0,241,Healthcare,Ahmedabad
Regalo Kitchens,3.5,241,Architecture & Interior Design,New Delhi
Nova IVI Fertility,3.9,242,Healthcare,Bengaluru
Boston Institute of Analytics,4.3,241,Education & Training,Mumbai
QualiZeal,4.0,241,IT Services & Consulting,Hyderabad
SK E&C,4.4,242,Engineering & Construction,Mumbai
Income Tax Department India,4.3,241,Government,New Delhi
Kanpur Plastipack,3.6,241,Packaging,Kanpur
Smc Insurance Brokers,3.4,241,Insurance,New Delhi
Vakilsearch,3.1,241,Legal,Chennai
Prabhat Dairy,3.7,241,FMCG,Mumbai
Nineleaps Technology Solutions,4.3,241,IT Services & Consulting,Bengaluru
Avontix,3.4,241,IT Services & Consulting,Hyderabad
United Alliance Technology,4.9,241,IT Services & Consulting,Pune
CyberSWIFT Infotech,3.6,240,IT Services & Consulting,Kolkata
NBCC,3.9,240,Real Estate,New Delhi
Live Connections,3.8,240,Recruitment,Chennai
Fortune Park Hotels,4.0,240,Hospitality,Ahmedabad
University of Petroleum & Energy Studies,3.7,240,Education & Training,Dehradun
VGN Projects Estates,3.8,240,Real Estate,Chennai
Dhandhania Infotech,3.3,240,IT Services & Consulting,Nagpur
Renata Precision Components,3.4,240,Industrial Machinery,Pune
Filatex India,3.6,240,Fashion & Textile,Bharuch
HMSHost,3.8,240,FMCG,Bengaluru
Amara Raja Power Systems,4.3,240,Auto Components,Tirupati
Epicor Software Corporation,2.9,240,IT Services & Consulting,Bengaluru
Crown Solutions,3.7,240,IT Services & Consulting,Chennai
Pearl Global Industries,3.8,240,Fashion & Textile,Gurugram
Placementindia.com,4.9,240,Recruitment,New Delhi
Shalimar Corp,4.3,240,Real Estate,Lucknow
Accentuate Business Solutions,3.6,240,IT Services & Consulting,Bengaluru
Innoval Digital Solutions,4.7,239,Software Product,Thiruvananthapuram
Kwality Pharmaceuticals,3.9,239,Pharma,Amritsar
11:11 Systems,3.4,239,IT Services & Consulting,Pune
National Petroleum Construction Company,4.4,239,Oil & Gas,Abu Dhabi
Manubhai Jewellers,4.7,239,Jewellery,Mumbai
Hofincons Infotech & Industrial Services,4.0,239,Industrial Machinery,Chennai
Shaw Toyota,4.9,239,Automobile,Pune
Kharafi National,4.3,239,Engineering & Construction,Chennai
Javi Systems,3.6,239,IT Services & Consulting,Gurugram
The New India Assurance Co.,4.4,239,Insurance,Mumbai
Ammann Apollo,4.1,239,Industrial Machinery,Ahmedabad
Learning Links Foundation,4.1,240,Non-Profit,New Delhi
Bonito Designs,3.5,239,Architecture & Interior Design,Bengaluru
Ileads Auxiliary Services,3.0,239,BPO,Dehradun
American Oncology Institute,4.1,239,Healthcare,Hyderabad
Indo German Tool Room,4.0,239,Government,Chhatrapati Sambhajinagar
WPIL,3.4,239,Building Material,Kolkata
Rustomjee Group,4.0,239,Real Estate,Mumbai
OASYS Cybernetics,3.0,240,IT Services & Consulting,Chennai
Greenway Health,3.0,239,IT Services & Consulting,Bengaluru
Med Manor Organics,3.7,239,Pharma,Hyderabad
Nagata India,3.8,239,Metals & Mining,Gurugram
ILS Hospitals,3.6,239,Healthcare,Kolkata
Montra Electric,3.7,239,Automobile,Chennai
Kapston Services,4.0,239,Recruitment,Hyderabad
Bajel Projects,4.2,239,Engineering & Construction,Mumbai
Rajan Technocast,4.7,239,Industrial Machinery,Rajkot
Radius Global Solutions,2.8,239,BPO,Mumbai
Agrim,3.3,239,Agriculture,Gurugram
Arun Excello,3.8,239,Engineering & Construction,Chennai
Nordex India,3.8,239,Internet,Chennai
Tide - Business Management Platform,3.7,238,FinTech,Hyderabad
Karanwal Capital,4.6,238,Investment Banking / Venture Capital / Private Equity,Mumbai
Carnival Cinemas,3.7,238,Media & Entertainment,Mumbai
inMorphis Services,4.0,238,IT Services & Consulting,Noida
Infosearch BPO Services,4.1,238,BPO,Chennai
MQSYS Technologies,3.6,238,IT Services & Consulting,Chennai
Sewa Grih Rin,3.4,238,NBFC,New Delhi
Chandan Steel,3.4,238,Metals & Mining,Umbergaon
Government of West Bengal,3.5,238,Government,Kolkata
EY-Parthenon,3.0,238,Bengaluru +13 other locations,
Expertrons,3.6,238,Education & Training,Mumbai
S Chand Group,3.6,238,Printing & Publishing,New Delhi
Airblack,4.0,238,EdTech,Gurugram
Pharmaceutical job,4.2,239,Pharma,Mumbai
SkillRecruit,4.4,238,Recruitment,Hyderabad
Grb Dairy Foods,3.5,238,Food Processing,Hosur
Arkray Healthcare,3.4,238,Healthcare,Surat
NCL BUILDTEK,3.5,238,Building Material,Hyderabad
Tesseract Imaging,4.0,237,Navi Mumbai +5 other locations,
Linfox Logistics,4.1,237,Urban Transport,Chennai
The Sparks Foundation,4.3,238,Education & Training,Mumbai
Marathon Realty,3.9,237,Real Estate,Mumbai
Neudesic Technologies,4.1,237,IT Services & Consulting,Bengaluru
20Cube Logistics,3.7,237,Logistics,Chennai
National Insurance Company,4.6,238,Insurance,Kolkata
JAY JAY MILLS,4.0,238,Fashion & Textile,Erode
bebo Technologies,3.4,237,IT Services & Consulting,Chandigarh
Sanoh,4.1,237,Auto Components,Gurugram
Linc,3.5,237,FMCG,Kolkata
SMS Pharmaceuticals,3.1,237,Pharma,Hyderabad
Alembic,3.9,237,Pharma,Vadodara
CPM International,3.9,238,Recruitment,New Delhi
SLAP,3.9,237,Management Consulting,Anantapur
Bihar Foundry and Castings Limited,4.4,238,Industrial Machinery,Ramngarh
Skechers,4.1,237,Retail,Mumbai
Naprod Life Sciences,3.4,237,Pharma,Mumbai
Shankaranarayana Constructions,3.8,238,Engineering & Construction,Bengaluru
Vara United,3.7,237,IT Services & Consulting,Hyderabad
St. John's Medical College Hospital,4.1,236,Healthcare,Bengaluru
Evonith Value Steels,4.2,236,Iron & Steel,Wardha
Indiabulls Real Estate,4.4,236,Real Estate,Mumbai
Omprime Technology Private Limited,4.1,236,IT Services & Consulting,Gurugram
Box8,3.5,237,Hospitality,Bengaluru
Freedom Employability Academy,4.1,236,Education & Training,New Delhi
Linux Laboratories,4.0,236,Pharma,Chennai
Six Phrase,3.7,239,Coimbatore +14 other locations,
National Small Industries Corporation,4.0,236,Government,New Delhi
Franco-Indian Pharmaceuticals,3.3,236,Pharma,Mumbai
Scc Infrastructure,3.9,236,Engineering & Construction,Ahmedabad
RSH Global,4.1,236,FMCG,Kolkata
Dr B Lal Clinical Laboratory,4.4,236,Healthcare,Jaipur
Intuit,3.3,236,IT Services & Consulting,Bengaluru
VRC Constructions India,3.8,236,Engineering & Construction,New Delhi
Magnasoft Consulting India,3.2,236,IT Services & Consulting,Bengaluru
AT&S,3.6,236,Semiconductors,Mysuru
Geetanjali Medical College and Hospital,4.0,237,Healthcare,Udaipur
Sugam Parivahan,4.2,236,Logistics,Noida
Rajasthan Patrika,3.2,235,Broadcasting,Jaipur
Koyo Bearings India,3.9,235,Auto Components,Rewari
Premier Indoplast,4.1,236,Faridabad +20 other locations,
Sears Holdings,3.0,235,Retail,Pune
WEG,4.2,235,Electronics Manufacturing,Hosur
Aditya Birla Money,3.9,235,Chennai +44 other locations,
Azim Premji Foundation,3.8,235,Non-Profit,Bengaluru
S&IB Services,3.9,236,Facility Management Services,Kolkata
Student Life,4.0,235,Non-Profit,Kolkata
Kobelco Construction Equipment India,4.2,236,Industrial Machinery,Chennai
Sarda Energy & Minerals,4.0,235,Iron & Steel,Raipur
Parason Machinery,3.3,235,Industrial Machinery,Chhatrapati Sambhajinagar
Parle Elizabeth Tools,3.9,235,Industrial Machinery,Ahmedabad
Atibir Industries,3.1,236,Iron & Steel,Giridih
Prompt Personnel,3.8,235,Recruitment,Mumbai
Selectsys,3.5,235,Software Product,Hyderabad
Ginger Hotels,3.9,235,Hospitality,Mumbai
Jaipur National University,3.0,235,Education & Training,Jaipur
APM Terminals,4.4,235,Ports & Shipping,Mumbai
Lubi Industries Llp,4.1,236,Industrial Machinery,Ahmedabad
AGILE AIRPORT SERVICES,3.9,235,Aviation,New Delhi
Harita Techserv,3.3,235,Recruitment,Bengaluru
Airtel Africa,3.0,235,Telecom,Gurugram
Groupe SEB,3.4,235,Consumer Electronics & Appliances,New Delhi
NMDC Steels,3.9,237,Iron & Steel,Jagdalpur
Victora Industries,3.7,235,Auto Components,Faridabad
Zones Corporate Solutions,3.2,236,IT Services & Consulting,Bengaluru
Infoesearch Ites,3.2,234,Media & Entertainment,Hyderabad
LUX Industries,3.3,234,Fashion & Textile,Kolkata
Autometers Alliance,4.3,235,Electronics Manufacturing,Noida
ADARSH DEVELOPERS,4.3,234,Real Estate,Bengaluru
Mvs Acmei Technologies,3.9,234,Industrial Machinery,Hyderabad
BPL Medical Technologies,3.4,234,Medical Equipment,Bengaluru
Sneha Farms,4.0,235,Agriculture,Hyderabad
Advantum Health,2.9,234,Healthcare,Hyderabad
Sears IT & Management Services India,3.1,234,IT Services & Consulting,Pune
Shorthills AI,3.6,234,Emerging Technologies,Gurugram
Rasna,3.3,234,Food Processing,Ahmedabad
Impressico Business Solutions,4.4,234,IT Services & Consulting,Noida
AABSyS IT,3.2,235,IT Services & Consulting,Bhubaneswar
iD Fresh Food,4.1,234,FMCG,Bengaluru
M.J Global,3.9,234,Packaging,Noida
Impact Analytics,3.9,234,IT Services & Consulting,Bengaluru
Cyrix Health Care,4.3,234,Medical Equipment,Lucknow
Ajmera Realty & Infra India,4.6,235,Real Estate,Mumbai
Finorchem Limited,3.7,234,Petrochemicals,Ankleshwar
Cube Highways,4.3,234,Engineering & Construction,Noida
Veltris,3.6,234,IT Services & Consulting,Hyderabad
Aziro,3.5,235,IT Services & Consulting,Chennai
Paradise Food Court,3.7,234,Hospitality,Hyderabad
Copart,3.1,234,Automobile,Hyderabad
Tecnotree Convergence,3.1,235,IT Services & Consulting,Bengaluru
Fusion,3.1,234,IT Services & Consulting,Kolkata
MASAI School,4.2,234,EdTech,Bengaluru
Shiva Pharmachem,3.8,234,Pharma,Vadodara
Arvato,3.7,233,IT Services & Consulting,Gurugram
JPM Group,3.8,233,Industrial Machinery,Gurugram
Verzeo,2.7,233,EdTech,Bengaluru
"Sanjay Ghodawat International School, Kolhapur",3.5,233,Education & Training,Kolhapur
Pure & Cure Healthcare,4.1,233,Pharma,Haridwar
Focus Energy,3.5,233,Oil & Gas,Jaisalmer
Red Bull,4.1,233,Beverage,Mumbai
Pontika Aerotech,3.6,233,Pharma,Paonta Sahib
SEO Discovery,4.9,235,Financial Services,Sahibzada Ajit Singh Nagar
Advids,4.4,233,Marketing & Advertising,Pune
Precision Group,3.5,233,Industrial Machinery,Chennai
Asian Institute of Medical Sciences,3.9,233,Faridabad +12 other locations,
Garware Hi-Tech Films,4.0,233,Packaging,Chhatrapati Sambhajinagar
Pearl Precision Products,3.8,234,Building Material,Noida
Excellon Software,4.3,234,Software Product,Pune
Kumaran Systems,3.5,233,IT Services & Consulting,Chennai
Kalyani Maxion Wheels,4.1,233,Auto Components,Pune
Uniinfo Telecom Services,3.4,233,Telecom,Indore
IMSI,3.1,233,Recruitment,Mumbai
Brij Gopal Construction Company,3.9,233,Engineering & Construction,New Delhi
Radio Mirchi,3.3,233,Broadcasting,Mumbai
GLA University,3.6,233,Education & Training,Mathura
Albert David,3.5,234,Pharma,Kolkata
Echs Polyclinic,4.1,233,Healthcare,New Delhi
Balasore Alloys,3.0,235,Metals & Mining,Balasore
RASI SEEDS,4.1,232,Agriculture,Hyderabad
LawSikho,3.8,232,New Delhi +9 other locations,
Svatantra Micro Housing Finance Corporation Limited,3.9,232,Financial Services,Mumbai
Schott Poonawalla,3.7,233,Packaging,Vadodara
Umedica Laboratories,3.6,232,Pharma,Vapi
Sand Martin Consultants,2.9,234,BPO,New Delhi
MUNDRA SOLAR TECHNOPARK,3.7,232,Industrial Machinery,Mundra
Little Millennium,3.8,232,EdTech,Pune
Essae Digitronics,4.1,232,Electronics Manufacturing,Bengaluru
Valueonshore Advisors,3.8,232,Management Consulting,Gurugram
SUGAR Cosmetics,3.8,232,Internet,Mumbai
HEG,3.8,232,Semiconductors,Bhopal
Balaji Enterprises,4.4,232,Real Estate,New Delhi
Andhra Paper,3.5,232,Pulp & Paper,Rajamahendravaram
Excelra Knowledge Solutions,3.4,232,Analytics & KPO,Hyderabad
Bondada Engineering,3.5,232,Engineering & Construction,Hyderabad
Chaitanya Projects Consultancy,4.0,232,Financial Services,Noida
PIT Solutions,3.7,232,IT Services & Consulting,Thiruvananthapuram
Paychex IT Solutions India,3.3,232,Software Product,Bengaluru
Xchanging,4.1,231,IT Services & Consulting,Bengaluru
Bombay Rayon Fashions,3.2,231,Fashion & Textile,Mumbai
Ga Digital Web Word,3.6,231,IT Services & Consulting,New Delhi
The Indian Express,4.0,231,Printing & Publishing,Noida
SunMax Auto Engineering,3.5,231,Auto Components,Gurugram
Fresher Than Fresh,4.0,231,Retail,Hyderabad
LinkedIn,4.0,231,Internet,Bengaluru
IVTL Infoview Technologies,3.6,231,IT Services & Consulting,Chennai
Changepond Technologies,3.0,231,IT Services & Consulting,Chennai
TravelTriangle,3.5,231,Travel & Tourism,Gurugram
Maral Overseas,3.6,231,Fashion & Textile,Noida
Sun Vacuum Formers,3.8,231,Auto Components,Gurugram
Aachi Foods,4.0,231,FMCG,Chennai
Itvedant Education,3.7,231,Education & Training,Mumbai
Neolite Zkw Lightings,3.9,231,Auto Components,Bahadurgarh
KNR Constructions,4.0,230,Engineering & Construction,Hyderabad
Raheja Developers,3.0,230,Real Estate,Gurugram
Flex Technologies,3.9,231,Chennai +10 other locations,
Jaypee Hotels,3.8,230,Hospitality,New Delhi
Scania,3.6,230,Auto Components,Bengaluru
Army Ordnance Corps,4.8,230,Defence & Aerospace,New Delhi
Trivitron Healthcare,3.3,230,Medical Equipment,Chennai
Games24x7,3.9,230,Gaming,Bengaluru
Qi Spine Clinic,3.7,232,Healthcare,Mumbai
Touchstone Educationals,3.2,231,Education & Training,Chandigarh
Reecomps Teleservices,3.7,230,Telecom,Mumbai
Stratosphere IT Services,3.0,230,Recruitment,Hyderabad
Matrix ComSec,3.6,230,Law Enforcement & Security,Vadodara
MaRS Planning & Engineering Services,3.7,230,Engineering & Construction,Ahmedabad
VHS Consulting,3.8,230,IT Services & Consulting,Bengaluru
Consilio,3.6,230,Legal,Bengaluru
Save the Children,4.4,230,Non-Profit,Gurugram
Z1 Tech,4.1,230,Internet,Gurugram
Link Group,3.7,230,Financial Services,Mumbai
Centillion Solutions and Services,3.9,231,IT Services & Consulting,Bengaluru
FarEye,3.3,230,IT Services & Consulting,Noida
Flash Viven Machining Technologies,3.6,230,Auto Components,Pune
Teerthanker Mahaveer University,3.4,230,Education & Training,Moradabad
Gem Engserv,4.0,229,Engineering & Construction,Mumbai
Ncc Urban Infrastructure,4.1,229,Engineering & Construction,Hyderabad
Sonovision-Aetos,3.5,229,IT Services & Consulting,Bengaluru
BluSmart,3.8,229,Urban Transport,Gurugram
Coffee Day,3.0,229,Hospitality,Bengaluru
Reliance Home Finance,4.0,229,NBFC,Mumbai
Broker Network,2.4,229,Internet,Mumbai
Helmerich & Payne,3.7,229,Oil & Gas,Bengaluru
Orange Mantra,3.6,229,IT Services & Consulting,Gurugram
Veolia,3.9,229,Waste Management,Bengaluru
Verifone,3.1,229,FinTech,Bengaluru
Patton International,3.6,230,Iron & Steel,Kolkata
Zydus Hospira Oncology,4.1,229,Pharma,Ahmedabad
Mining Engineering Services,3.7,229,Metals & Mining,Vadodara
Bsr Infratech India,3.8,230,Engineering & Construction,Bengaluru
John Crane Sealing Systems India,3.4,229,Industrial Machinery,Bengaluru
Lifelong India,3.9,229,Petrochemicals,Gurugram
Neogen Chemicals,4.0,229,Chemicals,Bharuch
Megafine Pharma,3.8,228,Pharma,Nashik
United India Insurance Company,4.4,228,Insurance,Chennai
Zinnov Management Consulting,3.2,228,Management Consulting,Bengaluru
Augtech Nextwealth,3.7,228,IT Services & Consulting,Bhilai Nagar
Om Innovation Call Services,3.6,228,BPO,New Delhi
Innoplexus,4.2,228,IT Services & Consulting,Pune
RegisterKaro,3.4,228,Internet,Gurugram
TRF,3.5,228,Auto Components,Jamshedpur
Fragomen Immigration Services,3.4,228,Travel & Tourism,Kochi
ICPA Health Products,3.2,229,Healthcare,Mumbai
Scyo Decision Services,4.5,229,Analytics & KPO,Chennai
Matix Fertilisers & Chemicals,3.7,228,Agro Chemicals,Durgapur
Centaur Billing,3.8,228,Analytics & KPO,Chennai
Marine Electricals,3.6,228,Industrial Automation,Mumbai
Man Industries,3.4,229,Iron & Steel,Mumbai
ExpertCallers,3.4,228,BPO,Bengaluru
SRR Projects,4.1,228,Engineering & Construction,Hyderabad
Algoworks,3.0,228,IT Services & Consulting,Noida
Colourtex,3.8,228,Chemicals,Surat
Elevate Services,3.2,228,Software Product,Gurugram
Arihant Publications,3.7,228,Printing & Publishing,New Delhi
Taggd,3.3,228,Recruitment,Gurugram
Olympus,3.8,228,Medical Equipment,Gurugram
Vensa Infrastructure,4.2,228,Real Estate,Hyderabad
Aia Engineering,4.1,228,Industrial Machinery,Ahmedabad
Government Medical College,4.1,228,Education & Training,Srinagar
Mantri Developers,3.3,228,Real Estate,Bengaluru
Marquardt,3.7,228,Auto Components,Pune
Pattern Technologies,4.3,228,Software Product,Pune
Ankura Hospital,3.7,227,Healthcare,Hyderabad
SAVA Healthcare,3.7,227,Pharma,Pune
Nyx-medical Solutions,3.6,227,Analytics & KPO,Bengaluru
Bo International,4.1,227,Beauty & Personal Care,New Delhi
EFKON INDIA,3.7,227,IT Services & Consulting,Gurugram
Google Pay,3.7,227,FinTech,Bengaluru
Ishan Technologies,3.6,227,Internet,Ahmedabad
MT Educare,2.4,227,EdTech,Mumbai
Ganit Inc,3.9,231,IT Services & Consulting,Chennai
Shri Mahavir Ferro Alloys,3.4,228,Iron & Steel,Rourkela
Knest Manufacturers,3.5,227,Metals & Mining,Pune
Keertana Finserv,3.3,228,NBFC,Hyderabad
The Mission Hospital,3.8,229,Healthcare,Durgapur
PrepLadder,2.6,227,EdTech,Chandigarh
Affluent Global Services,2.9,227,IT Services & Consulting,Hyderabad
MKCL,3.7,227,Education & Training,Pune
Forest Essentials,4.1,227,Retail,New Delhi
Wave Infratech,4.0,227,Real Estate,Noida
Unthinkable Solutions,2.9,228,IT Services & Consulting,Gurugram
Fortis Memorial Research Institute,4.1,227,Travel & Tourism,Gurugram
B4S Solutions,3.9,227,Law Enforcement & Security,Pune
Chiripal Poly Films,4.0,227,Packaging,Ahmedabad
Charak Pharma,3.5,227,Pharma,Mumbai
Kinetic Green Energy And Power Solutions,2.9,227,Power,Pune
Drools,3.5,227,FMCG,Bengaluru
Kserve Bpo,4.4,227,BPO,Mumbai
Ritu Kumar,3.9,227,Fashion & Textile,Gurugram
Teachers Insurance and Annuity Association of America,3.8,227,Financial Services,Pune
DelaPlex Software,4.2,228,IT Services & Consulting,Nagpur
ContinuServe Softech India,3.2,228,BPO,Bengaluru
HTL,3.6,228,Telecom,Chennai
Lizmontagens India,4.1,227,Engineering & Construction,Mumbai
Valenta AI Private Limited,4.3,227,Emerging Technologies,Bengaluru
ATS Homekraft,4.1,227,Real Estate,Noida
ZeMoSo Technologies,3.0,227,IT Services & Consulting,Hyderabad
Ami Polymer,3.6,227,Medical Equipment,Dadra
Steril Gene Life Sciences,3.8,226,Pharma,Puducherry
SIAC SKH India Cabs Manufacturing,3.7,226,Industrial Machinery,Faridabad
Reliance Money,4.3,227,Financial Services,Mumbai
Biotique,3.1,226,Beauty & Personal Care,Noida
Flexituff Ventures International,3.4,226,Packaging,Indore
Hyva,3.9,226,Urban Transport,Pune
Texas Instruments,3.7,226,Semiconductors,Bengaluru
Optimus Drugs,4.0,226,Pharma,Hyderabad
Nielsen Sports,3.8,226,Sports & Recreation,Bengaluru
Ritz-Carlton,4.0,226,Hospitality,Bengaluru
Successive Technologies,3.8,227,IT Services & Consulting,Noida
Meditab Software,3.2,226,Software Product,Ahmedabad
La-Gajjar Machineries,4.0,226,Electronics Manufacturing,Ahmedabad
RAXA,4.2,226,Law Enforcement & Security,New Delhi
MINISO,3.8,226,Retail,New Delhi
Busy Infotech,4.0,226,Software Product,New Delhi
Reserve Bank Information Technology,3.2,226,IT Services & Consulting,Mumbai
Kriti Industries,3.6,227,Building Material,Indore
SGB By BrandSafway,3.9,226,Engineering & Construction,Hyderabad
Mayur Uniquoters,3.9,226,Leather,Jaipur
Jagsonpal Pharmaceuticals,3.5,226,Pharma,New Delhi
AEREN IT Solutions,4.1,226,Analytics & KPO,Chandigarh
Rossari Biotech,3.7,226,Chemicals,Mumbai
King George's Medical University,4.2,225,Education & Training,Lucknow
Anand CY Myutec Automotive,3.7,225,Auto Components,Gurugram
Archwell Operations,3.4,225,IT Services & Consulting,Bengaluru
Gold's Gym,4.0,225,Fitness & Wellness,Mumbai
Beumer Group,3.9,225,Industrial Machinery,Gurugram
Nahars Engineering India,3.2,225,Auto Components,Bengaluru
Ivy Hospital,3.6,225,Healthcare,Chandigarh
Techahead Software,3.7,226,IT Services & Consulting,Noida
TLC DigiTech Private Limited,3.2,225,Hospitality,New Delhi
Dunnhumby,3.7,225,Analytics & KPO,Gurugram
Savita Oil Technologies,4.1,225,Oil & Gas,Mumbai
Ts Tech Sun India,4.0,225,Automobile,Neemrana
Cotecna Inspection India,3.6,225,Analytics & KPO,Mumbai
Amrita Vishwa Vidyapeetham,3.6,225,Education & Training,Coimbatore
VisionTek,3.6,225,Telecom,Hyderabad
INFOSEC VENTURES,3.2,225,IT Services & Consulting,Gurugram
Atidiv,2.6,225,IT Services & Consulting,Pune
Blue Cross Laboratories,3.7,225,Pharma,Mumbai
Lauren Information Technologies,3.5,225,IT Services & Consulting,Mumbai
IPCS GLOBAL SOLUTIONS PVT LTD,4.4,225,Education & Training,Kochi
Navitas Life Sciences,3.6,225,Clinical Research,Chennai
Relevantz Technology Services,3.6,225,IT Services & Consulting,Chennai
Moreish Food,3.4,225,Food Processing,Kolkata
ARB Bearings,3.5,225,Auto Components,New Delhi
Kanoria Chemicals & Industries,3.8,224,Chemicals,Ankleshwar
SrinSoft Technologies,3.8,224,IT Services & Consulting,Chennai
Informatica Business Solutions,3.9,224,Software Product,Bengaluru
Coastal Marine Construction & Engineering,4.2,224,Engineering & Construction,Mumbai
Sankey Solutions,3.8,224,IT Services & Consulting,Mumbai
Bosch Power Tools,4.3,224,Industrial Machinery,Chennai
Ramky Group,4.3,224,Engineering & Construction,Hyderabad
Bank Muscat,4.1,224,Banking,Mumbai
TP Southern Odisha Distribution,3.5,224,Berhampur +23 other locations,
AYM Syntex,3.3,224,Fashion & Textile,Mumbai
OPG Mobility,3.1,224,Automobile,New Delhi
Mordor Intelligence,2.7,224,Analytics & KPO,Hyderabad
Integrated Personnel Services Limited,4.0,224,Recruitment,Mumbai
ASSA ABLOY,3.5,224,Real Estate,Chennai
ExcelSoft Technologies,3.4,224,IT Services & Consulting,Mysuru
Merkle,3.4,224,Mumbai +12 other locations,
Furlenco,3.3,223,Internet,Bengaluru
Vcare Call Center,3.5,223,BPO,Noida
KPR Mill,3.8,223,Fashion & Textile,Coimbatore
Petrofac Engineering India,4.6,223,Petrochemicals,Mumbai
Prozo,3.4,223,Internet,Gurugram
Nuance Communications,4.1,224,Software Product,Pune
CompuGroup Medical,3.3,223,Software Product,Noida
Jyoti Structures,3.9,223,Power,Mumbai
ZingHR,3.0,223,IT Services & Consulting,Mumbai
Religare Finvest,4.2,223,Financial Services,New Delhi
State Street Global Advisors,3.6,223,Bengaluru +6 other locations,
STMicroelectronics,4.0,223,Semiconductors,Noida
Jindal (India) Limited,4.0,223,Iron & Steel,Kolkata
Pha India,4.0,223,Auto Components,Chennai
Graviti Pharmaceuticals,3.0,223,Pharma,Hyderabad
Enser Communications,2.6,223,IT Services & Consulting,Gurugram
Garden Silk Mills,3.7,224,Fashion & Textile,Surat
Oasis Fertility,3.9,223,Healthcare,Hyderabad
Information Services Group,3.6,223,IT Services & Consulting,Bengaluru
Connectwell Industries,3.6,223,Electronics Manufacturing,Mumbai
Oxyzo Financial Services,3.4,224,Financial Services,Gurugram
South Eastern Coalfields,4.3,223,Metals & Mining,Bilaspur
Chrysalis High,3.9,223,Bengaluru +2 other locations,
BeatO,3.2,223,Fitness & Wellness,New Delhi
Sutlej Textiles and Industries,3.8,223,Fashion & Textile,Mumbai
Hicare Services,3.9,222,Facility Management Services,Mumbai
WovVTech,4.2,223,Software Product,Vadodara
Manipal Business Solutions,3.9,222,Gurugram +56 other locations,
LNV Technology,3.8,222,Industrial Machinery,Chennai
InMobi,3.0,222,Marketing & Advertising,Bengaluru
Droom,3.2,222,Internet,Gurugram
Moople Academy,4.2,222,Education & Training,Kolkata
Prakash Industries,3.8,223,Metals & Mining,Champa
Ibis,4.4,222,Hospitality,Mumbai
Mitsui O.S.K. Lines,4.0,222,Ports & Shipping,Mumbai
ABCD,4.1,222,Education & Training,Bengaluru
All India Radio,4.3,222,Government,New Delhi
Qdigi Services,3.4,223,Recruitment,Noida
American InfoSource,3.7,222,IT Services & Consulting,Vadodara
Marsh,4.1,222,Insurance,Mumbai
Blazeclan Technologies,3.7,222,IT Services & Consulting,Pune
Vishnu Chemicals,3.9,223,Chemicals,Visakhapatnam
BMW Industries,3.4,222,Iron & Steel,Kolkata
Futurism Technologies,3.8,222,IT Services & Consulting,Pune
Rubamin,4.0,222,Pharma,Vadodara
Bikaji Foods,4.1,222,Hospitality,Bikaner
Analytix Business Solutions,3.1,222,Analytics & KPO,Ahmedabad
Walter Bushnell,3.0,222,Pharma,Gurugram
SPRAY ENGINEERING DEVICES,4.2,222,Industrial Machinery,Sahibzada Ajit Singh Nagar
Hippo Homes,3.3,222,Retail,New Delhi
MEDICO Healthcare Services & Technologies,3.1,222,Healthcare,Hyderabad
Northern Arc Capital,3.7,224,NBFC,Chennai
Eazy ERP Technologies,3.8,222,IT Services & Consulting,Gurugram
CoLive,4.0,224,Real Estate,Bengaluru
Deutsche Telekom Digital Labs,3.4,222,Software Product,Gurugram
Hindustan PowerProjects,3.6,222,Power,Anuppur
VISTRA INTERNATIONAL EXPANSION,3.4,223,Other,Mumbai
OSI Digital,3.5,222,IT Services & Consulting,Hyderabad
ONLEI Technologies,4.8,221,Bengaluru +22 other locations,
Rolta India,3.3,221,IT Services & Consulting,Mumbai
Anri Solutions HR Services,4.0,221,Recruitment,New Delhi
Nuberg Engineering,3.7,221,Industrial Machinery,Noida
Laxmi-Agni Components and Forging,4.1,221,Industrial Machinery,Chhatrapati Sambhajinagar
Commerce Pundit,4.4,221,IT Services & Consulting,Ahmedabad
Mehin,4.0,221,Software Product,Mumbai
Preethi Kitchen Appliances,3.9,221,Electronics Manufacturing,Chennai
Toshiba Water Solutions,3.8,221,Waste Management,Gurugram
SITA,3.7,221,IT Services & Consulting,Gurugram
Yaantra,3.6,221,Internet,New Delhi
Verticurl,3.0,221,Coimbatore +6 other locations,
Hinduja Group,3.8,221,Automobile,Chennai
Pran Beverages India,3.8,222,Beverage,Kolkata
Absolute Barbecues,4.0,221,Hospitality,Hyderabad
Maxinfra,4.0,223,Real Estate,Hyderabad
Abante Integrated Management Services,4.2,222,Management Consulting,Gurugram
RAKS Pharma,4.0,221,Pharma,Visakhapatnam
Uni Cards,3.8,221,FinTech,Bengaluru
UL Solutions,3.9,221,"Testing, Inspection and Certification (TIC)",Bengaluru
Travel Boutique Online,3.3,221,Travel & Tourism,Gurugram
MyCaptain by Imarticus Learning,3.6,221,EdTech,Bengaluru
SkilloVilla,4.1,222,Education & Training,Bengaluru
Purnartha Investment Advisors,4.1,221,Financial Services,Pune
Providence Global Center,3.7,221,IT Services & Consulting,Hyderabad
Indo Rama Synthetics (i),3.7,220,Fashion & Textile,Nagpur
Globus Stores,3.6,220,Retail,Mumbai
Synthite Industries,4.0,220,Food Processing,Kochi
Bazar India,3.7,220,Retail,Gurugram
Emami Frank Ross,3.8,220,Retail,Kolkata
Soothe Healthcare,3.1,220,Healthcare,New Delhi
Vivifi India Finance,3.4,221,NBFC,Hyderabad
Resonance Eduventures,3.7,220,EdTech,Kota
Microlink Solutions,3.6,220,IT Services & Consulting,Ahmedabad
AWC Software,3.7,220,IT Services & Consulting,Noida
First Citizens India,3.9,220,Financial Services,Bengaluru
Spacewood,3.4,220,Furniture & Furnishing,Nagpur
Eternis Fine Chemicals,3.3,220,Chemicals,Pune
Laxmi India Finleasecap,3.8,220,Financial Services,Jaipur
Rapid Care Transcription,4.4,220,Analytics & KPO,Chennai
Milan Laboratories India Private Limited,3.7,220,Pharma,Mumbai
Gleeds Consulting (India) Pvt. Ltd,4.2,220,Real Estate,Bengaluru
Kalyani Forge,3.6,220,Iron & Steel,Pune
TEOCO Software,3.9,219,IT Services & Consulting,Kolkata
Pathfinder Business Analysis,3.5,219,Management Consulting,Coimbatore
Dr Oetker,4.0,219,Food Processing,New Delhi
Bharathi Cement,3.8,219,Building Material,Y
Galaxy Weblinks,3.9,219,IT Services & Consulting,Indore
E2logy Software Solutions,4.7,219,IT Services & Consulting,Noida
TATA MEDICAL CENTER,3.8,219,Healthcare,Kolkata
Tata CLiQ,3.0,220,Internet,Mumbai
TPI Composites,4.3,219,Industrial Machinery,Chennai
Flair Writing Instruments,3.6,219,Other,Mumbai
Satyesh Brinechem,3.1,219,Chemicals,Bhuj
Mark's,4.0,219,Telecom,Gurugram
Cleartrip,3.2,219,Travel & Tourism,Bengaluru
Root Industries,4.0,219,Auto Components,Coimbatore
ORISSA METALIKS,3.9,219,Industrial Machinery,Kharagpur
Torque Pharmaceuticals,3.9,219,Pharma,Chandigarh
Pothys,4.1,218,Fashion & Textile,Chennai
Tps Infrastructure,4.0,218,Industrial Machinery,Bhiwadi
Counsel India,4.3,218,EdTech,Noida
GENWORKS Health,3.1,218,Healthcare,Bengaluru
Orchid Chemicals & Pharmaceuticals,4.1,218,Pharma,Chennai
Akbar Travels,3.4,218,Travel & Tourism,Mumbai
Tata Housing Development Company,4.3,218,Real Estate,Mumbai
Ananth Technologies,3.8,218,Electronics Manufacturing,Hyderabad
NuSummit,3.4,219,IT Services & Consulting,Mumbai
Dr Mohan's Diabetes Specialities Centre,3.6,218,Healthcare,Chennai
SAMCO Securities,3.9,218,Financial Services,Mumbai
Tata Lockheed Martin Aerostructures,4.0,218,Defence & Aerospace,Hyderabad
Cogent,3.2,218,IT Services & Consulting,Bengaluru
Cloud Analogy,3.9,218,IT Services & Consulting,Noida
UGC Supply Chain Solutions,3.0,219,Logistics,Pune
Innovapptive,4.3,218,Software Product,Hyderabad
City Montessori School,3.5,218,Education & Training,Lucknow
M Swasth Solutions,3.3,219,Gurugram +45 other locations,
Texspin Bearings,4.0,218,Auto Components,Ahmedabad
Milk Mantra Dairy,3.7,218,Food Processing,Bhubaneswar
Chitkara University,4.2,218,Education & Training,Chandigarh
Khanna Paper Mills,3.7,218,Pulp & Paper,Amritsar
Xplore-Tech Services,3.2,219,BPO,Kolkata
Inchcape Shipping Services,3.3,219,Ports & Shipping,Chennai
Fibe,3.7,218,FinTech,Pune
Jm Frictech,3.3,218,Industrial Machinery,Chennai
Artech,3.1,219,Architecture & Interior Design,Bengaluru
Antino,2.8,218,Emerging Technologies,Gurugram
Born Group,3.6,217,Marketing & Advertising,Chennai
LoansJagat.com,3.9,217,Financial Services,Noida
Shangri-la Hotels & Resorts,4.2,217,Hospitality,New Delhi
BridgeLabz Solutions,3.2,217,EdTech,Mumbai
Putzmeister Concrete Machines,3.5,217,Industrial Machinery,New Delhi
Bharat Institutions,3.4,217,Education & Training,Hyderabad
U R Rao Satellite Centre,4.4,217,Bengaluru +18 other locations,
Third wave Coffee Roasters,3.5,217,Hospitality,Bengaluru
Decimal Technologies,2.7,217,Software Product,Gurugram
Jindal Worldwide,3.4,217,Fashion & Textile,Ahmedabad
Keolis Hyderabad Metro,3.9,217,Urban Transport,Hyderabad
Tricon Infra Buildtech pvt.Ltd,3.1,217,Engineering & Construction,Pune
Ajax Engineering,3.9,217,Engineering & Construction,Bengaluru
Faiveley Transport,4.0,217,Railways,Hosur
Indo National Limited (Nippo),4.2,217,FMCG,Chennai
MMTC-PAMP,3.8,217,Metals & Mining,Gurugram
FAIRWAY ENTERPRISES,3.9,217,Leather,Krishnagiri
Bodal Chemicals,3.5,217,Chemicals,Vadodara
The Co-operative Bank,3.8,216,Banking,Bengaluru
Software AG,4.3,216,Software Product,Bengaluru
KFA Consultant,1.3,216,Dubai +2 other locations,
Prithvi Innerwears Private Limited,4.8,216,Fashion & Textile,Tiruppur
Chhatrapati Shivaji International Airport,3.5,216,Real Estate,Mumbai
Special Technical Services,4.0,216,Oil & Gas,Muscat
Anlage Infotech,3.2,216,IT Services & Consulting,Bengaluru
Biostadt,4.2,216,Mumbai +58 other locations,
ARKA Fincap,4.2,216,NBFC,Mumbai
TP Northern Odisha Distribution,3.6,216,Power,Balasore
Kerakoll,4.2,217,Building Material,Vadodara
Paramatrix Technologies,3.8,216,Software Product,Mumbai
Vidya Mandir Classes,3.3,216,EdTech,New Delhi
Bajaj Markets,3.1,216,FinTech,Pune
REI Systems,3.9,216,IT Services & Consulting,Pune
Toppan Merrill,3.8,216,Financial Services,Chennai
Mold-Tek Technologies,3.1,216,IT Services & Consulting,Hyderabad
Modicare,3.9,217,Beauty & Personal Care,New Delhi
John Deere Financial,4.3,216,NBFC,Pune
Turito,3.2,216,EdTech,Hyderabad
RateGain,3.7,216,IT Services & Consulting,Noida
Red FM 93.5,3.7,216,Broadcasting,New Delhi
Upstox,3.4,216,FinTech,Mumbai
Navigators Software,4.2,216,IT Services & Consulting,Kolkata
Rotostat Services,3.8,216,Industrial Machinery,Mumbai
Tci Freight,4.2,216,Logistics,Gurugram
C DOT,3.8,216,Telecom,New Delhi
Croma Campus,3.2,216,Education & Training,Noida
Biryani By Kilo,4.3,216,Hospitality,Gurugram
Shivam Infocom,4.4,215,Telecom,New Delhi
Bilt Graphic Paper Products,3.8,215,Pulp & Paper,Pune
Videojet Technologies,3.8,215,Consumer Electronics & Appliances,Mumbai
Infiiloom,3.1,216,Fashion & Textile,Pune
Corrival Corporate Services,4.2,215,Recruitment,Hyderabad
Elofic Industries,4.0,215,Auto Components,Faridabad
Hyundai Motor India Engineering,3.9,215,IT Services & Consulting,Hyderabad
Jesons Industries,3.4,215,Chemicals,Mumbai
MidasCare Pharmaceuticals,3.5,215,Pharma,Mumbai
EagleBurgmann,4.2,215,Industrial Machinery,Pune
Netaxis IT Solutions,3.9,215,IT Services & Consulting,Chennai
Shree Vasu Logistics Limited,3.3,215,Logistics,Raipur
Pradan,3.7,215,Non-Profit,Ranchi
N.K. Realtors,4.2,215,Real Estate,Kolkata
NGK Spark Plugs,4.2,215,Auto Components,Bawal
Kopran,3.7,215,Pharma,Mumbai
Aneja Associates,3.3,215,Accounting & Auditing,Mumbai
Fulcrum Digital,3.5,215,IT Services & Consulting,Pune
NMIMS,3.7,215,Education & Training,Mumbai
Network Intelligence India,3.1,215,Emerging Technologies,Mumbai
IntelliSmart Infrastructure,3.7,215,Power,Gurugram
COWI,4.1,215,Engineering & Construction,Gurugram
AGROCEL INDUSTRIES,4.3,215,Chemicals,Bhuj
Bioseed,4.1,215,Agriculture,Hyderabad
Beri Udyog,3.8,216,Industrial Machinery,Karnal
Exponentia.ai,3.9,217,Emerging Technologies,Mumbai
Destek Infosolutions,4.2,215,IT Services & Consulting,Pune
Emirates Airlines,3.9,215,Aviation,Mumbai
PES Engineers,4.2,216,Engineering & Construction,Hyderabad
Elsamex Maintenance Services,4.1,215,Facility Management Services,Ahmedabad
HEPL - A Cavinkare Group Company,3.4,215,Recruitment,Cuddalore
Cordlife Sciences India,3.4,214,Pharma,Kolkata
Elin Electronics,3.8,215,Ghaziabad +11 other locations,
Mol Information Processing Services India,3.3,214,IT Services & Consulting,Kolkata
Data Patterns,3.3,214,Defence & Aerospace,Chennai
Square Bpo Services,3.2,215,BPO,Hyderabad
BetterPlace Safety Solutions,3.3,214,IT Services & Consulting,Bengaluru
Ensure Support Services,4.4,214,IT Services & Consulting,Chennai
Flyhomes,4.3,214,Internet,Noida
Embassy Services,3.8,214,Facility Management Services,Bengaluru
SBL,3.6,214,IT Services & Consulting,New Delhi
Moody's,3.8,214,Analytics & KPO,Bengaluru
NATIONAL SKILL DEVELOPMENT CORPORATION,3.4,214,Non-Profit,New Delhi
Deep Industries,3.5,214,Oil & Gas,Ahmedabad
Weatherford,3.4,214,Oil & Gas,Mumbai
TransPerfect,3.0,214,Hardware & Networking,Pune
Zamil Air Conditioners,4.1,214,Consumer Electronics & Appliances,New Delhi
KC Overseas Education,3.6,214,EdTech,Nagpur
Programming.Com,3.4,214,IT Services & Consulting,Gurugram
iLink Digital,3.0,215,IT Services & Consulting,Chennai
Rohan Motors,3.7,214,Automobile,New Delhi
Aarav Global Products & Services Private Limited,2.9,214,IT Services & Consulting,Mumbai
Pilot Industries,3.8,214,Metals & Mining,New Delhi
Ashok Iron Works,3.3,214,Industrial Machinery,Belagavi
Mitsubishi Heavy Industries,4.2,214,Industrial Machinery,Mysuru
Simform,3.6,215,IT Services & Consulting,Ahmedabad
FedServ,3.6,214,Banking,Visakhapatnam
Brnd.Me,3.8,214,Internet,Bengaluru
Girnar Care,3.5,214,BPO,Jaipur
Koye Pharmaceuticals,3.1,213,Pharma,Mumbai
Cummins Generator Technologies,4.1,213,Industrial Machinery,Pune
Six Sigma Soft Solutions,3.6,213,IT Services & Consulting,Chennai
Fernandez Hospital,4.4,213,Healthcare,Hyderabad
Aditi Consulting,3.4,213,IT Services & Consulting,Bengaluru
Career Launcher,3.8,214,Education & Training,New Delhi
University Living Accommodation,3.9,213,Internet,Noida
ARaymond,4.0,213,Auto Components,Pune
Tbea Energy,3.9,213,Electrical Equipment,Vadodara
CodSoft,3.8,213,New Delhi +38 other locations,
Ziff Davis Performance Marketing,3.5,213,Marketing & Advertising,Pune
TezTecch,4.8,213,IT Services & Consulting,Nagpur
Roulunds Braking,3.6,213,Auto Components,Sonipat
Centrient Pharmaceuticals,3.7,213,Pharma,Chandigarh
Futaba Industrial Gujarat,4.4,214,Auto Components,Ahmedabad
Venus Home Appliances,4.2,213,Consumer Electronics & Appliances,Chennai
Fleet Management,4.0,213,Ports & Shipping,Mumbai
Motion Education,3.4,214,Education & Training,Kota
Kazo Fashion,3.4,213,Fashion & Textile,New Delhi
SAS,4.2,214,IT Services & Consulting,Pune
CallHealth,3.5,214,Healthcare,Hyderabad
Gensol Engineering,3.7,212,Power,Ahmedabad
Josh Talks,4.2,212,Broadcasting,Gurugram
Govt. Medical College,4.1,212,Education & Training,Chandigarh
ITCube Solutions,3.0,212,IT Services & Consulting,Pune
Orthosquare Dental Clinic,4.5,212,Healthcare,Mumbai
Appsierra,4.4,212,IT Services & Consulting,Noida
IDMC,3.6,212,Industrial Machinery,Anand
Vinculum Solutions,2.2,212,IT Services & Consulting,Noida
SCON Projects,4.5,212,Engineering & Construction,Pune
Colorbar Cosmetics,4.1,212,Beauty & Personal Care,New Delhi
Entertainment Network India,3.5,212,Media & Entertainment,Mumbai
Haldiram's Prabhuji,2.9,212,Hospitality,Kolkata
Smart Energy Water,2.7,214,IT Services & Consulting,Noida
Shanthi Gears,3.2,212,Auto Components,Coimbatore
Tata Power Renewable Energy,4.0,213,Power,Bengaluru
ACME Group,4.6,212,Internet,Gurugram
Zivame.com,3.6,212,Fashion & Textile,Bengaluru
Krishnapatnam Port,3.8,212,Ports & Shipping,Nellore
dsm-firmenich,4.1,212,Biotechnology,Mumbai
Alpha Design Technologies,3.6,212,Defence & Aerospace,Bengaluru
Continental Hospitals,3.9,212,Healthcare,Hyderabad
Utkal Alumina International,4.3,212,Chemicals,Rayagada
Rishabh Instruments Limited,3.9,212,Electronics Manufacturing,Nashik
Army Medical Corps,4.8,212,Healthcare,New Delhi
PagarBook,3.6,212,Software Product,Bengaluru
Reliance Consumer Products,3.7,216,Bengaluru +56 other locations,
KP GROUP,4.2,212,Logistics,Surat
Innovalance Learning Systems,3.2,212,EdTech,New Delhi
Revolt Motors,3.4,212,Internet,Gurugram
Sterling Talent Solutions,3.7,211,Internet,Mumbai
Vinsum Axpress,3.6,211,Logistics,Gurugram
Sri Ramachandra Institute of Higher Education and Research,3.9,211,Education & Training,Chennai
Marque Impex,3.9,211,Import & Export,Moradabad
Country Inns & Suites,4.1,211,Hospitality,New Delhi
International Certification Services,3.1,211,Other,Mumbai
Ayesa,4.0,211,IT Services & Consulting,New Delhi
Jagran Prakashan,3.5,212,Printing & Publishing,New Delhi
Sagitec Solutions,3.3,211,IT Services & Consulting,Pune
Besant Technologies,3.7,212,Education & Training,Chennai
Emiza Supply Chain Services Private Limited,3.5,211,Logistics,Mumbai
Bhutani Group,4.2,211,Real Estate,Noida
Wanbury,3.4,211,Pharma,Mumbai
SmartWorld Developers,4.0,214,Real Estate,Gurugram
Blackbuck Insights,3.7,211,IT Services & Consulting,Bengaluru
Parker Hannifin,3.7,211,Industrial Machinery,Chennai
Network Techlab,3.7,211,Hardware & Networking,Mumbai
Malayala Manorama,3.6,211,Printing & Publishing,Kottayam
Truemeds,3.4,211,Pharma,Mumbai
ACT Plast Paints,3.9,211,Chemicals,Chennai
SkillVertex,3.3,211,EdTech,Bengaluru
Apex Hospital,4.1,211,Healthcare,Jaipur
Liebherr Appliances India,3.7,211,Industrial Machinery,Chhatrapati Sambhajinagar
Sapphire Software Solutions (India),4.4,211,IT Services & Consulting,Ahmedabad
Bhima Gold,3.8,211,Jewellery,Bengaluru
Praxis home Retail,4.1,211,Retail,Mumbai
MSC Technology India,3.9,211,IT Services & Consulting,Chennai
AARGEE STAFFING SERVICES,3.7,210,Recruitment,Chennai
Brainium Information Technologies,3.7,210,IT Services & Consulting,Kolkata
EMCO,3.7,210,Power,Mumbai
Ichhapurti.com,2.4,210,Software Product,Gurugram
Pradhan Mantri Kaushal Vikas Yojana,4.1,210,Education & Training,New Delhi
Development Consultants,3.3,210,IT Services & Consulting,Kolkata
Igarashi Motors,3.8,210,Auto Components,Chennai
Supreme Treon,3.9,211,Auto Components,Pune
InSync Analytics,2.4,210,Analytics & KPO,Mumbai
Primary Health Centre,4.2,210,Healthcare,Bengaluru
Srg Housing Finance,4.0,210,NBFC,Udaipur
Motorola Solutions,3.8,210,Telecom,Bengaluru
Heads Up For Tails,3.6,210,Retail,Gurugram
Axio,3.8,210,Financial Services,Bengaluru
Altum Credo Home Finance,3.8,210,NBFC,Pune
BTL EPC LTD,3.7,210,Industrial Machinery,Kolkata
Lingaya's Vidyapeeth,4.5,210,Education & Training,Faridabad
Zen Technologies,4.0,210,Defence & Aerospace,Hyderabad
Manohar Filaments,3.8,210,Fashion & Textile,New Delhi
SmartStream Technologies,3.2,210,IT Services & Consulting,Bengaluru
Enmas O & M Services,4.1,210,Oil & Gas,Chennai
Kh Exports,3.9,210,Import & Export,Chennai
Masu Brakes,3.4,210,Auto Components,Bahadurgarh
Svasti Microfinance,4.0,210,Financial Services,Mumbai
Parijat Industries (India),4.1,211,Chemicals,New Delhi
MYND Intergrated Solutions,3.4,210,BPO,Gurugram
Pacific Development Corporation Limited (Pacific Group),3.6,210,Real Estate,New Delhi
Crimson Interactive,2.5,210,Content Development,Mumbai
Gulbrandsen,4.1,211,Chemicals,Vadodara
Air India Express,3.3,210,Aviation,Gurugram
ICE Data Services,3.2,210,Financial Services,Hyderabad
Precision Camshafts,3.1,209,Auto Components,Solapur
Vedika Credit Capital,3.4,209,NBFC,Ranchi
TRIGO Group,2.6,209,Auto Components,Chennai
AmpleLogic,4.1,210,Software Product,Hyderabad
Su-Kam Power Systems,3.5,210,Power,Gurugram
Eurofins Scientific,3.2,211,"Testing, Inspection and Certification (TIC)",Bengaluru
Oasis Infobyte,4.1,209,IT Services & Consulting,Pune
Gujarat Narmada Valley Fertilizers & Chemicals,4.3,209,Agro Chemicals,Bharuch
Lokesh Machines,3.8,209,Industrial Machinery,Hyderabad
Crossword Bookstores,3.6,210,Retail,Pune
Hidesign,3.0,210,Retail,Puducherry
Horiba India,3.5,209,Industrial Machinery,New Delhi
SMC Power Generation,3.7,209,Iron & Steel,Jharsuguda
Radhakrishna Foodland,3.7,209,Logistics,Mumbai
Janatics India,4.0,210,Industrial Automation,Coimbatore
AISATS,3.5,209,Aviation,New Delhi
Carzonrent,3.3,209,Travel & Tourism,New Delhi
TechStar Group,4.1,209,IT Services & Consulting,Hyderabad
Amphenol Fci,3.7,209,Electrical Equipment,Bengaluru
Kama Ayurveda,4.0,209,Beauty & Personal Care,New Delhi
Shirdi Sai Electricals,3.6,209,Power,Y
Webasto Roofsystems India,4.0,210,Automobile,Pune
Wardwizard Innovations & Mobility,3.2,209,Automobile,Vadodara
OptimHire,3.6,209,Internet,Hyderabad
Shriram Fortune Solutions,3.6,208,Financial Services,Gurugram
ACUTAAS CHEMICALS LIMITED,3.8,208,Pharma,Surat
Teleone,3.6,208,Internet,New Delhi
St Regis,4.1,208,Hospitality,Mumbai
MAKEEN Energy,3.8,210,Oil & Gas,Hyderabad
Andhra Pradesh State Skill Development Corporation,3.8,208,Non-Profit,Vijayawada
ASP OL Media,4.0,208,Marketing & Advertising,Pune
Vishay Components,4.0,208,Electronics Manufacturing,Pune
Ashv Finance,4.1,207,NBFC,Mumbai
Valethi Technologies,3.1,209,Analytics & KPO,Nagpur
Philip Morris International,4.2,208,FMCG,New Delhi
CBSI,3.3,208,Recruitment,Bengaluru
Prime Focus,3.9,208,Animation & VFX,Mumbai
Geo Chem Laboratories,3.7,208,Industrial Machinery,Mumbai
CENTRUM HOUSING FINANCE,4.0,208,Financial Services,Mumbai
Lrs Services,4.0,208,IT Services & Consulting,Noida
Vikas Money,4.8,208,NBFC,Palakkad
Autoline Industries,3.5,208,Auto Components,Pune
Ksolves India Limited,2.9,208,IT Services & Consulting,Noida
Petronas Lubricants,3.2,208,Petrochemicals,Mumbai
Comcast India Engineering Center,3.7,208,Software Product,Chennai
India Post Payments Bank,4.3,208,Government,New Delhi
REPUBLIC MEDIA NETWORK,3.5,208,Media & Entertainment,Noida
Hyundai Engineering,3.9,208,Engineering & Construction,Chennai
Embio,4.0,208,Pharma,Mahad
Yashi Consulting Services,3.4,208,IT Services & Consulting,Gurugram
Evonith Steel,3.9,209,Iron & Steel,Wardha
Gates,3.1,212,Industrial Automation,Faridabad
Izmo,2.9,208,IT Services & Consulting,Bengaluru
Globus Spirits,3.9,208,Beverage,New Delhi
ZKTeco Biometrics,3.0,209,Law Enforcement & Security,Bengaluru
Skandhanshi Infra Projects,4.3,208,Real Estate,Kurnool
MKU,3.2,208,Defence & Aerospace,Kanpur
MeritNation,3.2,207,EdTech,New Delhi
Sakarni Plaster,4.5,208,Building Material,New Delhi
Simplify Healthcare,2.5,207,Software Product,Pune
Emirates Flight Catering,4.4,207,Hospitality,Dubai
KisanKraft Machine Tools,3.3,207,Industrial Machinery,Bengaluru
Marengo Asia Hospitals,4.0,207,Healthcare,Gurugram
Manitou Equipment India,4.1,207,Industrial Machinery,Greater Noida
Orange Retail Finance,3.9,207,Financial Services,Chennai
ECOS (I) MOBILITY & HOSPITALITY,4.2,207,Sports & Recreation,New Delhi
MasterSoft ERP Solutions,3.5,207,Software Product,Nagpur
ZunRoof Tech,3.6,207,Power,Gurugram
Tech Mahindra Foundation,4.0,207,Non-Profit,New Delhi
Sri Gopikrishna Infrastructure,3.9,207,Engineering & Construction,Hyderabad
Tresor Systems,3.7,207,Retail,New Delhi
Jay Ushin,4.0,207,Auto Components,Gurugram
Ludhiana Beverages,3.9,207,Beverage,Ludhiana
SpeedLabs,3.5,207,EdTech,Mumbai
eligarf Technologies,3.9,206,Emerging Technologies,Pune
Sakura Autoparts,3.6,206,Auto Components,Chennai
MiM-Essay,4.5,206,Education & Training,New Delhi
Vrinsoft Technology,4.6,206,IT Services & Consulting,Ahmedabad
Shopclues,3.2,206,Internet,Gurugram
Hgs Services,3.8,206,Analytics & KPO,Bengaluru
Mantra Softech,3.6,206,IT Services & Consulting,Ahmedabad
Sahajanand Laser Technology,3.1,208,Industrial Machinery,Gandhinagar
Kirloskar Technologies,4.1,206,Medical Equipment,Jaipur
Infojini,2.8,206,IT Services & Consulting,Mumbai
Prasol Chemicals,3.4,206,Chemicals,Mumbai
Daffodil Software,3.5,206,IT Services & Consulting,Gurugram
Quest Diagnostics,4.5,206,Healthcare,Hyderabad
Transaction Solutions International (India) Pvt Ltd,3.8,206,Financial Services,Pune
JSW Severfield Structures,3.7,206,Engineering & Construction,Ballari
Vegrow,3.7,206,Internet,Bengaluru
UTI Asset Management Company,3.8,206,Financial Services,Mumbai
Solugenix India Private Limited,3.1,206,IT Services & Consulting,Hyderabad
Tata Asset Management Private Limited,3.7,206,Financial Services,Mumbai
PP Rolling Mills,3.7,206,Industrial Machinery,Faridabad
Vnr Seeds,3.8,206,Agriculture,Raipur
Jabsons Foods,4.0,205,Food Processing,Bharuch
Brainware University,2.7,206,Education & Training,Kolkata
Nisum,2.7,205,IT Services & Consulting,Hyderabad
Rama University,3.4,205,Education & Training,Kanpur
Samkwang India Electronic,3.3,205,Electronics Manufacturing,Greater Noida
One Point Solutions,3.3,205,Bengaluru +14 other locations,
Hi Tech Informatics,3.5,205,IT Services & Consulting,Mumbai
TechMojo Solutions,4.0,206,IT Services & Consulting,Hyderabad
Grass Roots Research & Creation,4.7,205,Analytics & KPO,New Delhi
Wings Biotech,3.0,205,Pharma,New Delhi
S.S. Kothari Mehta & Co,3.5,205,Accounting & Auditing,New Delhi
Sigma Freudenberg NOK,4.1,205,Auto Components,Chennai
UFO Moviez,3.0,205,Hospitality,Mumbai
KayBee Bio Organics,3.7,205,Agro Chemicals,Pune
VIS Networks,3.7,206,Telecom,Bengaluru
Beckman Coulter,3.4,205,Medical Equipment,Bengaluru
KDK Software,2.8,206,Software Product,Jaipur
Nippon Data Systems,3.4,205,IT Services & Consulting,New Delhi
ePack Durables Solutions,3.5,205,Electronics Manufacturing,Noida
Aress Software and Education Technologies,2.5,205,IT Services & Consulting,Nashik
WinWire,3.3,205,IT Services & Consulting,Hyderabad
Alghanim International,4.2,205,Engineering & Construction,Kuwait City
IIMT Group of Colleges,4.1,205,Education & Training,Greater Noida
World Health Organization,4.1,204,Government,New Delhi
Ramoji Film City,4.2,205,Events,Hyderabad
Sendan International Co,2.2,204,Engineering & Construction,Al Jubail
Flender,3.7,204,Industrial Machinery,Chennai
Sula Vineyards,4.0,204,Food Processing,Nashik
Mukand Sumi Special Steel,3.7,204,Iron & Steel,Hosapete
DE Shaw,3.6,204,Financial Services,Hyderabad
Mazars,3.0,204,Accounting & Auditing,Gurugram
Pie Infocomm,4.6,204,IT Services & Consulting,Lucknow
alliantgroup,2.2,204,Management Consulting,Hyderabad
Three D Integrated Solutions Ltd,3.1,204,Aviation,Gurugram
Ohmium,3.2,204,Power,Bengaluru
Mashreq Bank,3.1,204,Banking,Bengaluru
Dhampur Sugar Mills,3.9,204,Agro Chemicals,New Delhi
IDBI Capital,3.7,204,Financial Services,Mumbai
Biorad Medisys,3.7,204,Healthcare,Pune
Schreiber Dynamix Dairies,3.9,204,Electronics Manufacturing,Pune
Taikisha Engineering India,3.9,204,Industrial Machinery,Pune
Equentis Wealth Advisory Services,3.4,204,Financial Services,Mumbai
Fisdom,3.2,203,Financial Services,Bengaluru
TomTom,3.7,204,IT Services & Consulting,Pune
Al Ahleia Switchgear,3.6,204,Industrial Machinery,Chennai
Dollar Industries,3.6,203,Fashion & Textile,Kolkata
HIVELOOP LOGISTICS,4.2,203,Bengaluru +69 other locations,
SSEM,3.3,203,Industrial Machinery,Riyadh
Ganesh Grains,3.1,203,FMCG,Kolkata
DNEG CREATIVE SERVICES,2.9,203,Animation & VFX,Mumbai
Hospet Steels,3.7,205,Iron & Steel,Hosapete
Edunet Foundation,4.0,202,Non-Profit,Bengaluru
AccSource KPO,3.0,204,Accounting & Auditing,Chennai
Mfine,3.4,204,Internet,Bengaluru
S.c Johnson Products,4.0,203,FMCG,Gurugram
IRIS KPO Resourcing,3.8,204,Analytics & KPO,Chennai
Luthra Group Company,4.1,203,Waste Management,Surat
Barbrik Project Limited (PRA Group),3.6,203,Engineering & Construction,Raipur
BPO+,4.4,203,BPO,New Delhi
Fare Labs,2.4,203,Analytics & KPO,Gurugram
Getix Health,3.8,203,Analytics & KPO,Bengaluru
Odisha Power Generation Corporation,3.8,203,Oil & Gas,Jharsuguda
Ruby General Hospital,3.3,203,Healthcare,Kolkata
Exeltis,4.1,203,Pharma,Mumbai
CRB Tech Solution,3.7,202,EdTech,Pune
TNT Express,4.0,202,Logistics,Mumbai
Prem Henna,3.3,202,Beauty & Personal Care,Indore
China State Construction Engineering Corporation,3.9,202,Engineering & Construction,New Delhi
In2IT Technologies,3.1,202,IT Services & Consulting,Noida
Wingreens Farms,4.1,202,FMCG,Gurugram
Tm Automotive Seating Systems,,--,Auto Components,Pune
HOLITECH INDIA,4.1,202,Electronics Manufacturing,Greater Noida
Tokai Imperial Rubber India,3.9,203,Industrial Machinery,Faridabad
NullClass,3.4,202,Bengaluru +25 other locations,
RJ Corp,4.1,202,Retail,Gurugram
Rexel,3.5,202,Industrial Automation,Pune
Thejo Engineering,4.0,202,Engineering & Construction,Chennai
Colruyt Group,3.7,202,IT Services & Consulting,Hyderabad
Gulf Asia Contracting,3.2,202,Engineering & Construction,Chennai
Maharaja Agrasen Hospital,3.8,202,Healthcare,New Delhi
India Pesticides,4.0,202,Agro Chemicals,Lucknow
SEW Eurodrive india,4.2,202,Auto Components,Vadodara
Samsung Semiconductor,3.1,202,Semiconductors,Bengaluru
Clarion Technologies,4.0,202,IT Services & Consulting,Pune
Stats Perform,3.4,202,Sports & Recreation,Chennai
Jasmin Infotech,4.0,202,Software Product,Chennai
Puthur Infotech,3.6,202,IT Services & Consulting,Bengaluru
HomeBazaar.com,3.6,202,Real Estate,Mumbai
SACHA Engineering,3.3,203,IT Services & Consulting,Chennai
Integrated Resources,3.9,202,Recruitment,Gurugram
Manika Plastech Private Limited,3.8,203,Building Material,Dehradun
Exel Rubber,4.0,201,Petrochemicals,Hyderabad
Alp Nishikawa,3.9,201,Auto Components,Gurugram
Polestar Consulting,4.4,201,IT Services & Consulting,Pune
Godrej Appliances,3.8,201,Consumer Electronics & Appliances,Pune
Windsor Machines,4.0,201,Industrial Machinery,Ahmedabad
B2x Service Solutions,3.9,201,BPO,Mumbai
UST BlueConch Technologies,3.6,201,Software Product,Pune
DGS Technical Services,3.1,202,Design,Bengaluru
Indobevs,3.9,201,Beverage,New Delhi
Jubilant Motorworks,4.0,201,Automobile,Bengaluru
Symphoni HR,3.9,202,Recruitment,Mumbai
Roots Multiclean,3.8,201,Industrial Machinery,Coimbatore
IILM,4.0,201,Education & Training,Greater Noida
Talentica Software,3.9,202,IT Services & Consulting,Pune
AB Mauri India,3.8,201,Food Processing,Bengaluru
Vijay Tanks & Vessels,4.1,201,Engineering & Construction,Vadodara
Black & Veatch,4.2,201,Engineering & Construction,Mumbai
Orbit Techsol,3.6,201,IT Services & Consulting,New Delhi
House Of Diagnostics,4.1,201,Healthcare,New Delhi
Eshopbox Ecommerce,2.9,202,Internet,Gurugram
Beyond Key,4.2,201,IT Services & Consulting,Indore
Tripjack,3.9,201,Travel & Tourism,Mumbai
SILA Group (India),3.5,201,Internet,Mumbai
Peps Industries,4.1,201,Furniture & Furnishing,Coimbatore
Expeditors International,3.7,201,Logistics,Chennai
Acma Computers,3.3,201,IT Services & Consulting,Mumbai
Sleepwell,4.1,201,Furniture & Furnishing,New Delhi
Pin Click,2.7,200,Real Estate,Bengaluru
YouTube,4.6,200,Internet,New Delhi
Springbord Systems,4.1,200,IT Services & Consulting,Chennai
A3logics,3.3,201,IT Services & Consulting,Jaipur
Gainwell Technologies,4.2,200,IT Services & Consulting,Bengaluru
ReGen Powertech,3.7,200,Power,Chennai
Dalmia-OCL,3.9,200,Building Material,Rourkela
Avaali Solutions,4.4,200,IT Services & Consulting,Bengaluru
Paytm Money,3.0,200,FinTech,Bengaluru
S.R.Batliboi & Co.,3.1,200,Accounting & Auditing,Gurugram
Medecins Sans Frontieres,4.4,200,Non-Profit,Mumbai
Hero Future Energies,4.2,201,Power,New Delhi
Arvind Techno Engineers,4.0,201,Engineering & Construction,New Delhi
Saudi Electricity Company,4.2,200,Power,Riyadh
DigiCall Teleservices,4.0,200,Telecom,Noida
Gokul Agro Resources,3.8,200,FMCG,Gandhidham
Eagle Infra,3.9,200,Engineering & Construction,Mumbai
Avis,3.5,200,Travel & Tourism,Gurugram
Nutanix,3.4,201,Software Product,Bengaluru
Apps Associates,3.5,201,IT Services & Consulting,Hyderabad
Target Publications,4.0,200,Printing & Publishing,Mumbai
Adhaan Solutions,3.8,200,Recruitment,Ahmedabad
Bhansali Engineering Polymers,3.2,200,Petrochemicals,Abu Road
Ushodaya Enterprises,4.0,200,FMCG,Hyderabad
MBL Infrastructure Limited,3.9,200,Engineering & Construction,New Delhi
Kalyan Toll Infrastructure,4.2,200,Engineering & Construction,Indore
Roha Housing Finance,3.5,200,Financial Services,New Delhi
Prologic Web Solutions,3.9,200,IT Services & Consulting,Noida
Doubletree By Hilton,3.9,200,Hospitality,New Delhi
Extentia Information Technology,3.4,200,IT Services & Consulting,Pune
Japfa Comfeed India Private Limited,3.8,200,Agriculture,Pune
Biophore India Pharmaceuticals,3.4,200,Pharma,Hyderabad
The Cosmos Co-operative Bank,3.5,200,Banking,Pune
Ascendum KPS,3.6,200,IT Services & Consulting,Ahmedabad
Vensure Employer Services,3.8,199,Recruitment,Noida
Liyaans Properties,4.8,200,Real Estate,Kolkata
Woodrock Infotech Private Limited,2.9,201,BPO,Kolkata
Praxair,4.1,200,Chemicals,Bengaluru
Jagran New Media,3.1,200,Internet,Noida
CIMS Hospital,4.2,199,Healthcare,Ahmedabad
JNET Technologies,3.6,199,IT Services & Consulting,Hyderabad
Moneyboxx Finance,3.6,199,NBFC,Mumbai
Lakshmi Life Sciences,3.9,199,Industrial Automation,Coimbatore
Margadarsi Chit Fund,3.7,199,Financial Services,Hyderabad
Rudrabhishek Enterprises,3.1,199,Urban Transport,Noida
Sanmar Group,3.5,199,Chemicals,Chennai
Sahyadri Industries,3.5,199,Building Material,Pune
Canvera,3.7,199,Printing & Publishing,Bengaluru
Dayal Fertilizers,3.7,200,Agro Chemicals,Meerut
Apache Footwear,3.5,199,Fashion & Textile,Nellore
Competition Team Technology,3.6,199,Electronics Manufacturing,Chennai
Timex Group India,4.0,200,Metals & Mining,Noida
Karam Safety,4.3,199,Industrial Machinery,Lucknow
Lumiq,3.4,199,IT Services & Consulting,Noida
Raksha TPA,4.1,199,Insurance,Faridabad
Ester Industries,3.9,199,Petrochemicals,Khatima
Hotel Parle International,3.8,199,Hospitality,Mumbai
The Souled Store,3.2,199,Fashion & Textile,Mumbai
Gennova Biopharmaceuticals,4.2,199,Pharma,Pune
TekisHub Consulting Services,3.7,199,IT Services & Consulting,Hyderabad
Redington Group,3.8,199,IT Services & Consulting,Chennai
Innovel Energy Services,3.7,199,Power,Kolkata
OEN India,4.1,200,Auto Components,Pune
Hoonartek,3.5,198,IT Services & Consulting,Pune
Nipro India Corporation,3.3,198,Healthcare,Pune
Oswal Castings,3.8,198,Metals & Mining,Faridabad
Zenoti,2.6,198,IT Services & Consulting,Hyderabad
Loconav,3.1,198,Software Product,Gurugram
CDM Smith,3.7,198,Engineering & Construction,Bengaluru
GKC Projects,4.5,198,Engineering & Construction,Hyderabad
Caretel Infotech,3.5,198,Analytics & KPO,New Delhi
Green Gene Enviro Protection And Infrastructure,3.6,198,Waste Management,Faridabad
Bureau of Indian Standards,4.0,199,Government,New Delhi
insightsoftware,3.7,198,Software Product,Hyderabad
AXIS Solutions,3.4,198,Industrial Automation,Hyderabad
Cholayil Private Limited,4.1,198,FMCG,Chennai
Bygging India,3.9,198,Engineering & Construction,New Delhi
Marathon Electric India,3.5,200,Electrical Equipment,Faridabad
Energy Efficiency Services,3.7,198,Power,New Delhi
SCIO Management Solutions,4.4,198,BPO,Chennai
IG Petrochemicals,3.3,198,Chemicals,Mumbai
Repro India,3.3,198,FMCG,Mumbai
Tata Passenger Electric Mobility,4.2,199,Automobile,Ahmedabad
Ministry of Home Affairs,4.1,198,Government,New Delhi
VDart,4.0,198,IT Services & Consulting,Tiruchirappalli
Hy Gro Chemicals Pharmtek,3.9,198,Pharma,Hyderabad
Clean Science And Technology,3.5,198,Chemicals,Pune
OnMobile Global,3.6,198,Telecom,Bengaluru
Krishi Rasayan Exports,3.9,199,Import & Export,Ankleshwar
Astec LifeSciences,3.8,198,Agro Chemicals,Mahad
DAIMLER TRUCKS ASIA,3.8,198,Chennai +17 other locations,
Apis India Limited,3.5,198,Food Processing,New Delhi
Axalta Coating Systems,4.1,198,Chemicals,Vadodara
Mervice Infotech,3.6,198,BPO,Kolkata
Blowhorn,3.2,197,Logistics,Bengaluru
Ducat,3.5,197,Education & Training,Noida
rebootXP,2.9,197,Management Consulting,Noida
Shipco It,3.5,197,IT Services & Consulting,Pune
Maahi Milk Producer Company,4.1,197,Food Processing,Rajkot
Kifs Housing Finance,3.7,197,Financial Services,Mumbai
Tata Main Hospital,3.7,197,Healthcare,Jamshedpur
CETPA InfoTech,3.3,197,IT Services & Consulting,Noida
Orange Health Labs,4.0,198,Healthcare,Bengaluru
MSV International,3.9,197,Engineering & Construction,Gurugram
Osam Dairy,3.9,197,Agriculture,Ranchi
Kohler Power,3.9,197,Power,Pune
NSL Textiles,3.9,197,Fashion & Textile,Guntur
Kent,3.4,197,Financial Services,Noida
Zentiva,4.2,197,Pharma,Ankleshwar
Burger Singh,3.6,197,Hospitality,Gurugram
Delhi World Public School,3.6,196,Education & Training,Kolkata
Indel Money,4.0,196,NBFC,Kochi
Bullmen Realty,3.1,196,Real Estate,Noida
Dishnet Wireless,4.3,196,Telecom,Kolkata
DST Worldwide Services,4.2,196,Hyderabad +6 other locations,
Zydus Pharma,3.6,196,Pharma,Ahmedabad
BGD Tech PVT LTD,4.4,196,IT Services & Consulting,Bengaluru
Cosmos Impex,4.2,196,Industrial Machinery,Vadodara
Godrej Tyson Food,3.9,197,Food Processing,Mumbai
SVN SYSTECH INDIA,3.3,196,IT Services & Consulting,Mumbai
Creative Group,4.2,196,Architecture & Interior Design,New Delhi
Blue Rose Technologies,4.1,196,IT Services & Consulting,Bengaluru
Maharishi Markandeshwar University,3.7,196,Education & Training,Ambala
Muthoot Mercantile,3.3,196,NBFC,Thiruvananthapuram
Anu Industries,3.3,196,Packaging,Gurugram
DB Engineering & Consulting,4.2,196,Engineering & Construction,Bengaluru
CivilMantra Infracon Private Limited,3.7,196,Engineering & Construction,Gurugram
Epson,4.3,196,IT Services & Consulting,Bengaluru
E Pack Polymers,3.8,196,Packaging,Greater Noida
Frontizo Business Services,3.6,196,BPO,Chandigarh
Accord Synergy,3.2,196,Hardware & Networking,Vadodara
Aeon Credit Service,3.5,195,Financial Services,Mumbai
Cadsys,3.5,196,IT Services & Consulting,Hyderabad
Lubrizol Corporation,3.9,195,Chemicals,Mumbai
PS Group,3.7,196,Real Estate,Kolkata
Vandana Global,2.9,195,Iron & Steel,Raipur
Txd (india) Technology,4.0,195,Electronics Manufacturing,Rewari
Kundan Group,3.2,195,Jewellery,New Delhi
SOS Children's Village,3.3,195,Non-Profit,New Delhi
RLabs Enterprise Services,3.0,195,Recruitment,Bengaluru
Shemaroo Entertainment,3.2,195,Media & Entertainment,Mumbai
Rimini Street,4.1,195,IT Services & Consulting,Hyderabad
Go Speedy Go,4.5,195,Automobile,Bhubaneswar
Cex Webuy Entertainment,3.3,195,Retail,Mumbai
Vardhman Special Steels,4.0,195,Iron & Steel,Ludhiana
BookMyShow,3.7,195,Internet,Mumbai
Colan Infotech,4.1,195,IT Services & Consulting,Chennai
DS-MAX Properties,3.7,195,Real Estate,Bengaluru
Tirupati Medicare,4.4,195,Pharma,Paonta Sahib
Fermenta Biotech,4.3,195,Biotechnology,Bharuch
Tropilite Foods,3.5,195,Food Processing,Gwalior
Shakti Hormann,3.6,195,Building Material,Hyderabad
Sigma Supply Chain Solutions,3.3,196,Logistics,Noida
Sun Direct TV,3.8,195,Telecom,Chennai
J Mitra And Co,3.8,195,Medical Equipment,New Delhi
Toyo INK,3.9,195,Chemicals,Bharuch
Vertafore,3.8,195,IT Services & Consulting,Hyderabad
Ciklum,3.6,195,IT Services & Consulting,Pune
Flowmore,3.7,195,Industrial Machinery,Ghaziabad
HeyCoach,3.9,195,Education & Training,Bengaluru
Elsevier,3.7,194,Printing & Publishing,Bengaluru
Food Corporation of India,4.1,194,Government,New Delhi
Enrich Hair And Skin Solutions,3.6,194,Beauty & Personal Care,Mumbai
ILJIN AUTOMOTIVE,3.7,194,Automobile,Chennai
Zen3 Info Solutions,3.9,194,IT Services & Consulting,Hyderabad
Service Master Clean,3.8,194,Facility Management Services,New Delhi
DSM Infocom,2.5,194,IT Services & Consulting,Mumbai
Tata Institute of Social Sciences,4.3,194,Education & Training,Mumbai
Emirates NBD,3.0,194,Banking,Bengaluru
Cerium Systems,2.8,194,IT Services & Consulting,Bengaluru
Jayanita Exports,3.4,194,Furniture & Furnishing,Greater Noida
Vision IAS,2.2,196,Education & Training,New Delhi
SFC Solutions India,3.5,195,Automobile,Chennai
Salasar Techno Engineering,4.1,194,Iron & Steel,Ghaziabad
Monocept,3.3,194,Software Product,Hyderabad
Iron Systems,3.3,194,Hardware & Networking,Noida
Tecumseh Products,3.3,194,Industrial Machinery,Faridabad
Eglo India,3.2,194,Consumer Electronics & Appliances,Bawal
Marolix Technology Solutions,2.9,194,IT Services & Consulting,Hyderabad
Triveni Almirah,4.0,195,Furniture & Furnishing,Noida
The House of Abhinandan Lodha,3.1,194,Real Estate,Mumbai
Paranjape Schemes (Construction) Limited,3.2,194,Real Estate,Pune
Epitome Components,3.3,194,Electrical Equipment,Ahilyanagar
Laxmi Remote India,3.4,194,Pharma,Noida
Oben Electric Vehicle,4.3,197,Automobile,Bengaluru
Hi-Tech,3.6,194,Education & Training,New Delhi
Modern Business Solutions,3.7,194,Recruitment,Bengaluru
INOXCVA,3.3,195,Engineering & Construction,Vadodara
Mitsubishi Power India,4.4,194,Industrial Machinery,Bengaluru
Danblock Brakes,3.9,194,Industrial Machinery,Sonipat
Anion Healthcare Services,4.0,194,Healthcare,Hyderabad
Object Technology Solutions,3.8,194,IT Services & Consulting,Hyderabad
NRP Projects,4.0,193,Engineering & Construction,Chennai
Lohum Cleantech,3.5,193,Semiconductors,Greater Noida
Illusion Dental Laboratory,3.4,194,Medical Equipment,Mumbai
OASYS Tech Solutions,3.7,194,IT Services & Consulting,Bhubaneswar
Inteva Products,3.6,193,Auto Components,Bengaluru
Bharat Oman Refineries,3.8,193,Oil & Gas,Bina
DevTown,3.7,193,Education & Training,Bengaluru
Kriya NextWealth,3.6,193,Chittoor +9 other locations,
Meritto,3.4,193,Internet,Gurugram
Green Park Hotels,4.2,193,Hospitality,Hyderabad
Crescon Projects & Services,3.5,194,Engineering & Construction,Chennai
The Chennai Silks,3.5,193,Fashion & Textile,Coimbatore
Saatvik Green Energy,4.0,193,Power,Ambala
Overseas Health Care,3.2,193,Pharma,Phillaur
Ginni Filaments,3.7,193,Fashion & Textile,Noida
Government of Bihar,3.5,193,Government,Patna
Pegasus InfoCorp,2.5,193,IT Services & Consulting,Mumbai
NexTurn,3.9,193,IT Services & Consulting,Hyderabad
Gateway Group of Companies,2.6,193,IT Services & Consulting,Ahmedabad
Dew Solutions,3.4,193,IT Services & Consulting,Gurugram
M&G India,3.4,193,Financial Services,Mumbai
Privi Speciality Chemicals,3.8,193,Chemicals,Mahad
Ambuja Cement Foundation,3.8,195,Non-Profit,Jaipur
Afflatus Gravures,3.7,193,Printing & Publishing,Noida
Primus Techsystems,3.4,193,IT Services & Consulting,Pune
Sequretek It Solutions,3.4,194,Emerging Technologies,Mumbai
Sims Hospital,3.8,193,Healthcare,Chennai
Abellon Clean Energy,3.0,193,Other,Ahmedabad
LS Automotive India,3.5,193,Auto Components,Chennai
TVS Automobiles Solutions,3.6,193,Chennai +37 other locations,
Merkle Sokrati,3.7,192,Marketing & Advertising,Pune
Adcock Ingram,3.9,192,Pharma,Bengaluru
Empower Pragati,3.5,192,Education & Training,New Delhi
i-Source Infosystems,3.6,192,IT Services & Consulting,Pune
Amelia,3.4,192,Hospitality,Bengaluru
Reventics,3.8,192,Healthcare,Hyderabad
Monnet Group,4.4,192,Metals & Mining,Raigarh
Fabtech Projects & Engineers,3.8,192,Engineering & Construction,Pune
Capricorn Logistics,3.5,193,Logistics,Mumbai
Knoldus Inc,3.8,192,IT Services & Consulting,Noida
Code Brew Labs,3.2,192,IT Services & Consulting,Chandigarh
An Pharmaceuticals,4.4,192,Pharma,New Delhi
Param Renewable Energy,3.8,192,Power,Bengaluru
Tonglit Autogistic,3.6,192,Logistics,Chennai
Sheth Creators,3.2,192,Real Estate,Mumbai
Mobile Premier League,3.8,192,Gaming,Bengaluru
Walker Chandiok & Co,3.1,192,Accounting & Auditing,Mumbai
HPM Chemicals & Fertilizers,4.1,192,Agro Chemicals,New Delhi
Neosym Industry,3.9,192,Auto Components,Pune
Vivimed Labs,3.2,192,Chemicals,Hyderabad
Al-Futtaim Group,3.7,192,Retail,Dubai
Dmi Housing Finance,4.1,192,Financial Services,New Delhi
Timezone Entertainment,3.4,192,Events,Mumbai
Kayjay Forging,3.6,193,Auto Components,Ludhiana
Aptia,2.6,194,IT Services & Consulting,Mumbai
Affine,3.2,193,IT Services & Consulting,Bengaluru
CTR Manufacturing Industries,3.6,192,Industrial Machinery,Pune
Stedman Pharmaceuticals,4.1,192,Pharma,Chennai
Kyb Motorcycle Suspension,3.8,192,Industrial Machinery,Chennai
Kumar Organic Products,3.4,192,Chemicals,Bengaluru
Value Rcm Solutions,4.1,193,Analytics & KPO,Kolkata
Givaudan,4.0,192,Beauty & Personal Care,Pune
Krystal Integrated Services Limited,3.8,192,Facility Management Services,Mumbai
Godavari Krishna Co-operative Society,4.7,192,Financial Services,Vijayawada
Eros Group,3.8,192,Real Estate,New Delhi
Euronet Worldwide,3.5,192,FinTech,Mumbai
Zeon Lifesciences,4.0,192,Fitness & Wellness,Paonta Sahib
Capline Services,4.0,192,Healthcare,Noida
Pratibha Industries,4.4,191,Engineering & Construction,New Delhi
Amtex Systems,3.2,191,IT Services & Consulting,Chennai
CIGNEX,3.8,191,IT Services & Consulting,Bengaluru
Hubergroup,3.9,191,Chemicals,Vapi
Ubique Systems,3.7,191,Recruitment,Kolkata
Toto India Industries,3.7,191,Building Material,Vadodara
Jeena & Company,3.6,192,Logistics,Mumbai
Vestian Global Workplace Services,3.3,192,Real Estate,Bengaluru
InfoService,4.1,191,IT Services & Consulting,Bengaluru
Nabard Consultancy Services,3.5,191,Management Consulting,New Delhi
GoMechanic,3.3,191,Internet,Gurugram
Soch Apparels,4.5,191,Fashion & Textile,Bengaluru
Blue Tokai Coffee Roasters,3.8,191,Hospitality,New Delhi
Cyient DLM,3.8,191,Hyderabad +5 other locations,
Radiant Appliances,4.2,191,Electronics Manufacturing,Hyderabad
Theon Pharmaceuticals,3.8,191,Pharma,Baddi
DesiCrew Solutions,3.1,191,Financial Services,Chennai
Minda Stoneridge Instruments,3.2,191,Auto Components,Pune
NCR Atleos,3.8,192,Banking,Mumbai
Apollo Telehealth Services,3.9,192,Healthcare,Hyderabad
Open Financial Technologies Private Limited,3.2,191,FinTech,Bengaluru
Solverminds Solutions and Technologies,3.2,191,IT Services & Consulting,Chennai
Jehangir Hospital,3.9,191,Healthcare,Pune
Edunext Technologies,3.3,191,EdTech,Noida
DesignCafe,3.3,191,Architecture & Interior Design,Bengaluru
Dr. Willmar Schwabe India,4.0,191,Healthcare,Noida
NIMS University,3.0,191,Education & Training,Jaipur
NMTronics India Private Limited,3.2,190,Electronics Manufacturing,Noida
Systopic Laboratories,4.4,190,Pharma,New Delhi
Biesse Manufacturing,3.6,190,Architecture & Interior Design,Bengaluru
Monomark Engineering,4.0,191,Engineering & Construction,Chittorgarh
Stumpp Schuele & Somappa Springs,3.3,190,Industrial Machinery,Bengaluru
ARC Document Solutions,2.7,190,Printing & Publishing,Kolkata
Sel Manufacturing Co.,3.9,190,Fashion & Textile,Ludhiana
Nuance Transcription Services,4.1,190,IT Services & Consulting,Bengaluru
Radheya Machining,3.5,190,Industrial Machinery,Pune
AMS Comtel BPMS,3.3,190,IT Services & Consulting,New Delhi
NTC Logistics India,4.0,190,Logistics,Chennai
Cheema Boilers,4.1,190,Industrial Machinery,Sahibzada Ajit Singh Nagar
CPC Diagnostics,3.8,190,Medical Equipment,Chennai
Google Maps,4.8,190,Internet,Hyderabad
Four Seasons Hotel,3.9,191,Hospitality,Mumbai
EbixCash Financial Technologies,2.7,190,IT Services & Consulting,Pune
Thriveni Sainik Mining,4.3,190,Metals & Mining,Hazaribag
Ecolab Digital Center,3.4,190,Chemicals,Bengaluru
HLE Glascoat,3.2,190,Industrial Machinery,Anand
Appsquadz Software,4.0,190,IT Services & Consulting,Noida
SPJ group,4.0,190,Real Estate,New Delhi
CloudMoyo,4.1,190,Software Product,Pune
Auto Ignition,3.7,190,Auto Components,Faridabad
Gameskraft,4.2,190,Software Product,Bengaluru
Abu Dhabi National Hotels,4.0,189,Hospitality,Abu Dhabi
Massive Restaurants,3.9,189,Hospitality,New Delhi
Carwale,3.3,189,Internet,Mumbai
Kiran Foreign Trade,3.0,189,Software Product,Sahibzada Ajit Singh Nagar
Vilcart,3.7,189,Internet,Bengaluru
R-Logic Technology Services,4.1,189,IT Services & Consulting,Bengaluru
Advantage One Tax Consulting,4.0,189,Financial Services,Hyderabad
Ilensys Technologies,4.0,189,Engineering & Construction,Hyderabad
RattanIndia Power,3.5,189,Power,Amravati
Corient Business Solutions,2.9,190,Accounting & Auditing,Mumbai
Profinch Solutions,3.6,189,FinTech,Bengaluru
Eicher Trucks and Buses,4.6,189,Automobile,Indore
Hogarth Worldwide,3.5,189,Marketing & Advertising,Chennai
Azure Hospitality,4.0,189,Hospitality,New Delhi
Cinda Engineering & Construction,4.1,189,Engineering & Construction,Noida
Symed Labs,3.7,189,Pharma,Hyderabad
Phenix Construction Technologies,3.9,189,Engineering & Construction,Ahmedabad
SAT n paper,4.3,189,New Delhi +4 other locations,
Kimbal Private Limited,3.3,189,Power,New Delhi
Karuna Greentech,4.5,188,Electrical Equipment,Kolkata
Mentorsity,4.4,188,EdTech,New Delhi
Hindustan Media Ventures,3.6,188,Printing & Publishing,Patna
Virinchi Technologies,3.2,188,IT Services & Consulting,Hyderabad
Psychotropics India,3.9,188,Pharma,Haridwar
O2 Power,4.5,188,Power,Gurugram
Cogniter Technologies,3.5,188,IT Services & Consulting,Hyderabad
Aditya Anagha Multi State Credit Co-Operative Society,4.8,188,Banking,Nagpur
Apollo Spectra Hospitals,4.4,188,Healthcare,New Delhi
Starworth Infrastructure Construction,3.6,189,Engineering & Construction,Bengaluru
Mangal Industries,3.8,188,Auto Components,Tirupati
Paisalo Digital,3.6,188,NBFC,New Delhi
CapitalVia,3.9,188,Analytics & KPO,Indore
Walstar Technologies,4.1,188,IT Services & Consulting,Kolhapur
Mitsuba,3.7,189,Auto Components,Gurugram
Jayem Automotives,3.4,188,Auto Components,Coimbatore
Fortune Marketing,3.6,188,Hardware & Networking,New Delhi
Holy Family Hospital,3.5,188,Healthcare,New Delhi
Prgx India,3.2,188,Accounting & Auditing,Pune
Excel Industries,4.0,188,Agro Chemicals,Mumbai
Cornerstone OnDemand,3.3,188,Software Product,Pune
SBL Knowledge Services,2.9,188,IT Services & Consulting,Madurai
Jarvis Technology and Strategy Consulting,3.2,188,Management Consulting,New Delhi
Gunnebo,3.8,188,Defence & Aerospace,Vadodara
EKA Mobility,3.4,189,Automobile,Pune
Sagar Hospital,4.3,188,Healthcare,Bengaluru
Accutest Research Laboratories,3.3,188,Clinical Research,Mumbai
Relyon Softech,4.0,189,Software Product,Bengaluru
Burman Hospitality,3.8,188,Hospitality,New Delhi
VAYA Finserv,4.0,187,Financial Services,Hyderabad
DSM SOFT,2.9,187,IT Services & Consulting,Tiruchirappalli
Bajaj Steel Industries,3.4,187,Industrial Machinery,Nagpur
Gangavaram Port,3.4,187,Ports & Shipping,Visakhapatnam
Arvind Smartspaces Limited,3.6,187,Real Estate,Ahmedabad
Volante Technologies,3.3,187,FinTech,Chennai
ASK-EHS Engineering & Consultants,3.5,187,Engineering & Construction,Surat
Anand Rathi Wealth Limited,3.1,187,Financial Services,Mumbai
Nandi Toyota,3.9,187,Automobile,Bengaluru
Denso Ten Minda India,4.0,187,Auto Components,Bawal
S V S Projects India,3.1,188,Engineering & Construction,Hyderabad
SmartSchool Education,4.6,187,EdTech,Noida
Aptonline,3.3,187,IT Services & Consulting,Hyderabad
Celon Laboratories,3.3,187,Pharma,Hyderabad
Raptim Research,4.5,187,Clinical Research,Mumbai
IFB Agro Industries,4.0,187,Beverage,Kolkata
C.G. Marketing,3.9,187,Marketing & Advertising,Pune
D'Decor Home Fabrics,4.0,187,Fashion & Textile,Mumbai
Digital Web Solutions,3.7,187,IT Services & Consulting,Gurugram
Solex Energy,4.7,187,Power,Surat
Savills,3.6,187,Real Estate,Bengaluru
Private Practice,4.4,187,New Delhi +74 other locations,
Magnit Global,3.4,187,Software Product,Vadodara
Swipewire Technologies,3.8,187,Software Product,Chennai
Virbac Animal Health,3.9,187,Pharma,Mumbai
Ess Kay Group,3.7,187,Industrial Machinery,Gurugram
APAC Financial Services,4.1,187,Financial Services,Mumbai
Experian,3.8,187,FinTech,Hyderabad
Toyota Boshoku Automotive,4.1,187,Auto Components,Bengaluru
Inspiredge IT Solutions,4.0,187,IT Services & Consulting,Visakhapatnam
Bambino Agro Industries,3.8,187,Food Processing,Hyderabad
Lennox India Technology Centre,3.6,187,Industrial Machinery,Chennai
Teleminds Infotech,2.7,187,BPO,Kolkata
PPMS Field Marketing,3.8,187,Marketing & Advertising,Chennai
"L&T Construction, Mining and Industrial Machinery",4.0,187,Industrial Machinery,Bengaluru
AlmaBetter,3.6,187,Bengaluru +11 other locations,
Arabtec Construction,4.2,186,Engineering & Construction,New Delhi
The Hindu Group,3.9,186,Printing & Publishing,Chennai
S kant Healthcare Ltd,4.6,186,Pharma,Vapi
U.S. Polo Assn,4.4,186,Retail,Bengaluru
Ican BPO,4.4,186,BPO,Thane
Vmoksha Technologies,4.5,186,IT Services & Consulting,Bengaluru
M*Modal,3.6,186,IT Services & Consulting,Bengaluru
International Travel House,3.8,186,Travel & Tourism,New Delhi
JK Agri Genetics,3.5,186,Biotechnology,Hyderabad
GVK Group,3.7,186,Engineering & Construction,Hyderabad
Rane Group,3.9,186,Auto Components,Chennai
Architect Hafeez Contractor,3.0,186,Architecture & Interior Design,Mumbai
Proventech,4.2,186,Software Product,Hyderabad
Birdeye,3.1,186,Marketing & Advertising,Gurugram
Epimoney,3.3,187,Financial Services,Mumbai
Admiral Solutions,3.1,186,IT Services & Consulting,New Delhi
The Pride Hotel,3.3,186,Hospitality,Pune
CleanMax Enviro Energy Solutions,4.4,186,Power,Mumbai
Zuari Agro Chemicals,3.8,186,Agro Chemicals,Vasco Da Gama
KPI Partners,3.6,186,IT Services & Consulting,Hyderabad
Mansukh Securities & Finance,3.1,186,Financial Services,Ahmedabad
Micromatic Grinding Technologies,4.0,186,Industrial Machinery,Ghaziabad
GUVI,3.5,186,EdTech,Chennai
Enterslice,3.8,186,FinTech,Noida
Naresh i Technologies,3.9,186,IT Services & Consulting,Hyderabad
TPF Engineering,3.7,186,Engineering & Construction,Mumbai
Source One Management Services,3.4,186,IT Services & Consulting,Bengaluru
NeST Digital,3.5,186,IT Services & Consulting,Kochi
Manikaran Power Limited,3.4,187,Power,New Delhi
FreshersNow,3.9,186,Hyderabad +40 other locations,
MaxVal Group,3.1,186,IT Services & Consulting,Coimbatore
Ansal Api,4.0,186,Real Estate,New Delhi
Cadmaxx Solutions,3.5,186,IT Services & Consulting,Bengaluru
Reliance Smart Point,4.2,186,Kolkata +82 other locations,
APOLLO POWER SYSTEMS,3.8,186,Electrical Equipment,Bengaluru
Towell Engineering Group,3.6,185,Engineering & Construction,Muscat
Apollo Supply Chain,3.8,186,Logistics,Gurugram
Ring Plus Aqua,4.1,185,Auto Components,Nashik
WNS Denali,3.4,186,Management Consulting,Pune
Epp Composites,3.3,185,Industrial Machinery,Rajkot
TALENTEDGE,3.2,185,EdTech,Pune
Labtron Equipment,3.5,185,Hyderabad +9 other locations,
RT Network Solutions,3.5,185,IT Services & Consulting,Kolkata
Appiness Interactive,4.3,185,IT Services & Consulting,Bengaluru
HEUBACH Colour,4.0,186,Chemicals,Ankleshwar
Sadhu Forging,3.6,185,Industrial Machinery,Faridabad
Target Engineering Construction Company,3.9,186,Engineering & Construction,Abu Dhabi
Gnrc Hospital,3.6,185,Healthcare,Guwahati
Unify Technologies,2.8,185,IT Services & Consulting,Hyderabad
Bharat Benz,4.3,185,Automobile,Chennai
Translumina Therapeutics,3.3,185,Healthcare,New Delhi
AMBITION JOB,4.3,187,Recruitment,Hyderabad
Simplify3x Software,3.9,185,Software Product,Bengaluru
Indian Council of Medical Research,4.3,186,Healthcare,New Delhi
Eurofins Advinus,3.5,185,Pharma,Bengaluru
SYNCHRONIZED SUPPLY SYSTEMS,4.0,185,Logistics,Gurugram
Hindustan Platinum,3.4,185,Metals & Mining,Mumbai
Carryfast group,3.5,185,Logistics,Indore
Rajhans Group of Industries,4.2,185,Real Estate,Surat
Lithium Urban Technologies,3.4,186,Urban Transport,Bengaluru
Saraca Solutions,4.0,186,IT Services & Consulting,Noida
Stantec,3.8,186,Engineering & Construction,Pune
Allset Business Solutions,3.7,185,BPO,Chennai
Essencea Infoserv,2.6,185,BPO,Hyderabad
Crif Solutions,3.1,185,FinTech,Pune
All India Council Technical Education,4.4,185,New Delhi +30 other locations,
Maksat Technologies,3.4,184,Telecom,New Delhi
Donear Industries,3.2,184,Fashion & Textile,Mumbai
Cloudstrats Technologies,3.0,184,IT Services & Consulting,Mumbai
Incrementors Web Solutions,3.8,184,Financial Services,New Delhi
Jaslok Hospital and Research Centre,4.1,185,Healthcare,Mumbai
SeQuent Scientific,3.7,184,Pharma,Mumbai
Goibibo,2.5,184,Travel & Tourism,Gurugram
Intense Technologies,3.5,184,IT Services & Consulting,Hyderabad
C-quel Management Services,4.2,184,Accounting & Auditing,Kolkata
Celio Future Fashion,4.3,184,Retail,Mumbai
National Aerospace Laboratories,4.3,184,Defence & Aerospace,Bengaluru
TalentServe,2.0,184,Software Product,Mumbai
Lakme Salon,3.7,184,Beauty & Personal Care,Bengaluru
iQuanti,4.1,184,Marketing & Advertising,Bengaluru
Heavy Engineering Corporation,3.6,184,Engineering & Construction,Ranchi
Tata Memorial Hospital,4.1,185,Healthcare,Mumbai
Fangs Technology,3.9,185,Consumer Electronics & Appliances,Chennai
Miraj Group,3.9,184,Printing & Publishing,Udaipur
Kamdhenu,3.7,183,Building Material,Gurugram
Hyundai Heavy Industries,3.4,184,Industrial Machinery,Pune
Arwade Infrastructure,3.9,184,Engineering & Construction,Pune
Oswal Group,3.8,184,Fashion & Textile,Ludhiana
DavaIndia,3.6,184,Kolkata +55 other locations,
Cyntexa,3.9,184,IT Services & Consulting,Jaipur
Kenvue,3.5,186,Beauty & Personal Care,Bengaluru
Oxford University Press,3.2,184,Printing & Publishing,New Delhi
Careers360,2.9,184,Education & Training,Gurugram
Maschio Gaspardo,3.8,184,Industrial Machinery,Pune
Simple Energy,4.0,184,Automobile,Bengaluru
Dr Shroff Charity Eye Hospital,3.8,184,Healthcare,New Delhi
Geno Pharmaceuticals,3.0,184,Pharma,Mumbai
Birla Cellulose,3.6,184,Pulp & Paper,Bharuch
Goel Ganga Group,3.2,185,Real Estate,Pune
General Diagnostics International Private Limited,3.1,184,Healthcare,Mumbai
Fichtner Consulting Engineers,3.8,184,Engineering & Construction,Chennai
Ananda Dairy,3.8,184,Agriculture,Noida
Supple Tek Industries,3.5,184,Food Processing,Amritsar
Vastu Finserve,4.1,184,NBFC,New Delhi
Childline India Foundation,4.3,183,Non-Profit,Mumbai
Fiat Chrysler Automobiles,3.7,183,Automobile,Chennai
cFIRST,3.9,183,Recruitment,Ahmedabad
Global Hospital Pune India,3.9,183,Healthcare,Mumbai
Nippon Konpo,4.0,183,Logistics,Gurugram
Gpt Infraprojects,4.0,183,Engineering & Construction,Kolkata
Country Holidays Travel Chennai,3.9,183,Travel & Tourism,Noida
Ayoki Fabricon,3.9,183,Engineering & Construction,Pune
Axa Parenterals,3.7,183,Medical Equipment,Roorkee
KerryIndev Logistics,3.8,183,Logistics,Chennai
NSL Sugars,4.1,183,Food Processing,Hyderabad
Gangar Eyenation,3.8,183,Retail,Mumbai
Qube Cinema Technologies,3.7,183,Media & Entertainment,Chennai
Aster Cmi Hospital,3.9,183,Healthcare,Bengaluru
Market Xcel Data Matrix,2.7,183,Analytics & KPO,New Delhi
Sulphur Mills,3.5,183,Agro Chemicals,Mumbai
Graygraph Technologies Private Limited,4.2,183,IT Services & Consulting,Noida
Bajaj Financial Securities,4.2,184,Financial Services,Pune
RPP Infra Projects,3.9,183,Engineering & Construction,Chennai
Grupo Bimbo,3.5,183,FMCG,New Delhi
Bengal Energy,3.8,183,Power,Kharagpur
Reliance Corporate IT Park,4.0,183,Mumbai +38 other locations,
Glatt Systems,3.7,183,Pharma,Pune
Ravi Foods,3.8,183,Food Processing,Hyderabad
Accurate Engineering Company,3.2,183,Industrial Machinery,Pune
Aurus,2.6,183,FinTech,Pune
Polyplastics,3.7,183,Petrochemicals,Ahmedabad
Anytime Fitness,3.4,183,Fitness & Wellness,New Delhi
All Time Plastics,4.0,183,Petrochemicals,Mumbai
Hitek Syndicate,3.5,183,Banking,New Delhi
W3Global,3.2,185,Recruitment,Hyderabad
Kutch Copper,3.6,183,Metals & Mining,Mundra
Trellix,3.5,183,Software Product,Bengaluru
Cytecare Cancer Hospital,4.5,182,Healthcare,Bengaluru
Laminaar Aviation Infotech,2.6,182,IT Services & Consulting,Bengaluru
NHPC,4.2,182,Power,Faridabad
Jai Kisan,3.2,182,Internet,Mumbai
Monginis Foods,3.4,182,Hospitality,Mumbai
Sunera Technologies,3.6,182,IT Services & Consulting,Hyderabad
Tech Vedhu,4.5,182,Bengaluru +3 other locations,
Indian School of Business,3.2,182,Analytics & KPO,Hyderabad
Wepsol,3.4,182,IT Services & Consulting,Bengaluru
Nangia & Co. LLP,3.3,182,Accounting & Auditing,New Delhi
MSL Driveline Systems,4.2,182,Auto Components,Nashik
DESIGNCO,3.9,182,Import & Export,Moradabad
Cubastion Consulting,3.0,182,IT Services & Consulting,Gurugram
Harbinger Systems,3.4,182,Software Product,Pune
L&T Infrastructure Development Projects,4.0,182,Engineering & Construction,Chennai
Impresario Entertainment & Hospitality,4.2,182,Hospitality,Mumbai
Maccaferri,3.9,182,Real Estate,Gurugram
Shankar Packagings,2.5,182,Packaging,Vadodara
IPL Biologicals,4.0,182,Agriculture,Gurugram
Integrated Enterprises,3.8,182,Financial Services,Chennai
Radix Electrosystems,3.4,182,Electronics Manufacturing,Mumbai
Vehere Technologies,4.5,182,IT Services & Consulting,Kolkata
Cashfree Payments,3.0,182,FinTech,Bengaluru
Deccan Cements,4.0,182,Building Material,Hyderabad
Novopor Advanced Science,4.0,182,Chemicals,Visakhapatnam
Jar,4.4,182,FinTech,Bengaluru
Cadworks India,4.9,182,Design,New Delhi
Asianet Satellite Communications,4.5,183,Internet,Thiruvananthapuram
ObjectWin Technology,3.5,182,Recruitment,Bengaluru
Wanfeng Aluminum Wheel,3.6,182,Industrial Machinery,Bawal
Inox Green Energy Services,4.0,182,Electrical Equipment,Rajkot
ANEWA Engineering,3.8,182,Engineering & Construction,Hyderabad
Freyr Energy Services,3.7,182,Power,Hyderabad
Divgi Torqtransfer Systems,3.1,182,Auto Components,Pune
Hyderabad Metro Rail,4.1,182,Railways,Hyderabad
OneAdvanced,2.8,182,IT Services & Consulting,Bengaluru
A2Z Infraservices,3.9,182,Facility Management Services,New Delhi
AlgoShack,4.2,182,Software Product,Bengaluru
Bhavna Corp.,3.3,182,IT Services & Consulting,Noida
Amentum,3.9,182,Defence & Aerospace,Bengaluru
Healthplix Technologies,3.1,182,Fitness & Wellness,Bengaluru
Techugo,3.6,182,Software Product,Noida
Rhenus Logistics,3.4,182,Logistics,Mumbai
Lalitpur Power Generation,4.3,182,Power,Lalitpur
Valiant Organics,3.6,181,Chemicals,Bharuch
Globe Capital Market,3.4,181,Investment Banking / Venture Capital / Private Equity,New Delhi
Prione Business Services,4.4,181,Retail,Bengaluru
Simpa Energy,4.6,181,Power,Noida
Central Institute of Plastics Engineering & Technology,3.8,181,Education & Training,Chennai
Sistema Shyam Teleservices,4.9,181,Telecom,Gurugram
ABT Maruti,4.0,181,Automobile,Chennai
Wyzmindz Solutions,3.2,181,IT Services & Consulting,Bengaluru
Ruparel Realty,3.8,182,Real Estate,Mumbai
Dr ITM,3.0,181,BPO,Jaipur
Li & Fung,3.9,181,Electrical Equipment,Gurugram
Sterlite Copper,4.1,181,Metals & Mining,Thoothukudi
GDX Group,4.1,181,Law Enforcement & Security,New Delhi
River Engineering,3.6,181,Industrial Machinery,Greater Noida
Electronics Mart India,3.5,181,Retail,Hyderabad
Kolors Healthcare,3.7,181,Healthcare,Hyderabad
Veeline Industries,4.3,181,Surat +7 other locations,
Bonanza Portfolio,3.4,181,Financial Services,Mumbai
Digamber Finance,4.1,181,Financial Services,Jaipur
KRG Technologies,4.3,181,IT Services & Consulting,Chennai
Ramee Group of Hotels,3.5,181,Hospitality,Mumbai
Dar Al Handasah Consultants Shair And Partners,3.0,181,Engineering & Construction,Pune
Archean Chemical Industries,3.7,181,Chemicals,Bhuj
BVC Logistics,3.5,181,Logistics,Mumbai
United Nations Development Programme,4.1,181,Non-Profit,New Delhi
Regal Rexnord Corporation,3.5,181,Industrial Machinery,Hyderabad
PC Financial Services,4.1,181,Financial Services,Gurugram
CRED,3.5,181,FinTech,Bengaluru
Express Roadways,3.5,182,Logistics,New Delhi
FutureSoft India,3.5,181,Software Product,Bengaluru
Gopalan Enterprises,4.0,181,Real Estate,Bengaluru
Sitics Logistic Solutions,3.0,181,Financial Services,Palakkad
Aster MIMS,4.4,181,Healthcare,Kozhikode
S.M. Consultants,3.4,181,Management Consulting,Bhubaneswar
Recykal,4.0,181,Internet,Hyderabad
Traya Health,3.5,181,Fitness & Wellness,Mumbai
Lal Baba Seamless Tubes,3.0,180,Industrial Machinery,Haldia
SNS College of Technology,4.8,181,Education & Training,Coimbatore
Dayal Group,4.0,180,Agriculture,Lucknow
Kapil Chit Funds,3.9,180,FinTech,Hyderabad
Newtech Medical Devices,3.7,181,Medical Equipment,Faridabad
Mandovi Motors,3.8,180,Auto Components,Bengaluru
Srijan Realty,3.6,180,Real Estate,Kolkata
Kuantum Papers,4.3,180,Pulp & Paper,Hoshiarpur
Rabwin Industries,3.9,180,Industrial Machinery,Coimbatore
Arvind Technocrats & Engineers LLP,3.7,180,Engineering & Construction,New Delhi
Mepro Pharmaceuticals,3.6,181,Pharma,Vadodara
bloom Hotel Group,4.2,180,Hospitality,New Delhi
Delivery.com,4.0,180,Internet,Hyderabad
Citylife Retail,3.9,180,Retail,Kolkata
Shubham K Mart,4.1,180,Retail,Raipur
Sun Technologies,3.2,180,IT Services & Consulting,Bengaluru
Greaves Electric Mobility,3.1,180,Automobile,Bengaluru
Anthea Pharma,4.1,180,Pharma,Hyderabad
Trinity Mobility,2.7,182,IT Services & Consulting,Bengaluru
Kaff Appliances (india),3.1,180,Consumer Electronics & Appliances,Gurugram
Jagatjit Industries,3.6,181,Beverage,New Delhi
Toyota Kirloskar Auto Parts,4.1,181,Auto Components,Bengaluru
Vitech Systems Asia,3.5,180,IT Services & Consulting,Hyderabad
General Industrial Controls,3.6,180,Industrial Automation,Pune
3F Industries,3.3,180,Food Processing,Nellore
Metayb,3.8,180,IT Services & Consulting,Chennai
Bewakoof,3.7,180,Fashion & Textile,Bengaluru
Akasa Air,3.3,180,Aviation,Mumbai
Lawrence & Mayo,3.8,180,Retail,Hyderabad
P C CHANDRA JEWELLERS,3.7,180,Jewellery,Kolkata
Sri Ranganathar Industries,3.3,180,Industrial Machinery,Coimbatore
Dentsu Communications,3.2,180,Marketing & Advertising,Pune
Infinity Data Technologies,3.4,180,IT Services & Consulting,Pune
Alexander Mann Solutions,3.1,180,Recruitment,Bengaluru
Caparo Group,4.1,180,Oil & Gas,Chennai
Tech2Globe,4.0,180,IT Services & Consulting,New Delhi
Institute of Language Management,4.3,180,Education & Training,Bengaluru
Goldi Solar,4.0,180,Power,Surat
Katyayani Organics,3.8,180,Agriculture,Bhopal
Feedback Energy Distribution Company,3.6,179,Power,Bhubaneswar
Swaraj Engines,3.8,180,Automobile,Sahibzada Ajit Singh Nagar
Vega Intellisoft,4.4,179,Recruitment,Chennai
Infibeam Avenues,3.2,179,IT Services & Consulting,Mumbai
Diksha Technologies,3.0,179,IT Services & Consulting,Bengaluru
KNNX Corp,2.5,179,IT Services & Consulting,Noida
Wellspring Healthcare,2.8,179,Healthcare,Mumbai
VASANTHA TOOL CRAFTS,3.9,179,Industrial Machinery,Hyderabad
Sahyadri Farms,3.5,179,Internet,Nashik
Indian Council of Agricultural Research,3.8,179,Education & Training,New Delhi
Tata Realty and Infrastructure,3.8,180,Real Estate,Mumbai
Matrix Cellular Services,4.2,179,Telecom,New Delhi
Confiance BizSol Private Limited,3.1,181,Analytics & KPO,Ahmedabad
NetCom Learning,3.2,179,EdTech,Noida
Maya Academy of Advanced Cinematics,3.0,179,Animation & VFX,New Delhi
GreenCell Mobility,3.5,180,Logistics,Mumbai
Altius Customer Services,3.4,179,BPO,Nagpur
Kenstar,3.7,179,Consumer Electronics & Appliances,Gurugram
Pentagon System and Services,3.7,179,IT Services & Consulting,Mumbai
Pratibha Syntex,3.8,179,Fashion & Textile,Indore
Daebu Automotive Seat,3.2,179,Auto Components,Chennai
Maven Silicon,3.9,179,Semiconductors,Bengaluru
Best Value Chem,3.7,179,Chemicals,Vadodara
Solenis,3.7,179,Chemicals,Hyderabad
Yotta Infrastructure Solutions,3.7,179,IT Services & Consulting,Mumbai
Transcom India,2.4,180,BPO,Gurugram
Leena Powertech Engineers,3.5,179,Engineering & Construction,Mumbai
Biotech Vision Care,3.7,179,Healthcare,Ahmedabad
John Cockerill,3.2,179,Industrial Machinery,Mumbai
First Abu Dhabi Bank,3.1,179,Banking,Bengaluru
O2f info Solutions,3.4,179,Recruitment,Hyderabad
Bobst India,4.0,179,Industrial Machinery,Pune
myTVS Parts & Accessories,3.9,179,Auto Components,Chennai
Swal Corporation,4.1,178,Agro Chemicals,Pune
St. Joseph's School,4.2,178,Education & Training,Lucknow
B.L. Agro Industries,3.7,178,Bareilly +21 other locations,
Atlassian,3.0,178,Software Product,Bengaluru
Ginger Webs,2.6,178,IT Services & Consulting,Noida
Global Payments,4.1,180,FinTech,Pune
Lepton Software Export & Research,3.4,178,Software Product,Gurugram
MEP Infrastructure Developers,3.7,178,Engineering & Construction,Mumbai
Poonawalla Finance,3.7,178,NBFC,Pune
nurture.farm,3.2,178,Agriculture,Bengaluru
Ranjit Buildcon,4.3,178,Engineering & Construction,Surat
Ashish Life Science,3.7,178,Pharma,Mumbai
Rain Carbon,4.1,179,Visakhapatnam +5 other locations,
Liquiloans,2.9,178,FinTech,Mumbai
QuyTech,4.0,178,IT Services & Consulting,Gurugram
"CAMP Systems International, Inc.",3.9,178,Software Product,Hyderabad
Indovision Services,3.8,178,IT Services & Consulting,New Delhi
Ferring Pharmaceuticals,3.9,178,Pharma,Hyderabad
Da Milano Leathers,2.8,178,Leather,New Delhi
Unilog Content Solutions ( P),3.2,178,Software Product,Mysuru
Brandix India Apparel City,3.9,178,Fashion & Textile,Visakhapatnam
Singer India,4.0,178,Consumer Electronics & Appliances,New Delhi
Carrefour,3.3,178,Retail,Gurugram
Applus Velosi,3.7,178,Oil & Gas,Chennai
Sree Metaliks,3.8,178,Industrial Machinery,Barbil
Jubilant Industries,3.8,178,Agro Chemicals,New Delhi
Sandfits Foundries,4.0,179,Auto Components,Coimbatore
Yamaha Music India,3.6,178,Media & Entertainment,Chennai
NNE,3.4,178,Engineering & Construction,Bengaluru
Presidency University,2.7,178,Education & Training,Bengaluru
Exotel,2.8,178,Software Product,Bengaluru
Tynor Orthotics,3.4,181,Fitness & Wellness,Sahibzada Ajit Singh Nagar
SPIE Oil & Gas Services,4.2,177,Oil & Gas,Doha
HP Computing and Printing Systems,3.8,177,IT Services & Consulting,Bengaluru
Alliant Talent,2.2,177,Accounting & Auditing,Hyderabad
Motwane Manufacturing Company,3.5,178,Electrical Equipment,Nashik
Chromewell Engineering,3.7,177,Industrial Machinery,Pune
Macmet Engineering,3.7,177,Industrial Machinery,Kolkata
Thinksynq Solutions,3.8,177,Management Consulting,Chennai
Cipla Industries,4.0,177,Pharma,Indore
CR Asia,3.9,177,Oil & Gas,Jamnagar
Continental Tyres,3.5,177,Auto Components,Meerut
Jamboree Education,3.3,177,EdTech,New Delhi
Informatica,3.8,177,Software Product,Bengaluru
Doordarshan,3.9,177,Broadcasting,New Delhi
Inmakes Infotech,3.5,178,Kochi +12 other locations,
Best Corporation,3.6,177,Fashion & Textile,Tiruppur
Randstad Digital,3.1,178,Recruitment,Bengaluru
Modelama Exports,3.9,177,Fashion & Textile,Gurugram
Finecure Pharmaceuticals,3.7,177,Pharma,Ahmedabad
Yashashvi Rasayan,4.1,177,Metals & Mining,Bharuch
PAN Healthcare,4.6,177,FMCG,Rajkot
Yes Madam,4.0,177,Internet,Noida
Ascolite - Aswani Industries Pvt. Ltd.,3.8,177,Engineering & Construction,Surat
D.B ENGINEERING,4.3,177,Industrial Machinery,Noida
SKYMAP PHARMACEUTICALS,3.9,177,Pharma,Roorkee
Sinch,3.6,177,Internet,Noida
Damodar Valley Corporation,3.8,177,Power,Kolkata
Ultra Engineers,4.0,176,Industrial Machinery,Pune
Bry-Air (Asia),3.6,176,Gurugram +16 other locations,
EASTMAN EXPORTS GLOBAL CLOTHING PVT.LTD,3.6,176,Fashion & Textile,Tiruppur
ThinkPalm Technologies,3.9,177,IT Services & Consulting,Kochi
ValueFirst Digital Media,3.4,176,Software Product,Gurugram
MGNREGA,3.7,176,Government,Hyderabad
Escorts Construction Equipment,4.2,176,Industrial Machinery,Faridabad
DMI,3.9,176,IT Services & Consulting,Noida
Wibmo,3.2,176,FinTech,Bengaluru
L&T Buildings & Factories,3.8,176,Engineering & Construction,Mumbai
Peerless Hospital,4.1,176,Healthcare,Kolkata
Pravin Masalewale,3.9,176,FMCG,Pune
Curateq Biologics,3.3,176,Biotechnology,Hyderabad
Indian Register of Shipping,3.9,176,"Testing, Inspection and Certification (TIC)",Mumbai
Olive Bar & Kitchen,4.0,176,Hospitality,Mumbai
Vignesh Polymers,3.4,176,Auto Components,Chennai
Impressions Services,3.8,176,Facility Management Services,Gurugram
Goel Construction,3.8,176,Engineering & Construction,Jaipur
Apptunix,4.1,176,Software Product,Sahibzada Ajit Singh Nagar
Sportz Interactive,3.4,176,Internet,Mumbai
Ingenero Technologies,4.1,176,IT Services & Consulting,Mumbai
Vee Gee Industrial Enterprises,3.9,176,Electronics Manufacturing,Faridabad
Allied Nippon,3.7,176,Auto Components,Ghaziabad
Ind swift ltd. Gbu,3.7,176,Chandigarh +21 other locations,
Crio.Do,2.9,176,EdTech,Bengaluru
Servosys Solutions,2.8,176,Financial Services,Mumbai
Ascendum Solutions,3.0,176,IT Services & Consulting,Bengaluru
ABP Network,4.0,176,Broadcasting,Noida
ATYETI,3.7,176,IT Services & Consulting,Pune
Ben Franklin,3.6,176,Retail,Hyderabad
Collage,4.2,175,Retail,Hyderabad
Meditrina Hospital,4.0,175,Healthcare,Kollam
Bharat Coking Coal,4.2,175,Metals & Mining,Dhanbad
ART Housing Finance (India),3.6,175,Financial Services,Gurugram
Gowtham Model School,3.8,175,Education & Training,Hyderabad
Acer India,3.7,175,IT Services & Consulting,Bengaluru
Holostik,4.0,175,Packaging,Noida
Kumar Properties,4.2,175,Real Estate,Pune
Gujarat Guardian Ltd.,3.7,175,Building Material,Ankleshwar
Pan Gulf Technologies,4.0,175,Design,Mumbai
Qicpic,2.3,175,Internet,Bengaluru
Talwalkars Better Value Fitness,4.1,175,Fitness & Wellness,Mumbai
Trawex Technologies,4.5,175,Software Product,Bengaluru
Gsa Industries,4.0,175,Automobile,Patiala
Ideaforge Technology,3.5,175,Internet,Mumbai
BG Distributors,3.5,175,FMCG,Kolkata
Nipha Exports,3.6,175,Industrial Machinery,Kolkata
Konstelec Engineers,3.5,175,Engineering & Construction,Mumbai
IQ City Medical College,3.4,175,Education & Training,Durgapur
CI Infotech,3.6,175,IT Services & Consulting,New Delhi
Ghv India,4.3,175,Engineering & Construction,Mumbai
Metro Tyres,3.6,175,Auto Components,Ludhiana
SMCC Construction India,4.2,175,Engineering & Construction,New Delhi
SEForge,3.3,175,Engineering & Construction,Coimbatore
Dmi Finance,3.5,175,NBFC,New Delhi
Lamprell,4.0,175,Oil & Gas,Chennai
Mahindra Accelo,3.4,175,Iron & Steel,Pune
RC Plasto Tanks And Pipes,3.7,175,Nagpur +28 other locations,
Sms Integrated Facility Services,4.1,175,Facility Management Services,Mumbai
Rotex,3.8,175,Auto Components,Vadodara
Educational Initiatives,2.9,175,EdTech,Bengaluru
Unimrkt Research,3.2,175,Analytics & KPO,Gurugram
Neelachal Ispat Nigam,4.2,175,Metals & Mining,Jajpur
Nahar Industrial Enterprises,3.8,175,Fashion & Textile,Chandigarh
Namra Finance,3.9,175,Financial Services,Ahmedabad
Sowparnika,4.0,175,Real Estate,Bengaluru
Technocraft Industries,3.7,175,Industrial Machinery,Mumbai
Atidan Technologies,4.2,175,Software Product,Mumbai
M2P Fintech,2.9,176,FinTech,Chennai
Accurate Global Alliances,4.7,174,Recruitment,Noida
CFlo,4.5,174,Industrial Machinery,Kolkata
Expedien eSolutions,3.1,174,IT Services & Consulting,Noida
Hiranandani group,4.1,174,Real Estate,Mumbai
Mafatlal Industries,3.7,174,Fashion & Textile,Mumbai
MRCC Solutions,2.9,174,IT Services & Consulting,Mumbai
Lulu Hypermarket,3.6,174,Retail,Lucknow
Keihin India Manufacturing,4.4,174,Auto Components,Neemrana
IREO,4.5,174,Real Estate,Gurugram
Pathcare Labs,3.6,174,Healthcare,Hyderabad
Layam Flexi Solutions,3.5,174,Recruitment,Chennai
Govind Milk & Milk Products,4.3,174,Food Processing,Pune
vSplash Techlabs,2.0,174,IT Services & Consulting,Hyderabad
GXO,3.7,175,Logistics,Mumbai
SPX Flow Technology,4.3,174,Industrial Machinery,Bengaluru
Mayoor School,4.2,174,Education & Training,Noida
MUFG Intime India,3.4,174,Mumbai +9 other locations,
Podar Jumbo Kids,3.8,174,Education & Training,Mumbai
Varsity Education Management,3.7,174,Education & Training,Hyderabad
Kiaasa Retail Limited,4.7,174,Retail,New Delhi
Gmr Airport Developers,3.8,174,Engineering & Construction,Hyderabad
FunnL,3.4,174,Marketing & Advertising,Hyderabad
Happy Forging,3.8,174,Auto Components,Ludhiana
LiquidHub,3.6,174,IT Services & Consulting,Hyderabad
Wintax Solution,4.7,174,Recruitment,Surat
Paracoat Products,3.6,175,Auto Components,Hosur
Lince Soft Solutions,4.6,174,Recruitment,Hyderabad
Amnet Systems,3.7,174,IT Services & Consulting,Chennai
Integrace Health,3.7,174,Pharma,Mumbai
Warner Bros. Discovery,3.7,174,Media & Entertainment,Hyderabad
Sterling Software Private Limited,3.4,174,Software Product,Chennai
Zeiss Pharma,3.4,174,Pharma,Jammu
JioHotstar,3.5,174,Internet,Mumbai
VISION,3.8,174,Management Consulting,New Delhi
Johnson Electric,3.5,175,Electronics Manufacturing,Chennai
UMSL,3.5,174,Engineering & Construction,Bhubaneswar
Qatar Petroleum,4.3,174,Oil & Gas,Doha
Way.com,3.9,174,Internet,Thiruvananthapuram
Miles Education - CPA & CMA Review (Hyderabad),,--,Education & Training,Bangalore
Visible Alpha Solutions,3.6,173,Analytics & KPO,Mumbai
Opporture,4.8,173,Content Development,Hyderabad
Zuno General Insurance,3.7,173,Financial Services,Mumbai
Abu Dhabi Oil Refining Company,4.4,173,Oil & Gas,Abu Dhabi
Embassy Group,4.2,173,Real Estate,Bengaluru
otsuka chemical india,4.0,173,Chemicals,Jaipur
Wysetek Systems Technologists,3.5,172,IT Services & Consulting,Mumbai
Automation Anywhere,3.7,173,Industrial Automation,Bengaluru
Shree Maruti Courier Service,4.0,173,Logistics,Ahmedabad
DIN Engineering Services,3.7,173,Analytics & KPO,Noida
Willowood Chemicals,3.7,174,Agro Chemicals,Vadodara
Vertex,3.6,173,Pharma,Hyderabad
Ajmal Perfumes,4.0,174,Beauty & Personal Care,Mumbai
Stonex,3.9,173,Metals & Mining,New Delhi
Garden Reach Shipbuilders & Engineers,4.1,173,Ports & Shipping,Kolkata
Kamal Fincap,4.0,173,Financial Services,Kota
DCW,3.8,173,Chemicals,Thoothukudi
SHARON BIO MEDICINE,4.0,173,Pharma,Dehradun
Graphite India,3.4,173,Electrical Equipment,Nashik
Lanson Toyota,4.2,173,Automobile,Chennai
Coverfox,3.8,173,Insurance,Mumbai
Trinity Touch,4.3,174,Electrical Equipment,Faridabad
D A V School,3.9,173,Education & Training,Chennai
M Tech Innovations,4.0,173,Electronics Manufacturing,Pune
Ajanta Shoes,3.6,173,Fashion & Textile,Kolkata
Exemed Pharmaceuticals,3.8,173,Pharma,Vadodara
Ganges Internationale,2.7,173,Power,Chennai
Conde Nast India,2.7,173,Printing & Publishing,Bengaluru
Ardex Endura,3.9,173,Building Material,Bengaluru
Universal Cables,3.9,173,Building Material,Satna
Toluna,3.2,173,Analytics & KPO,Gurugram
SISA Information Security,3.0,173,IT Services & Consulting,Bengaluru
Unique Engineers,3.4,173,Industrial Machinery,Gurugram
Nirvasa Healthcare,3.2,173,Healthcare,Gurugram
Connect Broadband,4.1,173,Telecom,Sahibzada Ajit Singh Nagar
Lapp India,4.1,173,Electrical Equipment,Bengaluru
Deepak Chem Tech,4.0,174,Chemicals,Bharuch
Chandak Group,4.2,173,Real Estate,Mumbai
STEM Learning,4.2,173,Education & Training,Mumbai
Mold Tek Packaging,3.9,173,Packaging,Hyderabad
Thinksys Software,3.8,175,IT Services & Consulting,Noida
Scribe EMR,3.9,173,Analytics & KPO,Bengaluru
Deepak Foundation,3.9,173,Non-Profit,Vadodara
Compuage Infocom,4.2,173,Hardware & Networking,Mumbai
Super Auto India,3.7,172,Industrial Machinery,Pune
L&T Geostructure,4.1,172,Chennai +30 other locations,
Nisa Industrial Services,3.8,172,Law Enforcement & Security,Mumbai
ARCHER Transnational Systems Private Limited,3.7,172,Legal,Vadodara
Jivo Wellness,3.1,172,FMCG,New Delhi
Zerodha,4.1,172,FinTech,Bengaluru
AIG,3.8,172,Insurance,Bengaluru
Sankara Eye Hospital,4.0,172,Non-Profit,Bengaluru
UTILITY PROJECTS AND SERVICES,3.8,172,Engineering & Construction,Chennai
Ccl Products,4.0,173,Beverage,Hyderabad
Narayana Junior College,3.7,172,Education & Training,Hyderabad
Umang Dairies,3.9,172,FMCG,Gajraula
Jindal Industries Private Limited,3.4,172,Iron & Steel,Kolkata
Brose India Automotive Systems,3.7,172,Auto Components,Pune
Amalgam Steel,3.8,172,Iron & Steel,Jamshedpur
NSK,3.8,172,Industrial Machinery,Chennai
Arcon TechSolutions,3.3,172,IT Services & Consulting,Mumbai
Newfold Digital,3.7,172,IT Services & Consulting,Mumbai
Real Estate Group,4.3,172,Mumbai +49 other locations,
Experion Technologies,3.9,172,IT Services & Consulting,Kochi
Ray Engineering,4.0,172,Engineering & Construction,Mumbai
Bajaj Electronics,3.7,172,Retail,Hyderabad
Zebra Technologies,3.7,172,IT Services & Consulting,Bengaluru
Newton School: Pay after Placement,3.6,172,Internet,Bengaluru
Nanavati Max Super Speciality Hospital,3.6,173,Mumbai +6 other locations,
Agrawal Metal Works,3.9,172,Metals & Mining,Bhiwadi
IPG Mediabrands,3.3,172,Marketing & Advertising,Pune
J G Hosiery,3.4,172,Fashion & Textile,Kolkata
Nv Group,3.5,172,Beverage,Ambala
Yashoda Super Speciality Hospitals,3.9,172,Hyderabad +10 other locations,
Ivis International,3.4,172,Law Enforcement & Security,Hyderabad
Hills Cement Company,3.2,172,Engineering & Construction,Guwahati
AIG Business Solution,3.3,171,IT Services & Consulting,Gurugram
Khaitan Electricals,2.6,171,Food Processing,Kolkata
Techno India Group,3.4,171,EdTech,Kolkata
Prayag Polymers,3.8,171,Petrochemicals,New Delhi
Edwise International,3.8,171,Education & Training,Mumbai
Texport Industries,3.5,171,Fashion & Textile,Bengaluru
Leena AI,3.7,171,Software Product,Gurugram
Indo European Educational Services,4.3,171,Education & Training,New Delhi
CPA Global,3.8,171,IT Services & Consulting,Noida
Nahar Group of Companies,3.4,171,Fashion & Textile,Ludhiana
L&T Transportation Infrastructure,4.1,171,Engineering & Construction,Mumbai
Honeywell Uop,3.6,171,Oil & Gas,Gurugram
Giridhan Metal,3.9,171,Iron & Steel,Asansol
Ellucian Higher Education Systems,3.6,171,IT Services & Consulting,Bengaluru
Ognibene India,3.6,171,Industrial Machinery,Pune
Lilac Insights,3.3,171,Fitness & Wellness,Mumbai
Intellect Bizware Services,4.0,171,IT Services & Consulting,Mumbai
Lynk,3.3,171,Logistics,Chennai
Kepler Healthcare,3.4,171,Pharma,Ahmedabad
Xrbia Developers,2.9,171,Real Estate,Pune
Nina Percept,4.0,171,Building Material,Mumbai
DHL IT Services,3.7,171,IT Services & Consulting,Chennai
Imerys,3.7,171,Metals & Mining,Visakhapatnam
Gulf Oil Corporation,4.4,171,Oil & Gas,Hyderabad
The Millennium School,4.0,171,Education & Training,Noida
Ceratizit,4.3,171,Industrial Machinery,Bengaluru
Sobha Constructions,3.4,172,Engineering & Construction,Bengaluru
Marsh India Insurance Brokers,4.2,171,Insurance,Mumbai
NASDAQ,3.4,171,Financial Services,Bengaluru
Juspay Technologies,3.7,171,FinTech,Bengaluru
BYLD Group,3.8,172,Management Consulting,Gurugram
Decon Telecom Solutions,3.2,172,Telecom,Gurugram
Nimbus BPO,3.2,171,BPO,Ranchi
Eicher Engineering Components,4.0,170,Auto Components,Dewas
Aakash Health Care,4.0,170,Healthcare,New Delhi
Safdarjung Hospital,4.3,170,Healthcare,New Delhi
ONKAR DIES,3.7,170,Engineering & Construction,Pune
TerraCIS Technologies,3.7,170,IT Services & Consulting,Gurugram
Saint-Gobain Weber,4.0,171,Engineering & Construction,Mumbai
Hansa Cequity,3.1,170,Marketing & Advertising,Mumbai
SSK Group,3.5,170,FMCG,Pune
Indian Terrain Fashions,4.3,170,Fashion & Textile,Chennai
Narayana Medical College & Hospital,3.8,171,Healthcare,Nellore
Hughes Communications,3.4,170,Gurugram +22 other locations,
ShopX,4.4,170,Internet,Bengaluru
Advanced Medtech Solutions,3.5,170,Medical Equipment,Vadodara
NaviSite,3.9,170,IT Services & Consulting,Gurugram
Naxnova,4.4,170,Auto Components,Mumbai
Si Creva Capital Services,3.4,170,Mumbai +65 other locations,
SEW Infrastructure,3.4,170,Engineering & Construction,Hyderabad
Maheshwari Mining,3.6,170,Metals & Mining,Kolkata
Arunachala Logistics,3.9,171,Logistics,Hyderabad
Rosmerta Safety Systems,3.5,170,Gurugram +37 other locations,
Egon Zehnder International,3.6,170,Management Consulting,Gurugram
PMI Electro Mobility Solutions,3.9,170,Automobile,Dharuhera
Royal Bank of Scotland International,4.1,170,Banking,Chennai
Chembond Chemicals,3.7,170,Agro Chemicals,Mumbai
Salzer Electronics,4.0,170,Electrical Equipment,Coimbatore
Peninsula Land,4.0,170,Real Estate,Mumbai
Wonderchef Home Appliances,3.9,170,Consumer Electronics & Appliances,Mumbai
Deshpande Foundation,4.0,170,Non-Profit,Hubballi
Sonyo Management Consultants,4.4,170,Recruitment,New Delhi
Vishay Precision Transducers,3.4,170,Semiconductors,Chennai
Omega,3.8,170,Industrial Machinery,Chennai
Rysun Labs,3.4,170,IT Services & Consulting,Ahmedabad
Modenik Lifestyle,3.6,170,Fashion & Textile,Bengaluru
Idexcel Technologies,3.0,170,IT Services & Consulting,Bengaluru
Bimbo Bakeries India,3.5,170,FMCG,New Delhi
West Bengal State Electricity Distribution Company,3.2,171,Power,Kolkata
Ideas2IT Technologies,3.5,170,Software Product,Chennai
BYD Electronics,3.4,171,Electronics Manufacturing,Chennai
Jewelex India,4.0,170,Jewellery,Mumbai
Inditex,4.2,170,Fashion & Textile,New Delhi
United Industries,3.6,170,Industrial Machinery,Chennai
DataTracks,3.3,171,FinTech,Chennai
Arihant Capital Markets,4.1,170,Financial Services,Indore
Thyssenkrupp Industries and Services,4.0,171,Pune +32 other locations,
Endress Hauser,4.2,170,Industrial Automation,Mumbai
Benzo Chem Industries,3.9,170,Chemicals,Bharuch
Petroexcel Technology Services,3.5,170,Oil & Gas,Vadodara
Urban Money,2.9,170,Mumbai +48 other locations,
Ivangel Sales & Services,3.7,170,BPO,Mumbai
SmartED Innovations,4.1,169,Education & Training,Bengaluru
OM Careers,2.6,169,Recruitment,Ludhiana
Ind Innovations,3.2,169,IT Services & Consulting,New Delhi
Amar Cars,3.9,169,Automobile,Vadodara
Linkquest Telecom,3.4,169,Telecom,Noida
Advance Career Solutions,3.9,169,Recruitment,Jaipur
Dipty Lal Judge Mal,3.9,170,Retail,Noida
Smiiel - A Unit Of Motherson Sumi System,3.4,169,Semiconductors,Noida
ASSET DEALS,4.3,169,Gurugram +4 other locations,
MRC Logistics,4.0,169,Logistics,Pune
Swiss Garnier Life Sciences,3.4,170,Pharma,Chennai
Prudent Corporate Advisory Services,4.1,169,Investment Banking / Venture Capital / Private Equity,Ahmedabad
98thPercentile,4.0,169,EdTech,Hyderabad
Claris Lifesciences Ahmedabad,3.3,169,Healthcare,Ahmedabad
Kriya It,3.3,169,Internet,Chittoor
Creditas Solutions,3.1,169,FinTech,Gurugram
Scientific Games,3.6,169,Gaming,Bengaluru
Allahabad Bank,4.5,169,Banking,Kolkata
Hansa Direct,3.2,169,Marketing & Advertising,Mumbai
Prateek Group,3.8,169,Real Estate,Noida
Flovel Energy,3.8,169,Power,Faridabad
Mount Talent Consulting,2.9,169,Recruitment,Noida
FCS Software Solutions,3.7,169,IT Services & Consulting,Noida
Net2source,3.4,169,Recruitment,Noida
Camlin Fine Sciences,3.5,169,Chemicals,Mumbai
MResult Services,3.7,169,IT Services & Consulting,Bengaluru
Anabeeb,4.1,170,Oil & Gas,Al Jubail
Geltec,3.2,169,Pharma,Bengaluru
Dexian India Technologies,3.5,169,IT Services & Consulting,Chennai
Armstrong International,4.0,169,Industrial Machinery,Chennai
Clearwater Analytics,2.6,169,Internet,Noida
Conviction HR,3.9,169,Recruitment,Mumbai
CDW,4.2,169,IT Services & Consulting,Chennai
Steadfast Medishield,3.6,169,Pharma,Noida
Sellcraft Global Solutions,3.4,169,IT Services & Consulting,Pune
Verinite Technologies,4.2,169,IT Services & Consulting,Pune
The Dollar Business,3.2,169,IT Services & Consulting,Hyderabad
Amagi Media Labs,3.4,169,Software Product,Bengaluru
FloBiz,3.4,169,IT Services & Consulting,Bengaluru
Synergy Property Development Services,3.9,168,Real Estate,Bengaluru
AMPLUS SOLAR,4.3,168,Internet,Gurugram
Bose,3.6,168,Consumer Electronics & Appliances,New Delhi
Coherent Market Insights,3.3,169,Management Consulting,Pune
Okinawa Autotech,3.4,168,Auto Components,Gurugram
Niyo Solutions,3.2,168,Financial Services,Bengaluru
Khadi Natural Healthcare,4.2,168,Fitness & Wellness,New Delhi
Macmillan Publishers,3.4,169,Printing & Publishing,Chennai
Fraazo,3.5,168,Internet,Mumbai
Harvest Gold Industries,3.7,168,Food Processing,New Delhi
CDS Infra Projects,3.4,169,Engineering & Construction,New Delhi
Steer Engineering,3.1,168,Engineering & Construction,Bengaluru
ICONMA,2.9,168,Recruitment,Hyderabad
Crowe Horwath,3.7,168,Accounting & Auditing,Noida
Kewal Kiran Clothing,3.8,168,Fashion & Textile,Mumbai
EssentiallySports,3.7,169,Media & Entertainment,New Delhi
KodNest,4.1,168,Bengaluru +12 other locations,
Government of Odisha,4.0,168,Government,Bhubaneswar
Facebook,4.4,168,Internet,Bengaluru
Wingtech Mobile Communication,4.0,168,Electronics Manufacturing,Tirupati
Somika Sarl,4.1,168,Metals & Mining,Vadodara
Kemwell Biopharma,3.3,168,Biotechnology,Bengaluru
Nucon Aerospace,3.9,168,Defence & Aerospace,Hyderabad
Federal Mogul Powertrain,3.7,168,Auto Components,Bhiwadi
Pritam International,3.4,169,Consumer Electronics & Appliances,Roorkee
Satvat Infosol,3.1,168,IT Services & Consulting,Chennai
HYOSUNG T&D,3.9,168,Electrical Equipment,Pune
Topre India,4.2,168,Auto Components,Ahmedabad
Speed Engineering Solutions,3.9,168,Industrial Machinery,Pune
Hire Glocal,4.0,168,Recruitment,Mumbai
TVS - SUNDARAM BRAKE LININGS,3.1,168,Auto Components,Chennai
CGS,3.5,168,IT Services & Consulting,Hyderabad
Rozana Rural Commerce Private Limited,3.1,168,Internet,New Delhi
NimbusPost,3.3,168,Logistics,Gurugram
American Institute of Pathology and Laboratory Sciences,4.3,168,Healthcare,Hyderabad
Nerdy Turtlez,2.4,167,EdTech,Kolkata
Focus Softnet,3.6,167,Software Product,Hyderabad
ARSS Infrastructure Projects,3.6,167,Engineering & Construction,Bhubaneswar
iBall,4.1,167,Consumer Electronics & Appliances,Mumbai
B M Birla Heart Research Centre,3.6,168,Healthcare,Kolkata
Orchid Hotel,3.5,167,Hospitality,Mumbai
RevFin,3.9,167,Financial Services,New Delhi
Cherry Hill Interiors,4.1,167,Architecture & Interior Design,New Delhi
Frick India,3.7,167,Industrial Machinery,Faridabad
BUDDI.AI,3.6,167,Software Product,Chennai
Fukoku,3.6,167,Automobile,Pune
Fairfield Inn by Marriott,4.1,167,Hospitality,Hyderabad
Amity International School,3.9,167,Education & Training,New Delhi
Attero Recycling,4.3,168,Semiconductors,Noida
Indian Coast Guard,4.0,167,Defence & Aerospace,Chennai
Hartex Rubber,3.2,167,Auto Components,Hyderabad
MyGlamm,3.4,167,Internet,Mumbai
Bharti Foundation,3.7,167,Non-Profit,Gurugram
Aranca,3.3,167,Analytics & KPO,Mumbai
Homesfy Realty,3.5,167,Real Estate,Mumbai
iNeuron.ai,4.1,167,Bengaluru +6 other locations,
TeamLease Edtech,3.2,167,EdTech,Mumbai
Milestone Gears,3.9,167,Auto Components,Baddi
Techno Exponent,3.7,167,Financial Services,Kolkata
Canteen Stores Department,4.4,167,Government,Mumbai
Consern Pharma Limited,4.6,167,Pharma,Ludhiana
ShopDeck,3.5,167,Internet,Bengaluru
CoinDCX,4.0,167,Emerging Technologies,Bengaluru
Infosys Springboard,4.6,166,Bengaluru +34 other locations,
Health Prime International,3.3,166,Analytics & KPO,Mumbai
VK Building Services,3.9,166,Engineering & Construction,Bengaluru
TQ Cert Services,3.8,167,Hyderabad +41 other locations,
Graphic Era University,3.5,166,Education & Training,Dehradun
VWR International,3.6,166,Pharma,Coimbatore
PCS Technology,3.7,166,IT Services & Consulting,Mumbai
Daramic Battery Separator India,3.6,166,Electrical Equipment,Bharuch
Egniol Services Private Limited,2.3,166,Legal,Ahmedabad
Infiniminds,3.7,166,IT Services & Consulting,Bengaluru
Krishna Buildestates,3.8,166,Engineering & Construction,New Delhi
Manomav Engineers,4.0,166,Engineering & Construction,Noida
Grand View Research,3.2,166,Analytics & KPO,Pune
TruCap Finance,3.8,166,Financial Services,Mumbai
Flatworld Mortgage Processing,3.5,166,IT Services & Consulting,Bengaluru
West Coast Pharmaceuticals,2.9,167,Pharma,Ahmedabad
M.P. Power Transmission Company,4.0,166,Power,Jabalpur
Community Health Center,4.2,166,Healthcare,Lucknow
Central Coalfields,4.5,166,Metals & Mining,Ranchi
Seco Tools,4.1,166,Metals & Mining,Pune
St. Mary's School,3.8,166,Education & Training,New Delhi
Peekay Steel Castings,4.0,166,Iron & Steel,Coimbatore
Ramco Steels,3.9,166,Iron & Steel,Faridabad
Rhysley Private Limited,3.4,166,Fashion & Textile,Faridabad
Verity Knowledge Solutions,3.1,166,Investment Banking / Venture Capital / Private Equity,Hyderabad
Pacific Global Solutions,3.4,167,Ahmedabad +5 other locations,
Arya Collateral Warehousing Services,4.3,166,Agriculture,Noida
Eduvanz,3.4,166,FinTech,Mumbai
T&N Business Services,4.7,166,Recruitment,Aligarh
efficiently,2.5,166,Hyderabad +4 other locations,
v4c.ai,4.6,166,Pune +3 other locations,
Dynamic Techno Medicals,3.7,167,Medical Equipment,Kochi
Acme Formulation,3.0,166,Pharma,Baddi
Bimal Auto Agency,3.6,166,Auto Components,Bengaluru
Deepija Telecom,3.8,166,Software Product,Hyderabad
Azmeel Contracting,4.1,166,Engineering & Construction,Al Jubail
MAT Brakes,4.0,166,Industrial Machinery,Sonipat
Hind Rectifiers,3.6,166,Electrical Equipment,Mumbai
Spun Micro Processing,4.0,166,Auto Components,Gurugram
GP Strategies,3.5,166,Management Consulting,Chennai
First Solar,4.0,166,Internet,Chennai
Everest Group,2.7,166,Analytics & KPO,Gurugram
Hotel Park Plaza,4.0,166,Hospitality,New Delhi
Emmbi Industries,3.6,166,Packaging,Dadra
Ram Kripal Singh Construction,3.6,166,Engineering & Construction,Ranchi
Corpone Staffing Solutions,3.8,166,BPO,Hyderabad
Ncr Eduservices,4.0,168,Education & Training,Noida
Billroth Hospitals,3.5,166,Healthcare,Chennai
Hyland Software Solutions India LLP,3.7,166,IT Services & Consulting,Kolkata
KLM Laboratories,3.4,166,Pharma,Vadodara
Manorama Industries Limited,4.6,166,FMCG,Raipur
SEED Infotech,4.0,165,IT Services & Consulting,Pune
VOLTECH O AND M SERVICES,4.1,165,Oil & Gas,Chennai
Maharashtra State Electricity Transmission Company,4.0,165,Government,Mumbai
Thirdware Solutions,4.2,165,IT Services & Consulting,Chennai
East India Technologies,3.0,165,Electronics Manufacturing,Noida
Ultratech India,4.1,165,Pharma,Mumbai
Nordusk Led,4.4,165,Electronics Manufacturing,Kolkata
Oceanic Pharmachem,4.2,165,Pharma,Mumbai
Acute Informatics,3.2,165,IT Services & Consulting,Ahmedabad
Population Services International (PSI),3.9,165,Non-Profit,New Delhi
MBit Computraining,3.7,165,Recruitment,Hyderabad
Makino Auto Industries,3.8,166,Automobile,Noida
Semac Consultants,3.9,165,Engineering & Construction,Bengaluru
Zodiac Clothing Company,3.4,165,Fashion & Textile,Mumbai
Henkel,3.9,165,Chemicals,Chennai
Shree Technocrat Communication Systems,3.8,165,Telecom,New Delhi
India1 Payments,3.8,165,Financial Services,Bengaluru
Covestro,4.5,165,Petrochemicals,Greater Noida
ACE Group,4.2,165,Real Estate,Noida
Innovassynth Technologies,3.4,165,Chemicals,Khopoli
MT Autocraft,4.0,165,Auto Components,Rohtak
Medvarsity Online,3.1,165,EdTech,Hyderabad
Garuda Power,3.0,165,Industrial Machinery,Kolkata
Trafigura,3.1,165,Logistics,Mumbai
Privi Organics,3.8,165,Chemicals,Mahad
Opus Technologies,2.9,165,FinTech,Pune
MathWorks,4.0,165,Software Product,Bengaluru
IBM Consulting,3.7,165,Bengaluru +12 other locations,
Publicis Global Delivery,4.0,165,Media & Entertainment,Gurugram
Farmson Pharmaceutical,3.1,165,Pharma,Vadodara
Doms Industries,3.8,165,Other,Umbergaon
Naari Pharma,2.7,165,Pharma,Rudrapur
Advatix,3.0,165,Gurugram +7 other locations,
Iprogrammer Solutions,4.0,165,IT Services & Consulting,Pune
Kama Jewelry,4.5,165,Jewellery,Mumbai
Verint Systems,3.7,165,IT Services & Consulting,Bengaluru
Centelon,2.8,166,IT Services & Consulting,Pune
HTIC Global,3.6,165,Management Consulting,Kochi
AECC Global,3.1,165,Financial Services,Chennai
Teliolabs,3.9,165,Emerging Technologies,Hyderabad
Multi Commodity Exchange of India,3.1,165,Financial Services,Mumbai
SKS Fasteners,3.2,164,Auto Components,Pune
Nido Machineries,3.6,164,Industrial Machinery,Mumbai
ROI NET Solution,4.3,164,FinTech,Gurugram
Vanesa Care,4.2,165,Beauty & Personal Care,New Delhi
Xotik Frujus,2.5,164,Beverage,Mumbai
Gea Process Engineering India,4.0,164,Food Processing,Vadodara
Sharp Sight,4.1,164,Healthcare,New Delhi
Sharp Business Systems India,3.5,164,Consumer Electronics & Appliances,New Delhi
India Power Corporation,3.6,164,Power,Kolkata
B5 Plus,3.0,164,Iron & Steel,Vadodara
Jaypee Brothers Medical Publishers,3.3,164,Printing & Publishing,New Delhi
Hubtown,3.2,164,Engineering & Construction,Mumbai
Xpo Logistics,3.6,164,Logistics,Pune
Maharashtra State Road Transport Corporation,4.0,164,Government,Mumbai
Jobby Engineers,4.3,165,Engineering & Construction,Mumbai
Enlist Management Consultants,3.2,164,Recruitment,Kolkata
Skechers South Asia,4.2,164,Retail,Mumbai
Amphenol Omniconnect - India,3.9,164,Electronics Manufacturing,Chennai
Sterling Information Resources,3.5,164,Analytics & KPO,Mumbai
Anvil Cables,3.8,164,Semiconductors,Kolkata
Ace Pipeline Contracts,4.2,165,Engineering & Construction,Mumbai
Cease Fire,2.8,164,New Delhi +42 other locations,
3Pillar Global,3.2,165,Software Product,Noida
Jotun Paints,4.0,164,Petrochemicals,Pune
ACI Worldwide,3.9,164,Software Product,Bengaluru
Pyrotech Electronics,3.0,164,Electronics Manufacturing,Udaipur
Kesari Tours,3.5,164,Travel & Tourism,Mumbai
Nexus Select Trust,4.1,164,Retail,Bengaluru
Goodricke Group,4.0,164,Food Processing,Kolkata
Automotive Research Association of India,4.1,164,Auto Components,Pune
Prudent Insurance Brokers,3.7,164,Insurance,Mumbai
Acuvate Software,3.1,164,Software Product,Hyderabad
Sundaram Industries,3.5,164,Auto Components,Chennai
Gulshan Polyols,3.6,164,Chemicals,New Delhi
Fair Exports,3.4,164,Import & Export,New Delhi
HCL Foundation,4.4,164,Non-Profit,Lucknow
Suven Life Sciences,3.6,164,Pharma,Hyderabad
Export Trading group,3.5,164,IT Services & Consulting,Bengaluru
Flexsin Technologies,3.8,164,IT Services & Consulting,Noida
AdamsBridge Global,3.5,164,Internet,Chennai
bgr Mining infra pvt Ltd,4.1,164,Metals & Mining,Hyderabad
Sankara Nethralaya,3.8,164,Non-Profit,Chennai
Augustus Healthcare Solutions,3.6,164,Healthcare,Pune
Tracks Components,3.1,164,Pune +8 other locations,
Qapitol Qa,3.8,164,IT Services & Consulting,Bengaluru
Satec Envir Engineering (I),4.1,164,Engineering & Construction,Mumbai
Vizza Insurance Broking Services,3.2,164,Insurance,Chennai
Grundfos,4.0,164,Industrial Machinery,Chennai
Merilytics,2.9,164,Analytics & KPO,Hyderabad
Sensiple,3.5,164,IT Services & Consulting,Chennai
Sterling Biotech,3.9,164,Pharma,Vadodara
Crane Consulting and Outsourcing,3.9,164,Bengaluru +5 other locations,
Celebi Delhi Cargo Terminal Management,4.2,163,Aviation,New Delhi
TIL,3.6,163,Industrial Machinery,Kolkata
Pramata Knowledge Solutions,3.2,163,Software Product,Bengaluru
Americana Group,3.5,163,Food Processing,New Delhi
Milltec Machinery Pvt Ltd Bangalore,4.0,163,Industrial Machinery,Bengaluru
Junomoneta Finsol,2.7,166,Investment Banking / Venture Capital / Private Equity,Rajkot
BigStep Technologies,4.3,163,IT Services & Consulting,Gurugram
GA Infra Private Limited,3.8,163,Engineering & Construction,Jaipur
Faasos Food Services,3.6,163,Internet,Mumbai
EAPRO Global Ltd,4.2,163,Consumer Electronics & Appliances,Roorkee
Vitromed Healthcare,3.4,164,Medical Equipment,Jaipur
Scope eKnowledge Center,3.5,163,IT Services & Consulting,Chennai
Oakridge International School,3.4,163,Education & Training,Hyderabad
JCT Limited,3.9,163,Fashion & Textile,Phagwara
Encotec Energy,4.2,163,Power,Noida
Lilavati Hospital & Research Centre,3.9,163,Healthcare,Mumbai
Krishna Institute of Medical Sciences,3.8,164,Healthcare,Hyderabad
Safeguard Global,3.7,163,Recruitment,New Delhi
iVistec Partners India Private Limited,3.9,163,IT Services & Consulting,Noida
Thomson Press India,4.1,163,Printing & Publishing,Faridabad
Sahu Exports,4.1,164,Fashion & Textile,Noida
PMJ Gems & Jewellers,3.6,163,Jewellery,Hyderabad
Shinhan Bank,3.1,164,Banking,Mumbai
Jupiter Wagons,3.6,163,Railways,Kolkata
Euro School,3.5,163,Education & Training,Bengaluru
Group Pharmaceuticals,3.7,163,Pharma,Bengaluru
IREP Credit Capital,4.0,163,Financial Services,Hyderabad
Ceigall,3.2,163,Engineering & Construction,Ludhiana
KRYFS POWER COMPONENTS,3.9,163,Industrial Machinery,Mumbai
Sarla Advantech,3.9,163,Engineering & Construction,Pune
Be10X,4.4,163,Education & Training,Kolkata
Alp Overseas,3.7,164,Auto Components,Neemrana
Smart Drive Systems,3.5,163,IT Services & Consulting,Hyderabad
TAL Manufacturing Solutions,3.7,162,Industrial Machinery,Nagpur
Welspun Specialty Solutions,3.7,162,Iron & Steel,Bharuch
Punjab & Sind Bank,3.2,162,Banking,New Delhi
Eastern Coalfields,4.1,162,Metals & Mining,Asansol
Desai Construction,4.1,162,Engineering & Construction,Valsad
Lotus Footwear Enterprises,3.9,162,Fashion & Textile,Chennai
Kalburgi Cement,3.5,162,Building Material,Kalaburagi
Apparel Group UAE,3.4,162,Retail,Dubai
Gibraltar Technologies,3.9,162,IT Services & Consulting,Bengaluru
Sapphire Infocom,4.8,162,IT Services & Consulting,Ahmedabad
GKB Opticals,4.4,163,Retail,Kolkata
Envision Enterprise Solutions,2.7,162,IT Services & Consulting,Hyderabad
StrategicERP,4.2,162,Software Product,Mumbai
Data Bridge Market Research,2.7,162,Analytics & KPO,Pune
VFS Capital,3.6,162,NBFC,Kolkata
Webvio Technologies,4.2,162,IT Services & Consulting,Kolkata
Tulip Diagnostics,3.8,162,Medical Equipment,Kolkata
Solera,3.2,162,IT Services & Consulting,Bengaluru
Interactive Avenues,3.3,162,Marketing & Advertising,Mumbai
Kanakadurga Finance,3.6,162,NBFC,Vijayawada
Raam Group,3.3,162,Automobile,Hyderabad
TVS Upasana Engineering,3.6,162,Automobile,Hosur
Roto Pumps,3.7,162,Industrial Machinery,Noida
Sabyasachi Couture,3.8,162,Fashion & Textile,Kolkata
Eastman Industries,3.7,162,Auto Components,Ludhiana
Zeta Global,3.4,162,Software Product,Hyderabad
Concentric,3.6,162,Industrial Machinery,Bengaluru
Goel Ganga Developments,3.6,162,Real Estate,Pune
Elektrobit India,4.1,162,IT Services & Consulting,Bengaluru
IIT Delhi,4.2,162,Education & Training,New Delhi
Sindhuja Microcredit,3.7,162,NBFC,Noida
Aptronix - Apple Premium Reseller,3.9,162,Electrical Equipment,Hyderabad
Meil Anpara Power,3.7,162,Sonbhadra +11 other locations,
Delhi Integrated Multi Modal Transit System,3.5,162,Government,New Delhi
Nivara Home Finance,3.8,162,Financial Services,Bengaluru
Kirtane & Pandit,3.4,163,Accounting & Auditing,Pune
Gera Developments,4.1,162,Real Estate,Pune
DCM Infotech,3.4,162,IT Services & Consulting,New Delhi
Parsons International,4.1,161,IT Services & Consulting,Doha
IG Defence,4.5,161,Bhubaneswar +4 other locations,
Datavail Infotech,3.2,161,IT Services & Consulting,Hyderabad
Ankur Seeds,4.1,161,Agriculture,Nagpur
Pearl Beverages,3.1,161,Beverage,Guntur
CAPLIN STERILES,2.9,161,Pharma,Chennai
Premium Chick Feeds,3.6,161,Agriculture,Pune
Topsel Toyota,3.8,161,Automobile,Kolkata
Samvardhana Motherson Auto Component,3.8,161,Electrical Equipment,Chennai
Ajit Industries Pvt.Ltd,4.2,161,Chemicals,New Delhi
Voith,3.7,161,Pulp & Paper,Noida
CollegePur,4.7,162,Education & Training,Ghaziabad
AYTB,3.8,161,Engineering & Construction,Al Jubail
Trayee Business Solutions,3.5,162,BPO,Chennai
Mindenious Edutech,4.2,162,Education & Training,Bengaluru
Shimizu,4.1,162,Engineering & Construction,Bengaluru
Enaltec Labs,2.9,161,Pharma,Mumbai
University of Delhi,4.3,161,Education & Training,New Delhi
Helo.ai by VivaConnect,4.3,161,Telecom,Mumbai
Inube Software Solutions,3.1,161,Software Product,Bengaluru
Capricorn Energy,3.6,161,Oil & Gas,Barmer
Uniproducts,3.4,161,Auto Components,Rewari
Enzen Global Solutions,2.6,161,Power,Bengaluru
SRV Media,3.5,161,Marketing & Advertising,Pune
Chryso,3.8,161,Chemicals,Mumbai
B.P. Poddar Hospital & Medical Research,3.0,161,Healthcare,Kolkata
MELCO,3.5,162,Industrial Machinery,Faridabad
Pioneer Wincon,4.4,161,Power,Chennai
Sanyo Special Steel Manufacturing,4.1,161,Iron & Steel,Khopoli
Modi Builders & Realtors,2.8,161,Engineering & Construction,Hyderabad
Tcs And Associates,3.5,161,IT Services & Consulting,Chennai
Airpay Payment Services,2.8,161,FinTech,Mumbai
RxLogix Corporation,2.2,161,Software Product,Noida
SOTI,3.0,161,Software Product,Gurugram
The Knowledge Academy,2.6,161,Education & Training,Bengaluru
Escorts Railway Equipment Division,3.8,161,Industrial Machinery,Faridabad
Enquero,4.2,161,IT Services & Consulting,Bengaluru
Lokmat Media,3.9,161,Printing & Publishing,Mumbai
Innovision,3.1,161,Facility Management Services,Gurugram
Motovolt Mobility,3.9,161,Automobile,Kolkata
Mosaic Wellness,3.3,161,Fitness & Wellness,Mumbai
Outscale Partners,2.6,161,IT Services & Consulting,Gurugram
Bsa Corporation,3.7,161,Auto Components,Pune
V S International,3.8,161,Pharma,Daman
Makino,3.6,161,Auto Components,Bengaluru
Manipal HealthMap,4.0,161,Healthcare,New Delhi
Webdew,4.5,161,IT Services & Consulting,Sahibzada Ajit Singh Nagar
Edujobs Academy,3.1,161,Education & Training,Kolkata
Saraswati Accountants Software,4.4,161,IT Services & Consulting,New Delhi
Jyote Motors,3.6,160,Automobile,Bhubaneswar
Khivraj Motors,3.9,160,Automobile,Chennai
Rubicon Skill Development,2.5,161,Pune +15 other locations,
Chloride Metals,3.5,160,Haldia +12 other locations,
Plintron Global Technology Solutions,2.9,160,Telecom,Chennai
Indian Steel Corporation,4.1,160,Iron & Steel,Gandhidham
Tamilnadu Petroproducts,4.2,160,Petrochemicals,Chennai
Bhilai Iron And Steel Processing Company,4.0,160,Iron & Steel,Bhilai Nagar
SoftTech Engineers Limited,3.2,160,Engineering & Construction,Pune
Aligarh Muslim University,4.5,160,Education & Training,Aligarh
Baggit,2.7,160,Fashion & Textile,Mumbai
Outlook,2.8,160,New Delhi +14 other locations,
Mahavir Die Casters,3.9,160,Auto Components,Gurugram
CTX Life Science,3.7,160,Pharma,Surat
Amanta Healthcare,4.1,160,Pharma,Ahmedabad
Bhartiya International,3.5,160,Fashion & Textile,Bengaluru
TC Global,3.5,160,Education & Training,New Delhi
NetProphets Cyberworks,3.5,160,IT Services & Consulting,Noida
K.R.Mangalam World School,4.0,160,Education & Training,New Delhi
Shobhit Mediworld,3.9,160,Lucknow +20 other locations,
Avinash Group,3.5,160,Real Estate,Raipur
Melorra,3.1,160,Internet,Bengaluru
Lupin Diagnostics,3.9,160,Medical Equipment,Mumbai
Thermo Systems India,3.9,160,Semiconductors,Hyderabad
Shri Kshetra Dharmasthala Rural Development Project,4.1,160,Bengaluru +51 other locations,
Prabha Engineering,3.6,160,Auto Components,Pune
MedTourEasy,4.7,160,Internet,New Delhi
Ambrane India,4.6,160,Consumer Electronics & Appliances,New Delhi
Vulcan Express,3.6,160,Logistics,New Delhi
AstroTalk,3.3,160,Internet,Noida
The Calcutta Medical Research Institute,3.8,160,Healthcare,Kolkata
American India Foundation,3.8,160,Non-Profit,New Delhi
Synchronoss Technologies,4.2,160,Telecom,Bengaluru
Durr India,3.4,160,Industrial Automation,Chennai
Rayden Interactive,2.7,160,IT Services & Consulting,Pune
Captain Tractors,4.4,160,Automobile,Rajkot
Euronics Industries,3.5,160,Building Material,Gurugram
Sberbank Branch in India,3.1,160,Banking,Bengaluru
AKM Global,4.0,160,Accounting & Auditing,Gurugram
Sarvatra Technologies,4.3,160,IT Services & Consulting,Pune
Deepak Novochem Technologies,4.0,160,Chemicals,Chiplun
BHIVE Workspace,4.3,163,Real Estate,Bengaluru
Isprava,3.1,160,Real Estate,Mumbai
Unipath Specialty Laboratory,3.7,160,Healthcare,Ahmedabad
Sikka Group,3.5,159,Real Estate,New Delhi
Apicore Pharmaceuticals,3.7,159,Pharma,Vadodara
Pioneer e Solutions,3.5,159,IT Services & Consulting,New Delhi
Him Teknoforge,3.5,159,Auto Components,Baddi
5K Car Care,4.4,159,Other,Coimbatore
Unirac,3.9,159,Power,Hyderabad
Echelon Institute of Technology,4.3,159,Education & Training,Faridabad
EMB Global,4.3,159,Internet,Gurugram
Pasco Automobiles,4.2,159,Automobile,Gurugram
Delphi Automotive Systems,3.8,159,Auto Components,Bengaluru
FMI Automotive Components,3.8,159,Auto Components,Gurugram
Vasavi Group,3.7,159,Real Estate,Hyderabad
Sampark Logistics,3.4,159,Logistics,Faridabad
Hestabit Technologies,3.8,160,IT Services & Consulting,Noida
GIRDHARI LAL CONSTRUCTIONS,3.9,159,Engineering & Construction,New Delhi
Hirschvogel Components,4.0,159,Auto Components,Pune
NELCAST,3.6,160,Iron & Steel,Chennai
TripFactory,2.0,159,Travel & Tourism,Bengaluru
Indian Armed Forces,4.6,160,Government,New Delhi
SugarFit,4.0,159,Healthcare,Bengaluru
TI METAL FORMING,4.0,159,Auto Components,Chennai
E C R Buildtech,4.0,160,Engineering & Construction,New Delhi
TV9 Network,3.6,159,Media & Entertainment,Noida
Futran Solutions,3.9,159,Software Product,Hyderabad
Ocl Iron & Steel,3.6,159,Iron & Steel,Rourkela
LC Infra Projects,3.9,159,Engineering & Construction,Ahmedabad
Auditics Private Limited,3.8,159,Accounting & Auditing,Chennai
Rolls-Royce,3.9,159,Defence & Aerospace,Bengaluru
BlueBinaries Engineering and Solutions,2.6,159,Software Product,Bengaluru
Preet Tractors,3.7,159,Automobile,Nabha
Nitika Pharmaceutical Specialities,3.5,159,Pharma,Nagpur
Badri Rai and Company,3.8,159,Engineering & Construction,Guwahati
Hind Terminals,4.0,159,Logistics,Mumbai
Srijan Technologies,3.1,159,IT Services & Consulting,New Delhi
Quba Architectural Products,4.2,160,Architecture & Interior Design,Mumbai
F5 Networks,3.2,159,IT Services & Consulting,Hyderabad
Delval Flow Controls,4.2,159,Industrial Machinery,Pune
Magnum Group,3.2,159,BPO,Bhopal
Horizontal Integration,3.5,159,IT Services & Consulting,Bengaluru
Marsh McLennan Global Services,4.1,159,Financial Services,Mumbai
StoreKing,3.2,159,Internet,Bengaluru
Sony Pictures Networks,3.5,160,Mumbai +21 other locations,
Intec Infra-Technologies,3.7,159,Gurugram +5 other locations,
Paushak,3.7,159,Chemicals,Vadodara
Inshorts,3.4,159,Internet,Noida
Vehant Technologies,4.0,160,IT Services & Consulting,Noida
JCBL,3.5,159,Automobile,Chandigarh
Electrolab,3.5,159,Medical Equipment,Mumbai
Dixcy Textiles,4.2,159,Bengaluru +35 other locations,
Lotus Wireless Technologies,3.2,159,IT Services & Consulting,Visakhapatnam
Data Template Infotech,3.7,159,IT Services & Consulting,Bengaluru
Atotech,3.9,159,Chemicals,Gurugram
ValGenesis,3.0,159,Software Product,Chennai
Cadeploy Engineering,3.3,159,Engineering & Construction,Hyderabad
Kartavya Healtheon,3.7,159,Internet,Mumbai
Signzy Technologies,2.9,159,Software Product,Bengaluru
Conserve Solution,3.9,160,Engineering & Construction,Chennai
Basicfirst Learning,2.7,158,EdTech,New Delhi
Rorito International,4.0,158,Other,Chennai
MoreTasks,4.2,158,IT Services & Consulting,Gurugram
Chandan Healthcare,3.3,158,Healthcare,Lucknow
Shivalik Rasayan,3.6,158,Agro Chemicals,Bharuch
Baxter Pharmaceuticals,4.1,158,Pharma,Ahmedabad
Uno Minda Kyoraku,3.9,158,Automobile,Bawal
Oerlikon Balzers,3.7,158,Metals & Mining,Pune
AYN InfoTech,4.5,158,IT Services & Consulting,Pune
Khushi Advertising Ideas Private Limited,4.4,158,Marketing & Advertising,Mumbai
Vihaan Networks,4.1,158,Telecom,Gurugram
MGM Medical College & Hospital,3.9,158,Healthcare,Chhatrapati Sambhajinagar
Axis Securities and Sales,3.5,158,Mumbai +60 other locations,
HexaView Technologies,3.3,158,IT Services & Consulting,Noida
SECON Private Limited Bangalore INDIA,3.2,158,Engineering & Construction,Bengaluru
Bankai Infotech,3.2,158,IT Services & Consulting,Ahmedabad
CBTS TECHNOLOGY SOLUTIONS INDIA LLP,3.9,158,IT Services & Consulting,Chennai
Unicorn DenMart,3.9,158,Medical Equipment,New Delhi
Vasant Masala,4.1,158,Retail,Ahmedabad
Suraksha Gold Industries Private Limited,4.4,158,Building Material,New Delhi
Ecozen Solutions,4.1,159,Industrial Automation,Pune
Naaraayani Sons,3.6,158,Metals & Mining,Kolkata
YuppTV,3.4,159,Broadcasting,Hyderabad
Inorbit Mall,4.1,158,Retail,Mumbai
FreshMenu,3.2,158,Hospitality,Bengaluru
Takahata Precision,4.2,158,Auto Components,Neemrana
Chennais Amirta Group of Institutions,3.8,158,Education & Training,Chennai
CLIRNet,3.6,158,Internet,Kolkata
Vee Gee Auto Components,4.0,159,Auto Components,Ahmedabad
Apollomedics Super Speciality Hospitals,4.1,158,Healthcare,Lucknow
Sundyota Numandis Pharmaceuticals,3.8,158,Pharma,Ahmedabad
Toll Group,3.9,158,Logistics,Pune
Advance Auto Parts India,3.7,159,Retail,Hyderabad
Nehru Yuva Kendra Sangathan,4.4,158,Non-Profit,New Delhi
FreshToHome,3.6,158,Hospitality,Bengaluru
Axis Mutual Fund,3.8,158,Financial Services,Mumbai
IonIdea,3.0,158,Software Product,Bengaluru
MRI Software,3.1,158,Software Product,Bengaluru
Silver Consumer Electricals,3.2,158,Industrial Machinery,Rajkot
Aurolab,3.7,158,Medical Equipment,Madurai
Tarento Technologies,3.6,158,IT Services & Consulting,Bengaluru
Diversey,3.9,158,Chemicals,Mumbai
Simple Logic IT,3.4,158,IT Services & Consulting,Mumbai
Dr. Ram Manohar Lohia Hospital,4.3,158,Healthcare,New Delhi
Virtuoso,3.4,158,Industrial Automation,Pune
ARDEE INDUSTRIES LIMITED,4.0,158,Metals & Mining,New Delhi
Qatargas,4.6,157,Oil & Gas,Mumbai
WAE,3.3,157,Waste Management,Noida
Synmac Consultants,4.1,157,Accounting & Auditing,Chennai
Netcon Technologies,3.6,157,IT Services & Consulting,Chennai
Encalm Hospitality,4.0,157,Aviation,New Delhi
RealEstateIndia.com,4.8,157,Real Estate,New Delhi
"PKF Sridhar & Santhanam LLP, Chartered Accountants",3.5,157,Accounting & Auditing,Mumbai
HMD Global,3.6,157,Electronics Manufacturing,Gurugram
CBSE,4.3,157,Education & Training,New Delhi
Hyatt Place,4.0,157,Hospitality,Pune
Vortex Engineering,3.9,157,IT Services & Consulting,Chennai
Jhajharia Nirman Limited,4.1,157,Engineering & Construction,Bilaspur
Exim Logistics,4.1,157,Logistics,Bhubaneswar
Shri Ram Finance Corporation,2.9,157,Financial Services,Raipur
Rich Graviss Products,4.0,157,FMCG,Pune
Linedata,2.9,158,Internet,Mumbai
GAIN Credit,3.8,157,FinTech,Chennai
CCS Computers,3.8,157,IT Services & Consulting,New Delhi
Enlink Managed Service pvt Ltd.,3.1,157,IT Services & Consulting,Mumbai
Cronus Pharma Specialities India,3.4,157,Pharma,Hyderabad
Uttam Strips,3.4,158,Iron & Steel,Bhiwadi
Mahanadi Coalfields,4.5,157,Metals & Mining,Sambalpur
thinkbridge,3.6,157,IT Services & Consulting,Pune
Scymes Services,3.3,158,IT Services & Consulting,Mumbai
Teach For India,3.5,157,Non-Profit,New Delhi
Auto Mechanics,2.7,157,Kolkata +8 other locations,
Indivillage Tech Solutions,3.6,157,IT Services & Consulting,Yemmiganur
SanDisk India Device Design Centre,3.9,157,Hardware & Networking,Bengaluru
Airtel Business,3.5,157,Telecom,Gurugram
CriticalRiver,2.8,158,IT Services & Consulting,Hyderabad
Kaefer,3.6,157,Engineering & Construction,Mumbai
Franciscan Solutions,2.7,157,IT Services & Consulting,Noida
Creativelipi Webtech,2.6,157,IT Services & Consulting,Noida
Axis Sales,4.4,157,Financial Services,Mumbai
Envirocare Labs,4.0,158,Clinical Research,Mumbai
BAIF Development Research Foundation,3.6,157,Non-Profit,Pune
Narayan Seva Sansthan,4.2,158,Non-Profit,Udaipur
JConnect Infotech,3.3,158,Recruitment,Noida
Turner & Townsend,3.7,157,Engineering & Construction,Mumbai
Orange City Water,3.6,158,Waste Management,Nagpur
Ki Mobility Solution,3.4,157,Internet,Chennai
Vibracoustic,3.6,158,Automobile,Noida
Back Office,4.0,157,BPO,Mumbai
Arundhati Jewellers,3.6,157,Jewellery,Bhubaneswar
SightSpectrum Technology Solutions,3.3,157,IT Services & Consulting,Chennai
UptoSkills,4.6,157,New Delhi +11 other locations,
Apraava Energy,4.2,157,Power,Mumbai
Shubhalakshmi Polyesters,3.9,156,Fashion & Textile,Bharuch
Sresta Natural Bioproducts,3.6,156,FMCG,Hyderabad
Alcove Realty,4.0,162,Real Estate,Kolkata
Arvog,4.6,123,Financial Services,Mumbai
BANGMETRIC,4.0,156,IT Services & Consulting,Noida
Donaldson India Filter Systems,3.9,156,Industrial Machinery,Gurugram
Jasper Industries,4.2,156,Automobile,Hyderabad
Sourcefuse Technologies,2.9,156,IT Services & Consulting,Noida
Kotak Mahindra Asset Management Company,4.0,156,Financial Services,Mumbai
Reynolds,4.3,156,Other,Chennai
Jharkhand State Livelihood Promotion Society,3.5,156,Government,Ranchi
Cape East,3.4,156,Industrial Machinery,Doha
Aquera,4.6,157,IT Services & Consulting,Bengaluru
Interglobe Air Transport,3.4,156,Travel & Tourism,New Delhi
Modi Naturals,4.0,157,Agro Chemicals,New Delhi
Amrit Bottlers,4.2,156,Beverage,Faizabad
Futures First info Services,3.2,156,Financial Services,Gurugram
illumifin,3.2,156,Insurance,Hyderabad
Premier Irrigation Adritec,3.7,156,Agriculture,Kolkata
Rabindranath Tagore International Institute of Cardiac Sciences,3.8,157,Healthcare,Kolkata
Unicommerce Esolutions,3.0,156,Software Product,Gurugram
Great White Global,3.8,156,Electrical Equipment,Mumbai
Executive Ship Management,4.0,156,Ports & Shipping,Mumbai
Shrachi Group,2.5,156,Real Estate,Kolkata
HelpAge India,4.0,156,Non-Profit,New Delhi
Brindavan Beverages,3.9,157,Beverage,Bareilly
Damro Furniture,3.5,156,Furniture & Furnishing,Bengaluru
Agriculture Insurance Company of India,4.1,156,Insurance,New Delhi
Sun King,3.7,156,Electronics Manufacturing,Mumbai
Replicon,3.5,156,Software Product,Bengaluru
Sri Balaji Action Medical Institute,3.9,156,Healthcare,New Delhi
Thoucentric,3.7,156,Management Consulting,Bengaluru
Complere Infosystem,4.4,152,Software Product,Ambala
Ritco Logistics,3.6,157,Logistics,Gurugram
Dedicated Freight Corridor Corporation Of India,4.0,156,Government,New Delhi
Deccan iServices,3.6,156,Chennai +7 other locations,
High Street Essentials,3.6,156,Retail,Noida
Altair Engineering,3.8,156,IT Services & Consulting,Bengaluru
Shree Hari Infraprojects,3.1,155,Engineering & Construction,Jaipur
Bill Forge,4.3,155,Auto Components,Bengaluru
Sumeru Software Solutions,3.2,155,IT Services & Consulting,Bengaluru
Kearney,3.2,155,Management Consulting,Gurugram
Simpl,2.9,155,Internet,Bengaluru
Air India Engineering Services,3.6,155,Industrial Machinery,Mumbai
KK Spun Pipes,3.2,155,Industrial Machinery,New Delhi
Shilpa Biologicals,2.9,155,Dharwad +10 other locations,
Anchor Health and Beauty Care,4.0,155,Beauty & Personal Care,Mumbai
Java R & D,2.7,155,IT Services & Consulting,Bhopal
Rinder India,4.2,155,Automobile,Pune
Deendayal Antyodaya Yojana-National Rural Livelihoods Mission,4.0,155,Government,New Delhi
Volvo Construction Equipment,4.3,155,Industrial Machinery,Bengaluru
Payswiff Solutions,4.1,155,FinTech,Hyderabad
Veeraraghavan & Company,3.0,155,Accounting & Auditing,Mumbai
BIZONGO,3.2,155,Emerging Technologies,Mumbai
Polaris,3.9,155,Automobile,Bengaluru
Healthworld Hospitals,3.9,155,Healthcare,Durgapur
Meena Bazaar,3.5,155,Fashion & Textile,New Delhi
Agilent Technologies International,3.8,155,Gurugram +7 other locations,
Stanadyne India,3.8,155,Auto Components,Chennai
DIC India,3.8,155,Chemicals,Noida
VEKA,3.8,155,Building Material,Hyderabad
Paperpedia,2.0,155,EdTech,Kolkata
JBM Neel Metal,3.9,155,Auto Components,Gurugram
Infinite HR Solutions,3.1,155,Bengaluru +16 other locations,
KHD Humboldt Wedag,4.3,155,Industrial Machinery,New Delhi
Icomm Tele,4.1,155,Telecom,Hyderabad
Isha Foundation,4.2,155,Non-Profit,Coimbatore
Space Matrix Design Consultants,3.5,155,Architecture & Interior Design,Bengaluru
Tekskills,3.5,155,IT Services & Consulting,Hyderabad
Continental Carbon India,3.7,155,Chemicals,Ghaziabad
Computer Generated Solutions,3.1,155,IT Services & Consulting,Hyderabad
Partha Dental,3.7,155,Healthcare,Hyderabad
Nxtra Data,4.1,155,IT Services & Consulting,Pune
Xcaliber Infotech,3.1,155,IT Services & Consulting,Pune
Hykon,4.3,155,Electronics Manufacturing,Thrissur
Puma Energy,2.8,155,Power,Mumbai
Goodrich Logistics Pvt. Ltd.,3.2,156,Ports & Shipping,Mumbai
KG Invicta Services,3.4,155,Management Consulting,Coimbatore
Etraveli Group,2.9,155,Travel & Tourism,Mumbai
Muvi,4.0,155,Internet,Bhubaneswar
Alice Blue Commodities,2.9,155,FinTech,Bengaluru
Sidel,3.7,155,Industrial Machinery,Pune
Head Digital Works,4.3,155,Gaming,Hyderabad
Kirloskar Ebara Pumps,3.7,155,Industrial Machinery,Pune
Poct Services,3.8,155,Medical Equipment,Lucknow
Theorem Incorporation,3.3,155,Marketing & Advertising,Mysuru
Eagleview,3.2,155,Software Product,Bengaluru
Presidio Solutions Pvt Ltd,4.7,155,IT Services & Consulting,Chennai
Prayagh Consumer Care,4.1,155,Hyderabad +33 other locations,
ADINATH MOTORS,3.7,155,New Delhi +83 other locations,
L&T Smart World & Communication,4.2,154,IT Services & Consulting,Chennai
Dr.SNS Rajalakshmi College Of Arts and Science,4.9,154,Education & Training,Coimbatore
Dr D Y Patil Medical College,4.2,154,Healthcare,Pune
SDP & Associates (Office),3.6,154,Accounting & Auditing,Kolkata
Evertogen Life Sciences,3.0,154,Pharma,Hyderabad
SP Apparels,4.1,154,Fashion & Textile,Coimbatore
Meenakshi Mission Hospital & Research Centre,4.1,154,Healthcare,Madurai
LUCKY MINERALS,3.6,154,Metals & Mining,Jagdalpur
Elkayem Auto Ancillaries,3.4,154,Industrial Machinery,Hosur
Tata Ficosa Automotive Systems,,--,Auto Components,Pune
Gopaljee Dairy Foods,4.4,154,Food Processing,Noida
KollegeApply,3.8,154,EdTech,Gurugram
Outbooks Outsourcing,3.6,155,Accounting & Auditing,New Delhi
Pasa Resources,3.6,154,Agro Chemicals,Ranchi
Calix,3.9,154,Telecom,Bengaluru
OPK e Services,2.7,154,BPO,Gurugram
Optimus Information,3.0,154,IT Services & Consulting,Noida
Akrivia Automation,4.4,154,IT Services & Consulting,Visakhapatnam
OakNorth,3.0,154,Banking,Gurugram
Ogilvy,3.5,154,Marketing & Advertising,Mumbai
DDB Mudra Group,3.7,154,Marketing & Advertising,Mumbai
Priyagold Biscuits,2.7,154,Food Processing,Noida
Group Surya Peb,3.2,154,Engineering & Construction,Pune
Aditya Birla Chemicals,3.7,154,Chemicals,Bharuch
Louis Dreyfus Company,4.0,154,Agriculture,Gurugram
Intelux Electronics,4.1,154,Electronics Manufacturing,Pune
Ametek Instruments India,3.4,154,Industrial Automation,Bengaluru
Unschool Learning,3.3,154,EdTech,Hyderabad
Arabian Fal,2.8,154,Oil & Gas,Ras Tanura
Infoblox,3.7,154,IT Services & Consulting,Bengaluru
Specsmakers Opticians,3.7,154,Retail,Chennai
Milliman,3.2,154,Management Consulting,Gurugram
Dozco,3.9,154,Industrial Machinery,Visakhapatnam
DRYCHEM SOLUTIONS,4.0,155,Building Material,Mumbai
SAGE Publications,3.1,154,Media & Entertainment,New Delhi
Kohinoor Group,3.7,154,Real Estate,Pune
EMotorad,4.4,154,Automobile,Pune
Eisneramper LLP,3.2,155,Accounting & Auditing,Mumbai
Msc Cruises,4.2,154,Travel & Tourism,Mumbai
Liebherr,3.9,154,Industrial Machinery,Mumbai
Alteus Biogenics,2.6,154,Pharma,Kolkata
MDI NetworX,3.9,154,IT Services & Consulting,Pune
Enova Facilities Management LLC,4.1,154,Facility Management Services,Dubai
Magma Housing Finance,4.5,152,Financial Services,Kolkata
Kamdhenu Paints,2.8,153,Building Material,Gurugram
BEO Software,4.3,153,IT Services & Consulting,Kochi
Revlon,3.8,153,Beauty & Personal Care,New Delhi
Shakti Precision Components,3.6,154,Other,Bengaluru
Zacks Research,2.8,153,Financial Services,Kolkata
Zimetrics Technologies,3.4,153,IT Services & Consulting,Pune
Sohan Lal Commodity Management,3.7,153,Logistics,New Delhi
Classcanyon,4.5,153,Education & Training,Greater Noida
Future Consumer,4.4,153,FMCG,Mumbai
Hilton Garden Inn,3.8,153,Hospitality,New Delhi
AVIZVA,2.2,153,IT Services & Consulting,Gurugram
Indian Institute of Management,3.7,153,Education & Training,Ahmedabad
Ayana Renewable Power,4.4,153,Power,Bengaluru
Rajasthan Aushdhalaya,3.4,153,Pharma,Mumbai
J&F,3.6,153,Engineering & Construction,Chennai
Abryl Laboratories Manufacturing Unit,3.6,153,Pharma,Chandigarh
Frost & Sullivan,2.9,153,Management Consulting,Chennai
Accentuate Technology,4.1,153,IT Services & Consulting,Bengaluru
BDG Metal & Power,3.8,153,Iron & Steel,Durgapur
Mtg Learning Media,3.8,153,Printing & Publishing,Gurugram
Solaris Chemtech,4.6,153,Chemicals,Bhuj
Drytech Processes (I),3.8,153,Food Processing,Pandhurna
Swastik Infralogics Private Limited,3.7,153,Engineering & Construction,Mumbai
Brigosha Technologies,2.1,153,IT Services & Consulting,Bengaluru
GTT Communications,3.3,153,Hardware & Networking,Pune
Amp Motors,3.9,154,Automobile,Gurugram
Snapwork Technologies,3.9,153,IT Services & Consulting,Mumbai
Locobuzz,2.8,153,Software Product,Mumbai
Interra Information Technologies,3.1,153,IT Services & Consulting,Noida
FinAdvantage,4.0,153,Accounting & Auditing,Bengaluru
MRL Tyres,3.5,153,Auto Components,New Delhi
IndiGrid,4.1,153,Real Estate,Mumbai
AUO Mobility Solutions,4.0,155,Auto Components,Pune
IIT Kharagpur,4.2,153,Education & Training,Kharagpur
Acies,3.9,153,Software Product,Mumbai
Nelco,3.8,153,Telecom,Mumbai
Ayu Health Hospitals,3.6,153,Healthcare,Bengaluru
Shubham EPC,4.0,153,Engineering & Construction,Pune
Rivulis Irrigation,4.3,153,Agriculture,Vadodara
Houzeo,3.9,153,Mumbai +2 other locations,
Mcpi,4.3,153,Chemicals,Haldia
Systech Solutions,3.7,153,Analytics & KPO,Chennai
Suwasthi,2.4,153,Beauty & Personal Care,Noida
FACE Prep,3.9,153,Coimbatore +13 other locations,
ResearchAyu,4.0,153,Healthcare,Navi Mumbai
Million Minds Management Services,3.5,152,Recruitment,New Delhi
Mobase,3.5,152,Auto Components,Noida
IndiaLends,3.2,152,Financial Services,Gurugram
Borosil Renewables,3.8,152,Power,Bharuch
Shri Mahant Indiresh Hospital,3.4,152,Healthcare,Dehradun
Annapurna Group,3.8,152,FMCG,Guwahati
SPD Constructions,3.8,152,Bhubaneswar +14 other locations,
UNI Klinger,3.8,152,Industrial Machinery,Pune
eBIZ.com,2.6,152,EdTech,Noida
Alcatel-Lucent,4.3,152,Telecom,Bengaluru
Vedic International School,4.4,152,Education & Training,Sambalpur
Best Koki Automotive,3.5,152,Auto Components,Gurugram
Shine,2.9,152,Internet,Gurugram
Western Coalfields,4.4,152,Metals & Mining,Nagpur
HomeShop18,4.2,152,Internet,Noida
Log 9 Materials Scientific,3.3,152,Emerging Technologies,Bengaluru
Dream Plast India,3.5,152,Industrial Machinery,Pune
Takenaka,4.2,152,Architecture & Interior Design,Gurugram
Creative Garments,3.9,152,Fashion & Textile,Mumbai
Synamedia,3.4,152,Software Product,Bengaluru
PerkinElmer,4.2,152,Pharma,Mumbai
Husk Power Systems,3.0,152,Power,Patna
G Square Housing,3.9,152,Real Estate,Chennai
Bottomline,3.2,152,Software Product,Bengaluru
Jai Beverages,3.5,152,Beverage,Jammu
Bennett University,3.7,152,Education & Training,Greater Noida
Harsha Engineers International,3.9,153,Ahmedabad +2 other locations,
Astute Corporate Services,3.2,152,Other,Pune
Foiwe Info Global Solution,4.4,153,IT Services & Consulting,Bengaluru
ETV Bharat,3.9,152,Broadcasting,Hyderabad
Patil Automation,3.2,153,Industrial Automation,Pune
Hindustan Colas,3.4,152,Engineering & Construction,Mumbai
Krishak Bharati Cooperative,4.3,152,Agro Chemicals,Surat
Nirmal Industrial Controls,3.6,152,Industrial Automation,Mumbai
Sidwal Refrigeration Industries,4.2,152,Electrical Equipment,Faridabad
Casino Air Caterers & Flight Services,3.9,153,Hospitality,Kochi
Naiknavare Developers,3.8,152,Real Estate,Pune
Vipul Motors,3.4,152,Automobile,Faridabad
Lighthouse Learning,3.8,157,Education & Training,Mumbai
Light & Wonder,3.8,152,Software Product,Bengaluru
Kabra Extrusion Technik,3.5,152,Industrial Machinery,Pune
VLink,3.8,153,IT Services & Consulting,Gurugram
Indian Institute of Technology Madras,4.2,152,Education & Training,Chennai
Maiva Pharma,3.7,152,Hosur +4 other locations,
BizGurukul,4.0,152,EdTech,New Delhi
Nium,3.3,152,FinTech,Mumbai
Pace Power Systems,3.5,151,Electrical Equipment,Bengaluru
PICL,3.6,151,Semiconductors,Faridabad
P.N. International,4.0,151,Import & Export,Lucknow
SAI Consulting Engineers,4.3,151,Engineering & Construction,Ahmedabad
GKN Sinter Metals,4.0,151,Auto Components,Pune
K2k Infrastructure,4.0,151,Engineering & Construction,Bengaluru
Apcotex Industries,3.6,151,Chemicals,Navi Mumbai
Spc Life Sciences,3.4,151,Chemicals,Ankleshwar
Share India Securities,3.8,151,Consumer Electronics & Appliances,New Delhi
Concorde Motors,3.8,152,Automobile,Bengaluru
CignaTTk Health Insurance,4.0,151,Insurance,Mumbai
KLT Automotive & Tubular Products,3.6,151,Auto Components,Mumbai
More Mega Store,4.2,151,Retail,Bengaluru
Global Trade Plaza,4.8,151,Internet,Kanpur
Altigreen Propulsion Labs,3.5,151,Electronics Manufacturing,Bengaluru
Ravindra Bharathi Schools,3.4,151,Education & Training,Hyderabad
PGIMER,4.3,151,Education & Training,Chandigarh
ATC (Assam),4.1,151,Logistics,Hosur
Spinco Biotech,3.6,151,Biotechnology,Chennai
Dr. Amin Controllers,3.8,151,Engineering & Construction,Mumbai
BrowserStack,3.1,151,Software Product,Mumbai
University of Engineering and Management,4.4,151,Education & Training,Kolkata
Barco Electronic Systems,4.0,152,Consumer Electronics & Appliances,Noida
MENTORS EDUSERV,3.6,151,EdTech,Patna
Gsp Power Projects,3.9,151,Electronics Manufacturing,Faridabad
Rotork Controls,3.4,151,Industrial Machinery,Chennai
Classic Marble Company,3.5,151,Building Material,Mumbai
Delux Bearings,4.2,152,Auto Components,Surendranagar
Klassic Wheels,2.6,151,Auto Components,Ahilyanagar
Cello World,3.5,151,Consumer Electronics & Appliances,Mumbai
Agility E Services,3.7,151,IT Services & Consulting,Hyderabad
Raj Industries,3.5,151,Packaging,Ludhiana
IFGL Refractories,3.6,151,Industrial Machinery,Rourkela
Safeducate,4.1,151,Education & Training,New Delhi
Montage Enterprises,3.1,151,Packaging,Gwalior
Frontier Business Systems,3.2,151,IT Services & Consulting,Bengaluru
Dairy Classic Ice Creams,4.2,151,Food Processing,Bengaluru
Primetals Technologies,4.0,151,Industrial Machinery,Kolkata
Meghmani Group,3.4,151,Bharuch +14 other locations,
Europ Assistance India,3.7,151,Insurance,Mumbai
All Out,3.6,151,FMCG,Gurugram
Gail Gas,3.6,151,Oil & Gas,Bengaluru
Cubic Transportation Systems,3.1,151,Software Product,Hyderabad
7 Eleven,3.5,151,Retail,Bengaluru
Victoria's Secret,3.8,151,IT Services & Consulting,Bengaluru
Fasal,3.2,151,Agriculture,Bengaluru
Rina India,3.9,151,"Testing, Inspection and Certification (TIC)",Mumbai
Being human,4.2,151,Fashion & Textile,Mumbai
Kerry Ingredients,3.2,151,Food Processing,Bengaluru
Ascent Meditech,3.5,151,Other,Mumbai
Desire Energy Solution,3.7,151,Financial Services,Jaipur
Progility Technologies,3.4,151,IT Services & Consulting,Mumbai
ENTRI SOFTWARE,3.9,151,EdTech,Kochi
Altruistic Technology Labs,3.5,151,IT Services & Consulting,Bengaluru
Amazon Pay,3.8,151,Bengaluru +30 other locations,
Mindcrest,2.5,150,Legal,Pune
Oerlikon Graziano Transmission,4.3,150,Industrial Machinery,Ahmedabad
Multani Pharmaceuticals,3.9,151,Pharma,New Delhi
SKS Business Services,3.1,150,Accounting & Auditing,Jamnagar
Xcelore,4.8,150,IT Services & Consulting,Noida
SAP-Concur,4.1,150,Software Product,Bengaluru
Portescap,3.7,150,Electronics Manufacturing,Mumbai
Element14,3.8,150,Semiconductors,Bengaluru
Bausch & Lomb,3.8,150,Medical Equipment,Gurugram
Dyuti Technologies,4.5,150,IT Services & Consulting,Bengaluru
Fourth Partner Energy,4.4,150,Power,Hyderabad
Karnataka Co-operative Milk Producers Federation,4.1,151,Food Processing,Bengaluru
Cognifyz Technologies,4.0,150,Hyderabad +32 other locations,
Sage Metals,3.6,150,Metals & Mining,New Delhi
Techouts,3.9,150,IT Services & Consulting,Hyderabad
Techved Consulting,3.5,150,IT Services & Consulting,Mumbai
Ravi Infrabuild Projects,3.6,150,Engineering & Construction,Udaipur
Unify Facility Management,4.3,150,Facility Management Services,Mumbai
Peoplelink Unified Communications,3.7,150,Consumer Electronics & Appliances,Hyderabad
JQR SPORTS,3.8,150,New Delhi +13 other locations,
Talent Corner HR Services,3.7,150,Recruitment,Mumbai
Zurich Kotak General Insurance,3.0,150,Insurance,Mumbai
Seeds Fincap,3.7,150,NBFC,Gurugram
RKC Infrabiult Private Limited,3.8,150,Engineering & Construction,Ahmedabad
Bambino Pasta Food Industries,4.0,150,Food Processing,Hyderabad
SHRI LAKSHMI STEEL SUPPLIERS,4.1,150,Iron & Steel,Bengaluru
Paras Spices,3.5,150,Food Processing,Moga
Beekay Steel Industries,3.0,150,Iron & Steel,Kolkata
Sirca Paints India,4.0,151,Chemicals,New Delhi
Crescendo Global,4.3,150,Recruitment,Ludhiana
Premsons Motor Udyog,3.6,150,Auto Components,Ranchi
Solar Defence And Aerospace,3.7,150,Defence & Aerospace,Nagpur
Puropale Creations & IT Solutions,4.7,149,IT Services & Consulting,Hyderabad
Hanu Software Solutions,3.5,149,IT Services & Consulting,Noida
Karam Industries,3.9,149,Engineering & Construction,Lucknow
UAE Exchange,4.4,149,FinTech,Kochi
The Wadhwa Group,3.7,149,Real Estate,Mumbai
Asclepius Wellness,3.8,149,Fitness & Wellness,Jaipur
Tcil,3.8,149,Telecom,New Delhi
Esme Consumer,4.0,149,Beauty & Personal Care,Gurugram
Verka milk dairy,4.0,149,Agriculture,Chandigarh
PubMatic,3.4,149,IT Services & Consulting,Pune
KEM Hospital,3.7,149,Healthcare,Pune
Apollo Medskills,3.8,149,Healthcare,Hyderabad
e-Centric Solutions,3.3,149,IT Services & Consulting,Hyderabad
Cognus Technology,2.2,149,IT Services & Consulting,Jaipur
Faber Sindoori Management Services,3.5,149,Facility Management Services,Hyderabad
Voylla,3.0,149,Jewellery,Jaipur
Chiripal Industries,3.5,149,Fashion & Textile,Ahmedabad
Lokmanya Multipurpose Co-op Society,3.2,149,Financial Services,Pune
Mistral Solutions,3.5,149,IT Services & Consulting,Bengaluru
Shiksha Financial Services India,4.3,149,NBFC,Chennai
4i apps solutions,3.5,150,IT Services & Consulting,Chennai
Heranba Industries,3.6,149,Agro Chemicals,Vapi
Rapidtech IT Services,3.7,149,IT Services & Consulting,Chennai
SequelOne,3.3,149,IT Services & Consulting,Gurugram
BCForward,3.2,150,Internet,Hyderabad
Aligned Automation,3.6,149,IT Services & Consulting,Pune
Edac Engineering,3.9,149,Engineering & Construction,Chennai
SANY Group,3.7,149,Industrial Machinery,Pune
MAHLE Engine Components,3.9,149,Automobile,Chennai
Syniverse Technologies,3.7,149,IT Services & Consulting,Bengaluru
"MAT Holdings, Inc",3.7,149,Sonipat +7 other locations,
Bombay Hospital,3.7,149,Healthcare,Mumbai
Surya Food & Agro Limited,2.9,149,Food Processing,Noida
Thar Worx,3.9,149,BPO,Bengaluru
Accel Limited,3.4,149,IT Services & Consulting,Chennai
Smart Call Center Solutions,3.1,149,BPO,Kolkata
River Mobility,3.9,149,Automobile,Bengaluru
Milacron,3.8,149,Ahmedabad +6 other locations,
Sakshi,3.6,149,Printing & Publishing,Hyderabad
STPL,3.6,149,IT Services & Consulting,Lucknow
Metal Power Analytical,3.3,149,Electronics Manufacturing,Mumbai
Quarks Technosoft,3.7,150,IT Services & Consulting,Noida
Pixon Energy,4.0,149,Electrical Equipment,Rajkot
Ceipal,3.1,150,Software Product,Hyderabad
Digital Aptech,4.4,148,IT Services & Consulting,Kolkata
Aczet,3.0,148,Electronics Manufacturing,Mumbai
Mehta Cad Cam Systems,3.8,149,Industrial Machinery,Ahmedabad
Ojas Innovative Technologies,3.6,148,IT Services & Consulting,Hyderabad
DOGUS SOMA JV,4.1,148,Engineering & Construction,Mumbai
Sitec Labs,4.1,148,Pharma,Mumbai
CommVault,3.7,148,Software Product,Bengaluru
Pearson,3.7,148,Education & Training,Bengaluru
Onicra Credit Rating Agency,3.2,148,FinTech,Noida
Srei Sahaj e-Village,4.5,148,Retail,Kolkata
W3Softech India,4.1,148,IT Services & Consulting,Hyderabad
Etihad Airways,4.3,148,Aviation,Abu Dhabi
Prestige Estates Projects,4.5,148,Real Estate,Bengaluru
Dangote Cement,4.1,148,Building Material,Hyderabad
Dr L H Hiranandani Hospital,3.6,148,Healthcare,Mumbai
Ameyo,3.5,148,Software Product,Gurugram
Kantar Operations,4.0,148,Analytics & KPO,Hyderabad
Ambience Group,3.6,149,Real Estate,New Delhi
MariApps Marine Solutions,3.2,148,IT Services & Consulting,Kochi
Enfusion,3.2,148,FinTech,Mumbai
Eldeco Infrastructure & Properties,4.2,148,Real Estate,New Delhi
Antraweb Technologies,3.6,148,IT Services & Consulting,Mumbai
Privat Hospital,4.1,148,Healthcare,New Delhi
Gujarat State Petronet,4.0,148,Oil & Gas,Ahmedabad
BCITS,3.5,148,IT Services & Consulting,Bengaluru
Primus Super Speciality Hospital,3.9,148,Healthcare,New Delhi
Xtelify,3.2,148,Gurugram +22 other locations,
Quality Evaluation And Systems Team,4.0,148,Engineering & Construction,Bengaluru
Ewac Alloys,4.1,148,Industrial Machinery,Ankleshwar
Revature,3.2,148,IT Services & Consulting,Chennai
Cogencis Information Services,3.2,148,IT Services & Consulting,Mumbai
UTI Technology Services,2.9,148,IT Services & Consulting,Hyderabad
Geo Designs And Research,3.6,148,Engineering & Construction,Vadodara
Fedora Solutions,3.2,148,IT Services & Consulting,Ahmedabad
Peerless Biotech,4.4,148,Medical Equipment,Chennai
Rakshit Drugs,3.7,148,Pharma,Visakhapatnam
Luker Electric Technologies,3.8,149,Financial Services,Coimbatore
National Oilwell Varco,3.8,148,Oil & Gas,Mumbai
GoBoult,3.5,148,Consumer Electronics & Appliances,Gurugram
AAI Cargo Logistics and Allied Services Company,3.2,148,Chennai +30 other locations,
Quinte Financial Technologies,3.7,148,Chennai +3 other locations,
Rockman Group,3.9,148,Auto Components,Tirupati
Schbang,2.9,148,Marketing & Advertising,Mumbai
Ajeet Seeds,3.6,148,Agriculture,Chhatrapati Sambhajinagar
Solitaire World,4.2,147,Real Estate,Pune
Stanvac Chemicals,2.9,147,Chemicals,Gurugram
Chemveda Life Sciences,3.7,147,Clinical Research,Hyderabad
FANUC,3.2,147,Industrial Automation,Bengaluru
Birla Precision Technologies,3.4,148,Industrial Machinery,Chhatrapati Sambhajinagar
Disposafe Health And Life Care,3.3,147,Medical Equipment,Faridabad
Bdh Industries,4.6,147,Pharma,Mumbai
Newtronic Lifecare Equipment,4.0,147,Pharma,Mumbai
PolicyX.com,2.8,147,FinTech,Gurugram
GKB RX Lens,4.0,147,Medical Equipment,Gurugram
Zeco Aircon,4.1,147,Industrial Machinery,New Delhi
Major Brands,3.9,147,Retail,Mumbai
SKS Ispat & Power,3.2,147,Industrial Machinery,Raipur
JL Morison India,4.4,147,FMCG,Mumbai
Haqdarshak Empowerment Solutions,3.8,147,Non-Profit,Pune
Teletext Holidays,3.5,147,Travel & Tourism,Hyderabad
Acme Solar Energy,4.4,147,Power,Gurugram
Reserve Bank of India,4.7,147,Government,Mumbai
Molbio Diagnostics,3.8,148,Internet,Visakhapatnam
Magna Steyr,3.9,147,Automobile,Pune
Akshara Enterprises,3.2,147,IT Services & Consulting,Hyderabad
First Step Babywear,4.1,147,Fashion & Textile,Hosur
Loyal Textile Mills,3.8,147,Fashion & Textile,Chennai
Euronet Global Development Center,3.8,147,Financial Services,Mumbai
Interactive Brokers,3.3,147,Financial Services,Mumbai
Spinks Softech,4.2,147,Auto Components,Gurugram
Delta Technology,3.5,147,IT Services & Consulting,Hyderabad
Trident Automobiles,4.6,147,Auto Components,Bengaluru
Jash Engineering,3.9,147,Engineering & Construction,Indore
Hegde & Hegde Pharmaceutica,3.9,147,Pharma,Mumbai
Keywords Studios,2.4,147,Gaming,Gurugram
Enviro Infra Engineers,4.1,148,Waste Management,New Delhi
L&T Power Transmission & Distribution,4.2,147,Power,Chennai
Dealmoney Securities,2.9,147,Financial Services,Mumbai
GMP Technical Solutions,4.0,147,Industrial Machinery,Mumbai
Factspan,3.3,147,IT Services & Consulting,Bengaluru
STJ Electronics,3.3,147,Semiconductors,New Delhi
Karnataka Power Transmission Corporation,4.3,147,Power,Bengaluru
Brickwork India,3.4,147,Financial Services,Bengaluru
Khatib & Alami,3.3,147,Engineering & Construction,Bengaluru
Ansys Software Private Limited,4.0,147,IT Services & Consulting,Pune
Megha Gas,3.6,147,Oil & Gas,Hyderabad
Lokal App,3.4,147,Internet,Bengaluru
CloudThat Technologies Private Limited,4.0,147,IT Services & Consulting,Bengaluru
Pro1 Health Systems,3.4,148,Medical Equipment,Chennai
Jio Payments Bank,3.6,147,FinTech,Mumbai
Kitex Garments,3.5,147,Fashion & Textile,Kochi
Nuvento Systems,3.2,150,IT Services & Consulting,Kochi
ApplyBoard,2.5,148,Internet,Gurugram
Aarthi Scans and Labs,3.5,148,Healthcare,Chennai
Alpha Corp,4.3,147,Real Estate,Gurugram
Sun Pharma Advanced Research Company,3.5,147,Pharma,Vadodara
Arch Pharmalabs,3.8,146,Pharma,Mumbai
Bijak,3.5,146,Internet,Gurugram
ECE Industries,3.9,147,Electrical Equipment,Ghaziabad
Q Connect Corp,3.5,146,BPO,Hyderabad
Chai Break,4.6,146,Kolkata +3 other locations,
A.t.e. Enterprises,4.0,146,Industrial Machinery,Ahmedabad
India Pistons,2.6,146,Auto Components,Chennai
Gammastack,3.2,151,IT Services & Consulting,Indore
Reliance Foundation India,3.9,146,Education & Training,Mumbai
Jodo,3.7,146,FinTech,Bengaluru
NIS Management Private,3.7,146,Law Enforcement & Security,Kolkata
Lumax Mannoh Allied Technologies,3.7,146,Auto Components,Gurugram
Brady Corporation,4.2,146,Printing & Publishing,Bengaluru
Madras Medical Mission,4.2,146,Healthcare,Chennai
Qualtech Consultants,3.6,146,IT Services & Consulting,Noida
Bando India,4.1,146,Auto Components,Bengaluru
SURYA INTERNATIONAL ENTERPRISE,3.9,146,Power,Bhubaneswar
Mittsure Technologies,2.9,146,Education & Training,Jaipur
AI Engineering Services,3.5,146,New Delhi +11 other locations,
LimeRoad,2.6,146,Internet,Gurugram
Archidply Industries,3.6,146,Furniture & Furnishing,New Delhi
Avon Cycles,3.8,146,Automobile,Ludhiana
ATS ELGI,4.1,146,Industrial Machinery,Coimbatore
HealthAsyst,3.8,146,IT Services & Consulting,Bengaluru
Omninos Solutions,4.2,146,Software Product,Sahibzada Ajit Singh Nagar
ETV Network,4.1,146,Broadcasting,Hyderabad
Enrich Energy,4.1,147,Real Estate,Pune
Capital Finserve,4.4,146,NBFC,Salem
Curia,3.7,146,Hyderabad +3 other locations,
CL Educate,3.6,146,Education & Training,New Delhi
Axis Asset Management Company,3.7,147,Financial Services,Mumbai
Komatsu,3.7,146,Industrial Machinery,Chennai
Madhavbaug,3.9,146,Healthcare,Mumbai
Panoli Intermediates India,4.1,146,Chemicals,Vadodara
Institutional Shareholder Services,3.5,146,Analytics & KPO,Mumbai
Redisolve Software,2.6,146,Software Product,Chennai
NewAge Software & Solutions,3.8,146,IT Services & Consulting,Chennai
Codilar Technologies,4.0,146,IT Services & Consulting,Bengaluru
CoachX,4.8,146,Pune +5 other locations,
InAmigos Foundation,4.8,147,Chennai +18 other locations,
Byju's Future School,3.3,145,Bengaluru +25 other locations,
Continuum Managed Services,4.1,145,IT Services & Consulting,Mumbai
Shipping Corporation of India,4.5,145,Logistics,Mumbai
Seashell Logistics,3.7,145,Logistics,Mumbai
NCDEX,3.4,145,Financial Services,Mumbai
Tops Security,4.3,145,Law Enforcement & Security,Mumbai
TerraPay,3.3,146,FinTech,Bengaluru
Royal HaskoningDHV,4.4,145,Engineering & Construction,Chennai
Detox Group,3.8,145,Chemicals,Ankleshwar
Adhunik Metaliks,3.4,145,Metals & Mining,Rourkela
Pramati Technologies,4.4,145,IT Services & Consulting,Hyderabad
Dantal Hydraulics,4.2,145,Industrial Machinery,Gurugram
yellow.ai,3.0,145,Software Product,Bengaluru
Vibatel Solutions,3.6,145,BPO,Hyderabad
Agastya International Foundation,3.5,145,Non-Profit,Bengaluru
Deduce Technologies,3.3,145,Bengaluru +10 other locations,
Signity Software Solutions,4.5,145,IT Services & Consulting,Chandigarh
Fulcrum Worldwide Software,4.3,145,IT Services & Consulting,Pune
DRN Infrastructure,3.2,145,Power,Hubballi
Sterling Auxiliaries,3.1,145,Chemicals,Bharuch
Wellknown Polyesters,3.5,145,Fashion & Textile,Vapi
IVL Dhunseri Petrochem Industries,3.7,145,Chemicals,Haldia
Tarasafe International Private Limited,4.5,145,Kolkata +2 other locations,
LAKME ACADEMY,3.4,146,Beauty & Personal Care,New Delhi
Velammal Educational Trust,3.7,145,Education & Training,Chennai
LRQA,3.4,145,Analytics & KPO,Mumbai
OptiSol Business Solutions,3.8,145,IT Services & Consulting,Chennai
Yanfeng Automotive Interiors,3.7,146,Auto Components,Pune
Paramount Limited,3.5,145,Engineering & Construction,Vadodara
INVENTIVE SOFTWARE SOLUTIONS,3.8,145,IT Services & Consulting,Noida
Rungta Sons,4.1,146,Iron & Steel,Jharsuguda
Obbserv Online Services,4.5,146,Udaipur +3 other locations,
REC Power Development and Consultancy,4.1,145,New Delhi +37 other locations,
Kalpataru International,4.0,145,Engineering & Construction,Mumbai
GIC Housing Finance,3.5,145,NBFC,Mumbai
S S Enterprises,3.9,145,Industrial Machinery,Mumbai
Dream11,4.1,145,Internet,Mumbai
Worldpay,4.1,145,FinTech,Pune
Nutraj,3.6,145,Noida +11 other locations,
Sandvik Coromant,4.2,145,Industrial Machinery,Pune
Nikhil Adhesives,3.9,145,Chemicals,Mumbai
Digi Clarity Global Solutions,4.1,145,Analytics & KPO,Chennai
Nayati Hospital,3.4,144,Healthcare,Mathura
Bhadra International,3.7,144,Logistics,Chennai
Drake & Scull International PJSC,4.5,144,Engineering & Construction,Mumbai
B.L Agro Oils,3.9,144,Food Processing,Bareilly
Government of Delhi,4.3,144,Government,New Delhi
Jsw Infrastructure,4.2,144,Engineering & Construction,Mumbai
Mankind Specialities,3.8,144,Pharma,Mumbai
Cummins Sales and Service,4.0,144,Auto Components,Noida
YFC PROJECTS,3.6,144,Engineering & Construction,New Delhi
Alpha Net Consulting,4.6,144,IT Services & Consulting,Sahibzada Ajit Singh Nagar
Planet PCI Infotech,3.8,144,Recruitment,Gurugram
Luxor International,3.5,144,Retail,Noida
Suntara Cosmetics,3.6,144,Beauty & Personal Care,Ahmedabad
Kamlesh Kumar Singh Engineers,4.4,144,Engineering & Construction,Panipat
Raheja Universal,3.9,144,Real Estate,Mumbai
Girl Power Talk,4.6,144,Internet,Sahibzada Ajit Singh Nagar
Moris Media,4.4,144,Marketing & Advertising,Dubai
THERMAL SYSTEMS,3.7,144,Industrial Machinery,Hyderabad
Perto,3.4,144,Electrical Equipment,Jaipur
IDrive,3.7,144,Software Product,Bengaluru
DLF Brands,3.7,144,Retail,New Delhi
Toshiba Johnson Elevators,4.2,145,Industrial Machinery,Mumbai
Prabha Automotive Engineers,3.8,144,Chennai +11 other locations,
Aditya Vision,3.8,144,Retail,Patna
MediaTek India Technology,3.7,144,Semiconductors,Noida
B New Mobiles,3.1,144,Electronics Manufacturing,Hyderabad
Surya Hospital,3.6,144,Healthcare,Mumbai
GTN Engineering,4.1,145,Metals & Mining,Coimbatore
Frugal Testing,4.6,144,IT Services & Consulting,Hyderabad
MassMutual,3.7,145,Financial Services,Hyderabad
APL Logistics,3.7,144,Logistics,Chennai
Yeshshree Press Comps,3.6,144,Auto Components,Chhatrapati Sambhajinagar
Cogneesol,3.3,144,BPO,Sahibzada Ajit Singh Nagar
Actis Technologies,4.2,144,IT Services & Consulting,Mumbai
Cresce Technology Private Limited,4.0,144,Software Product,Gurugram
Ideas 4 Transformation,3.0,144,IT Services & Consulting,Mumbai
Web Synergies,3.1,144,IT Services & Consulting,Hyderabad
iSource,2.9,144,Recruitment,Noida
Global Connect Business Solutions,4.4,144,Accounting & Auditing,Tiruchirappalli
Areteans,3.6,144,IT Services & Consulting,Hyderabad
AlgoLeap Technologies,4.1,144,Emerging Technologies,Hyderabad
Blue Jet Healthcare,3.8,144,Chemicals,Mumbai
SAVE Solutions,4.0,144,Financial Services,New Delhi
Hyundai Steel,3.8,144,Iron & Steel,Chennai
Merlin Group,3.7,144,Real Estate,Kolkata
International Crops Research Institute for the Semi-arid Tropics,3.8,144,Analytics & KPO,Hyderabad
Freudenberg Gala Household Product,4.0,144,Consumer Electronics & Appliances,Mumbai
Rigved Technologies,3.8,144,Emerging Technologies,Mumbai
Flynaut SaaS,3.1,144,IT Services & Consulting,Pune
ITC Group,3.8,143,Kolkata +37 other locations,
IFortis Worldwide,3.8,143,IT Services & Consulting,Bengaluru
Sri Ramachandra University,4.3,143,Education & Training,Chennai
Chiripal Group,4.0,143,Fashion & Textile,Ahmedabad
Shiksha.com,3.2,143,Internet,New Delhi
Ashida Electronics,3.9,143,Electronics Manufacturing,Mumbai
The Oriental Insurance Co.,4.4,143,Insurance,New Delhi
A. Menarini India,3.3,143,Pharma,Mumbai
Modern Insulators,4.0,143,Electrical Equipment,Abu Road
Doctors for you,3.8,143,Non-Profit,New Delhi
NLMK India,3.6,144,Metals & Mining,Chhatrapati Sambhajinagar
Bhate & Raje Construction Co.,4.1,143,Engineering & Construction,Pune
Nichino,3.4,143,Hyderabad +38 other locations,
V-ensure Pharma Technologies,3.4,143,Pharma,Mumbai
Nova IVF Fertility,3.7,143,Healthcare,Bengaluru
Palo Alto Networks,3.7,143,IT Services & Consulting,Bengaluru
Greytrix India Pvt Ltd,3.6,143,IT Services & Consulting,Mumbai
SurePrep,3.9,143,Software Product,Mumbai
Gedu Services Private Limited,3.3,145,Education & Training,Noida
Sushima Pharmaceuticals,3.4,143,Pharma,Ghaziabad
Vandhana International,3.7,143,Railways,New Delhi
Sunil Hitech Engineers,4.5,143,Engineering & Construction,Nagpur
Ultimate Flexipack,3.7,143,Petrochemicals,Haridwar
Demech Chemical Products,4.4,143,Chemicals,Pune
Bijnis,3.7,143,Internet,New Delhi
Progcap,3.9,144,Financial Services,New Delhi
Bansal Hospital,4.0,143,Healthcare,Bhopal
Nifco India,3.8,143,Industrial Machinery,Gurugram
Freight Tiger,3.3,143,Logistics,Mumbai
IRIS RegTech Solutions Limited,3.4,143,IT Services & Consulting,Mumbai
Monotype,3.3,143,IT Services & Consulting,Noida
MicroGenesis Techsoft,3.5,143,IT Services & Consulting,Bengaluru
One Trust,3.0,143,Software Product,Bengaluru
Akshayakalpa,3.9,144,Internet,Bengaluru
DigitalTrack Solutions,3.7,143,IT Services & Consulting,Chennai
V-Soft Consulting,3.0,143,IT Services & Consulting,Hyderabad
Adma Solutions,4.3,143,BPO,New Delhi
POSCO,4.0,143,Metals & Mining,Pune
CSL Finance,3.7,143,Financial Services,New Delhi
Amps Electrical Facility Services,3.1,143,Facility Management Services,Bengaluru
Rus Education,4.3,143,Education & Training,New Delhi
KMC Constructions,4.5,143,Engineering & Construction,Hyderabad
Servify,3.5,143,Consumer Electronics & Appliances,Mumbai
Gits Food Products,4.0,144,FMCG,Pune
Deutsche Telekom,3.2,143,Telecom,Pune
Infrabeat Technologies,4.0,143,IT Services & Consulting,Pune
Radixweb,3.4,143,IT Services & Consulting,Ahmedabad
Bluecraft Agro,3.5,143,Food Processing,Yamunanagar
Sungwoo Hitech,3.9,143,Auto Components,Chennai
ESRI India Technologies,3.6,143,IT Services & Consulting,Noida
Quadgen Wireless Solutions,3.8,143,Telecom,Bengaluru
HM Constructions,4.6,143,Real Estate,Bengaluru
Gujarat Energy Transmission Corporation,4.2,143,Government,Vadodara
IIDE - The Digital School,4.0,143,EdTech,Mumbai
Aster Medcity,4.6,143,Healthcare,Kochi
Yocket,3.4,143,Education & Training,Mumbai
ERA's Lucknow Medical College & Hospital,3.7,143,Education & Training,Lucknow
Esyasoft,4.2,143,Software Product,Bengaluru
Shankar Electricals,3.7,143,Electrical Equipment,Bengaluru
Skillinabox,4.2,143,Noida +4 other locations,
Choice Equity Broking,3.1,143,Financial Services,Mumbai
Daicel Chiral Technologies,4.2,143,Pharma,Hyderabad
New India Co-Op Bank,3.1,142,Banking,Mumbai
Valdel Engineers & Constructors,3.0,142,Oil & Gas,Bengaluru
Malpani Group,4.1,142,Power,Pune
Banaras Hindu University,4.7,142,Education & Training,Varanasi
ASA & Associates,3.5,142,Accounting & Auditing,New Delhi
Ntrust Infotech,3.4,142,IT Services & Consulting,Chennai
WebFurther,3.2,144,IT Services & Consulting,Hyderabad
WsCube Tech,4.9,142,IT Services & Consulting,Jodhpur
Super Bond Adhesives,4.3,142,Chemicals,Mumbai
Centurion University of Technology and Management,3.3,142,Education & Training,Bhubaneswar
Forbes Facility Services,4.2,142,Facility Management Services,Mumbai
Vtc Tradewings,4.0,142,Logistics,Noida
Winman Software,4.1,142,Software Product,Mangaluru
Maneesh Pharmaceuticals,3.9,142,Pharma,Mumbai
IDA Automation,3.7,142,Bengaluru +4 other locations,
MTX Group,3.2,142,IT Services & Consulting,Hyderabad
Wittur Elevator Components,3.6,142,Industrial Machinery,Chennai
Wishup,3.9,142,Financial Services,Bengaluru
Future Market Insights,1.5,142,Analytics & KPO,Pune
Housr,4.3,142,Hospitality,Gurugram
FICCI,3.5,142,Government,New Delhi
Unique Measurement Service,4.3,142,Auto Components,Chennai
WWICS Group,3.3,142,Travel & Tourism,Sahibzada Ajit Singh Nagar
Q Tech Microelectronics India,3.6,142,Greater Noida +5 other locations,
New Swan Multitech,3.8,142,Industrial Machinery,Ludhiana
Vigour Mobile,3.7,142,Consumer Electronics & Appliances,Gurugram
Sun Life Global Solutions,3.8,142,Financial Services,Gurugram
Marquistech,3.5,142,Noida +12 other locations,
ZoomRx,2.7,142,Analytics & KPO,Chennai
Pennant Technologies,3.8,142,Software Product,Hyderabad
Xtranet Technologies,3.3,142,IT Services & Consulting,Bhopal
Repos Energy,3.7,142,Internet,Pune
Ocean Life Spaces,3.5,142,Engineering & Construction,Chennai
TD Power Systems,3.7,142,Electrical Equipment,Bengaluru
Jupiter Money,2.3,142,FinTech,Bengaluru
MoEngage,3.5,143,Software Product,Bengaluru
ProcDNA,3.9,142,Management Consulting,Gurugram
Mahindra Aerospace,3.8,142,Defence & Aerospace,Bengaluru
Aksh Optifibre,3.9,142,Telecom,New Delhi
Academor,2.6,142,Education & Training,Bengaluru
builder.ai,2.8,142,Software Product,Gurugram
Star Paper Mills,3.8,143,Pulp & Paper,Saharanpur
Genus Innovation,3.5,142,Power,Jaipur
Titan Biotech,3.5,142,Biotechnology,New Delhi
AL-SUWAIDI INDUSTRIAL SERVICES,3.5,142,Oil & Gas,Al Jubail
Smile Foundation,4.0,142,Non-Profit,New Delhi
Sofcon India Pvt Ltd,3.4,143,Education & Training,Pune
BeBran Digital,4.5,142,New Delhi +2 other locations,
Cooper-Standard Automotive,4.2,141,Auto Components,Chennai
Lloyd Electric & Engineering,3.7,141,Industrial Machinery,New Delhi
SOGEFI,3.4,141,Auto Components,Pune
Bangalore Electricity Supply Company,3.7,141,Bengaluru +11 other locations,
Smiths Detection,3.6,142,Defence & Aerospace,Bengaluru
HPI Limited,3.7,141,Internet,Bengaluru
mPHATEK Systems,3.3,141,IT Services & Consulting,Pune
Propelld,3.6,141,Internet,Bengaluru
Maple Digital Technology,3.2,141,Retail,Mumbai
TTEC Digital,3.7,141,IT Services & Consulting,Hyderabad
Mapro Foods,3.3,141,FMCG,Pune
SDNA Global,4.0,141,Recruitment,Bengaluru
Technofab Engineering,4.3,141,Oil & Gas,Faridabad
CG Corp Global,3.0,141,FMCG,Gurugram
Napier Healthcare Solutions,2.5,141,IT Services & Consulting,Hyderabad
Nesma Trading,4.2,141,Engineering & Construction,Al Khobar
Preet Group,3.8,141,Ghaziabad +9 other locations,
Facilities And Building Solutions,3.7,141,Engineering & Construction,Bengaluru
Luna Technologies Private Liimited,2.8,141,Industrial Automation,Mumbai
Testhouse,4.1,141,IT Services & Consulting,Thiruvananthapuram
Axles India,3.4,141,Auto Components,Chennai
Real Ispat & Power,3.6,141,Power,Raipur
94.3 MY FM,3.5,141,Broadcasting,Jaipur
Krishna Penstone Automotive,3.9,141,Gurugram +10 other locations,
Neo Metaliks,3.6,141,Metals & Mining,Durgapur
Sakal Media Group,3.6,141,Media & Entertainment,Pune
Mobineers Info Systems,4.1,141,IT Services & Consulting,New Delhi
Weir Minerals,4.1,141,Metals & Mining,Bengaluru
Phreesia,2.5,142,Healthcare,Pune
HealthAssure,3.3,141,Healthcare,Mumbai
Crif High Mark Credit Information Services,2.7,141,Analytics & KPO,Pune
Drums Food International,4.6,141,Food Processing,Mumbai
TML Business Services,3.8,141,IT Services & Consulting,Pune
Yasho Industries Limited,3.7,141,Chemicals,Vapi
Autobahn Trucking Corporation,4.1,141,Automobile,Pune
Vista Furnishing Limited,4.1,141,Furniture & Furnishing,Ghaziabad
Ascend Telecom Infrastructure,4.3,141,Telecom,Bengaluru
G7 CR Technologies,2.9,141,IT Services & Consulting,Bengaluru
Shivalik Prints,4.0,141,Fashion & Textile,Faridabad
WAISL,3.9,141,IT Services & Consulting,New Delhi
IIT Kanpur,3.9,142,Education & Training,Kanpur
Dinesh Engineers,3.9,141,Telecom,Mumbai
Azuga Telematics,3.6,141,Software Product,Bengaluru
EZ Works,3.9,141,IT Services & Consulting,Gurugram
Pride Purple Group,4.0,141,Real Estate,Pune
Accumax,3.9,141,Biotechnology,Ahmedabad
Tag Worldwide,3.3,141,Marketing & Advertising,Chennai
The Judge Group,3.2,141,Recruitment,Noida
INDOASIAN,4.1,141,Semiconductors,Noida
Deoleo India Pvt Ltd,4.2,141,FMCG,Mumbai
Prefr,3.8,141,FinTech,Hyderabad
HMT Machine Tools,4.0,140,Industrial Machinery,Hyderabad
Sakthi Finance,3.8,140,Financial Services,Coimbatore
Aravind Eye Hospital,4.1,140,Healthcare,Madurai
iQGateway,4.5,140,IT Services & Consulting,Bengaluru
Viney Corporation,3.8,141,Auto Components,Gurugram
Gapbridge Software Services,3.2,140,IT Services & Consulting,Bengaluru
Marwadi Shares & Finance,4.3,140,Financial Services,Rajkot
Emonics,3.8,140,IT Services & Consulting,Noida
Lycatel BPO,2.7,140,BPO,Chennai
Indus Cosmeceuticals,4.2,140,Beauty & Personal Care,Faridabad
Proziod Analytics,3.5,140,IT Services & Consulting,Bengaluru
Global Consumer Products,4.3,140,FMCG,Bengaluru
Vikram Sarabhai Space Centre,4.3,140,Defence & Aerospace,Thiruvananthapuram
Amalgamated Plantations,3.7,140,Beverage,Kolkata
3 Gen Consulting,3.0,140,Healthcare,Pune
ChicMic,4.1,140,Gaming,Sahibzada Ajit Singh Nagar
Omega Hospitals,4.0,140,Healthcare,Hyderabad
B. E. Billimoria,3.9,140,Engineering & Construction,Mumbai
Walko Qsr Company,3.8,140,FMCG,Pune
Inadev,3.2,140,IT Services & Consulting,Kolkata
Megha Fruit Processing,3.7,140,Hyderabad +40 other locations,
Remsons Industries,3.8,140,Auto Components,Gurugram
Elancer It Solutions,3.0,140,IT Services & Consulting,Hyderabad
Emtec,4.4,140,IT Services & Consulting,Pune
EIH,3.8,140,Hospitality,New Delhi
INDIAN DESIGNS,3.9,140,Fashion & Textile,Bengaluru
42Gears Mobility Systems,3.8,140,Software Product,Bengaluru
Christ University,3.0,140,Education & Training,Bengaluru
Jaypee Infratech,4.0,140,Engineering & Construction,Noida
Shipsy,4.0,140,Software Product,Gurugram
Strata Geosystems,3.7,140,Engineering & Construction,Mumbai
Abs Fujitsu General,3.7,140,Engineering & Construction,Hyderabad
DigiLantern,3.4,140,IT Services & Consulting,Noida
Gemini Consulting & Services,3.6,140,IT Services & Consulting,Hyderabad
SPARX IT Solutions,3.3,140,IT Services & Consulting,Noida
Adani Road Transport,4.4,140,Ahmedabad +26 other locations,
Dana TM4,4.0,141,Power,Pune
Abu Dhabi Commercial Bank,3.4,140,Banking,Mumbai
vConstruct,3.7,140,Engineering & Construction,Pune
Korn Ferry,3.0,140,Management Consulting,Bengaluru
Piramal Group,4.1,140,Financial Services,Mumbai
Novopay Solutions,2.9,140,Software Product,Bengaluru
Yamaha Motors Solutions,3.1,140,IT Services & Consulting,Faridabad
Sarita Handa Exports,3.4,140,Architecture & Interior Design,Gurugram
Zaggle Prepaid Ocean Services,3.0,140,FinTech,Hyderabad
Valmont Structures,3.2,140,Engineering & Construction,Pune
Fia Technology Services,3.5,140,FinTech,Gurugram
R.K. Group,3.3,140,Real Estate,Bengaluru
Visit Health,3.1,141,Biotechnology,Bengaluru
Eris Therapeutics,3.7,140,Pharma,Ahmedabad
DNV,4.0,140,Management Consulting,Pune
K.R.Pulp & Papers,3.2,140,Pulp & Paper,Shahjahanpur
Reynold India,4.6,140,Industrial Machinery,Noida
ClinicAnywhere,3.2,140,Bengaluru +8 other locations,
Affiliated Computer Services,3.6,139,IT Services & Consulting,Bengaluru
Manav Rachna International School,3.6,139,Education & Training,Faridabad
Central Academy School,3.5,139,Education & Training,Jodhpur
Robt Stone (ME) LLC,2.7,139,Oil & Gas,Abu Dhabi
Sterling Accuris Wellness,4.1,139,Healthcare,Ahmedabad
HL Klemove,3.2,139,Automobile,Chennai
Decision Point,3.3,139,Analytics & KPO,Gurugram
Herman Miller,4.3,139,Furniture & Furnishing,Bengaluru
HireRight,3.4,139,Analytics & KPO,Bengaluru
Shyplite,3.8,139,Logistics,New Delhi
Saudi Oger,4.5,139,Engineering & Construction,Riyadh
Mizuho Bank,3.1,139,Banking,Mumbai
IMS Learning Resources,3.8,139,Education & Training,Mumbai
Shahnaz Husain Group Of Companies,3.1,139,Beauty & Personal Care,New Delhi
APEEJAY EDUCATION SOCIETY,3.0,139,Education & Training,New Delhi
Lakshmikumaran & Sridharan,3.5,139,Legal,New Delhi
Rieco Industries,3.0,139,Industrial Machinery,Pune
Chemie Tech,3.5,139,Oil & Gas,Vadodara
Brand Factory,4.7,139,Retail,Mumbai
Century Real Estate,3.7,139,Real Estate,Bengaluru
Comnet Solutions,3.5,139,Telecom,Mumbai
DigiVersal Consultants,3.1,139,Internet,Noida
KLES Dr. Prabhakar Kore Hospital & M.R.C,3.6,139,Healthcare,Belagavi
Tcg Digital Solutions,3.3,139,IT Services & Consulting,Kolkata
Ampcus Tech,4.0,140,Nashik +10 other locations,
ParamInfo,3.1,139,IT Services & Consulting,Hyderabad
NJ Group,3.5,139,Surat +39 other locations,
Urjanet Energy Solutions,3.9,139,IT Services & Consulting,Chennai
COMSTAR AUTOMOTIVE TECHNOLOGIES,3.8,139,Auto Components,Chennai
Sinclus Engineering Consulting,4.1,139,IT Services & Consulting,Mumbai
Spectra Technovision India,3.3,139,Electronics Manufacturing,Ahmedabad
Rare Rabbit,3.6,139,Fashion & Textile,Bengaluru
Altos Global Services,3.7,139,BPO,Noida
Besmak Components,3.9,139,Auto Components,Chennai
Cachet Pharmaceuticals,3.8,139,Pharma,Mumbai
GreenTree Immigration,4.6,139,IT Services & Consulting,Chennai
Shilpa Steel and Power,3.3,139,Iron & Steel,Nagpur
Antal International,3.8,139,Recruitment,Mumbai
Saifee Hospital,3.2,139,Healthcare,Mumbai
Difacto Robotics and Automation,3.8,139,Industrial Automation,Bengaluru
The Hackett Group,3.2,139,IT Services & Consulting,Hyderabad
Perceptive,3.5,139,Clinical Research,Hyderabad
Xoxoday,3.8,139,Software Product,Bengaluru
GEEBEE Education,3.4,139,Education & Training,Mumbai
Vertex Homes,3.1,139,Real Estate,Hyderabad
Enkei Wheels India,3.6,139,Auto Components,Pune
Unislink,3.3,139,Healthcare,Hyderabad
DELTA,4.2,140,Events,Bengaluru
Nesto Hypermarket,3.7,139,Kozhikode +18 other locations,
WebMD,3.2,139,Healthcare,Mumbai
Jolly Containers,3.6,139,Petrochemicals,Daman
Nectar Infotel Solutions,2.9,139,IT Services & Consulting,Pune
Spocto X,3.4,140,Software Product,Mumbai
Solulab inc,3.1,138,IT Services & Consulting,Ahmedabad
Cascade Revenue Management,3.2,138,IT Services & Consulting,Kochi
QUTONE CERAMIC,3.5,138,Building Material,Ahmedabad
Thinkapps Solutions,3.5,138,Recruitment,Mumbai
Octillion Power Systems,4.1,138,Electronics Manufacturing,Pune
A.P.Securitas,4.0,138,Law Enforcement & Security,New Delhi
West Bengal Power Development Corporation,3.8,138,Power,Kolkata
Electrostar Electronics,4.0,138,Noida +57 other locations,
Aditya Birla SunLife Asset Management Company,3.8,138,Financial Services,Mumbai
Tilaknagar Industries Ltd.,3.9,139,Beverage,Mumbai
Omega Elevators,3.9,138,Industrial Machinery,Ahmedabad
SFS Group,3.8,138,Auto Components,Pune
Futuresoft Solutions,3.1,138,IT Services & Consulting,New Delhi
Maintec Technologies,3.7,138,IT Services & Consulting,Bengaluru
P2G Mobilty Tech,4.3,138,Kolkata +22 other locations,
Sunshine Hospitals,4.1,138,Healthcare,Hyderabad
Trell,3.0,138,Internet,Bengaluru
Food Service India,3.9,138,Food Processing,Mumbai
Sagacious IP,3.3,138,Gurugram +5 other locations,
Sangam Dairy,4.1,138,Agriculture,Guntur
Daimler,3.7,138,Automobile,Chennai
GlobeGround India,3.6,138,Aviation,Bengaluru
Hindustan Shipyard,4.1,138,Ports & Shipping,Visakhapatnam
DMI DRAEXLMAIER MANUFACTURING,3.7,138,Industrial Machinery,Pune
Pravin Electricals,4.1,138,Electrical Equipment,Mumbai
Sovereign Pharma,3.9,138,Pharma,Daman
Allzone Management Solutions,4.0,138,Healthcare,Chennai
Alliance Group,4.0,138,Real Estate,Chennai
Ramdev Food Products,4.5,138,Food Processing,Ahmedabad
Mangalam Information Technolgies,3.3,138,IT Services & Consulting,Ahmedabad
VaaaN Infra,3.2,138,Urban Transport,New Delhi
Idea Infinity IT Solutions,3.0,138,IT Services & Consulting,Bengaluru
HealthSpring,2.8,138,Fitness & Wellness,Mumbai
Duroply Industries,3.8,138,Building Material,New Delhi
Sugam Homes,4.5,138,Real Estate,Kolkata
Oman Shapoorji Llc,3.5,138,Engineering & Construction,Muscat
EDUGORILLA COMMUNITY,3.3,138,Education & Training,Lucknow
Cherise India,3.7,138,Beverage,Pune
Protiviti Consulting,2.9,138,Management Consulting,Gurugram
Sumitomo Mitsui Banking Corporation,2.7,139,Financial Services,New Delhi
Rural Electrification Corporation,3.7,138,Power,New Delhi
Kruger Ventilation Industries,3.5,138,Industrial Machinery,Mumbai
Biodeal Pharmaceuticals Limited,4.1,138,Pharma,Noida
Mallcom,3.9,138,BPO,Kolkata
DWD Pharmaceuticals,3.4,138,Pharma,Vadodara
Anand Engineering Products,3.1,138,Engineering & Construction,Tiruchirappalli
PressureJet Systems Pvt. Ltd.,4.0,138,Industrial Machinery,Ahmedabad
Andhra Pradesh Grama/Ward Sachivalayam,4.1,138,Government,Hyderabad
Modern Foods,3.7,137,Food Processing,Chennai
Ashland,4.1,137,Chemicals,Hyderabad
Jss Pro Services,3.9,137,Financial Services,Hyderabad
Cococart Ventures,3.5,137,Mumbai +19 other locations,
AIDA Cruises,3.5,137,Travel & Tourism,Mumbai
XSEED Education,2.7,138,EdTech,Bengaluru
Panda Retail Company,4.3,137,Retail,Bhubaneswar
Axis Clinicals,4.1,137,Clinical Research,Hyderabad
Nucsoft,2.7,137,IT Services & Consulting,Mumbai
Prothious Engineering Services,2.8,137,Design,Chennai
Datwyler Group,3.9,137,Pharma,Pune
Weavetex Overseas,3.7,137,Fashion & Textile,New Delhi
Digicommerce Solutions LLP,4.6,137,Internet,Noida
Glocal Healthcare Systems,3.3,137,Healthcare,Kolkata
Rockwell Industries,3.4,137,Electronics Manufacturing,Hyderabad
Smile Electronics,3.6,138,Electronics Manufacturing,Bengaluru
Voltech Hr Services,3.3,137,Recruitment,Chennai
MAJID AL FUTTAIM RETAIL,3.1,137,Retail,Gurugram
Times Network,3.1,137,Broadcasting,Mumbai
Csc Computer Education,4.5,137,Education & Training,Chennai
Yahoo,4.3,137,Internet,Bengaluru
EMPClaims,4.1,138,Ahmedabad +5 other locations,
Phoenix Marketcity,3.8,137,Retail,Mumbai
Transformers & Rectifiers (India),4.1,137,Electrical Equipment,Ahmedabad
Serdia Pharmaceuticals,3.7,137,Pharma,Mumbai
UTI Mutual Fund,3.8,137,Financial Services,Mumbai
MGM Healthcare,3.9,137,Healthcare,Chennai
Wings Pharmaceuticals,3.1,137,Pharma,New Delhi
Mantle Solutions,3.2,137,IT Services & Consulting,Kochi
Alter Domus,3.0,137,Financial Services,Hyderabad
Rinac India Limited,3.9,137,Engineering & Construction,Bengaluru
Gigmo Solutions,3.4,137,IT Services & Consulting,Gurugram
Accurate Background,3.5,137,Recruitment,Mumbai
Signals & Systems (India) Private Limited,3.9,137,Electronics Manufacturing,Chennai
Speciality Restaurants,4.0,137,Hospitality,Mumbai
Jayabheri Automotives,4.0,137,Engineering & Construction,Visakhapatnam
Viztar International,3.4,137,Education & Training,Mumbai
RELX Group,3.5,137,Analytics & KPO,Chennai
Indian Potash,3.6,137,Agro Chemicals,Muzaffarnagar
Marquis Technologies,3.2,137,IT Services & Consulting,Mumbai
Just Dogs,3.4,137,Internet,Ahmedabad
Tata Trusts,4.3,136,Non-Profit,Mumbai
PhableCare,2.8,136,Internet,Bengaluru
Dunkin' Donuts,3.7,136,Hospitality,New Delhi
CriticaLog India Private Limited,4.1,136,Logistics,Bengaluru
ALOIS Solutions,3.7,137,IT Services & Consulting,Vadodara
Farida Group,3.8,136,Leather,Chennai
Bansal Classes,3.3,136,Education & Training,Pune
Xihi Technology,3.5,136,Electronics Manufacturing,Noida
ClinChoice,3.8,136,Clinical Research,Bengaluru
Medanta S.N. Superspecialty Hospital,4.1,136,Healthcare,Gurugram
Hitachi Automotive Systems,4.2,136,Auto Components,Chennai
Norwegian Cruise Line,4.2,136,Travel & Tourism,Mumbai
Manpasand Beverages,3.8,136,Beverage,Vadodara
Apex Kidney Care,3.8,136,Healthcare,Mumbai
Tafe Access,3.8,136,Automobile,Chennai
Sourcedesk,4.1,137,IT Services & Consulting,Kolkata
Mochiko Shoes,3.6,136,Fashion & Textile,Dehradun
AstraGen,3.5,136,EdTech,Vijayawada
Infotech,4.3,136,IT Services & Consulting,Hyderabad
Insurance Company,4.1,136,New Delhi +53 other locations,
Mutual Industries,3.2,136,Petrochemicals,Mumbai
Crimsoune Club,3.8,136,Fashion & Textile,New Delhi
Fixderma,3.6,136,Beauty & Personal Care,Gurugram
Ind Synergy,3.9,136,Engineering & Construction,Raigarh
Fragma Data Systems,3.9,136,IT Services & Consulting,Bengaluru
FundsIndia,3.0,136,FinTech,Chennai
Shalimar Group,4.1,136,Building Material,Lucknow
Tokai Rika Minda,3.6,136,Semiconductors,Bengaluru
SAG Infotech,3.5,136,IT Services & Consulting,Jaipur
Benteler Automotive,4.2,136,Electronics Manufacturing,Pune
Multi Mantech International,2.7,139,Engineering & Construction,Ahmedabad
Adamas University,2.9,136,Education & Training,Kolkata
Glen Appliances,4.1,136,Consumer Electronics & Appliances,Faridabad
Orris Infrastructure,4.1,136,Real Estate,Gurugram
Svarn Infratel,3.5,136,Hardware & Networking,Faridabad
Hemani Industries,3.6,136,Agro Chemicals,Bharuch
Fipola Retail,3.7,136,Food Processing,Chennai
Oxalis Pharmaceuticals,3.8,136,Pharma,Baddi
Khandelwal Laboratories,4.1,136,Pharma,Mumbai
The West Coast Paper Mills,3.6,136,Pulp & Paper,Dandeli
Institute of Chemical Technology,4.1,136,Mumbai +31 other locations,
EasyRewardz Software Services,2.8,136,IT Services & Consulting,Gurugram
Lectrix Ev,3.6,136,Gurugram +15 other locations,
Ashok Iron Group,3.6,136,Iron & Steel,Belagavi
Anjan Drug,3.2,136,Pharma,Chennai
Pratiti Technologies,3.3,136,Software Product,Pune
Arbro Pharmaceuticals,3.8,137,Pharma,New Delhi
CASHe,3.3,136,Financial Services,Mumbai
Boyen Haddin,3.4,136,Recruitment,Mumbai
Sanathan Textiles,4.2,136,Fashion & Textile,Dadra
Grew Energy,4.2,137,Power,Jaipur
HP ADHESIVES,3.9,136,Chemicals,Mumbai
FIL Industries,3.2,136,Chemicals,Srinagar
Express KCS,3.6,136,Marketing & Advertising,New Delhi
Continental Coffee,4.1,136,Food Processing,Hyderabad
Digital Nirvana Information Systems,3.6,136,Software Product,Hyderabad
Vishakha Glass,4.0,136,Mundra +11 other locations,
Linamar,3.7,136,Pune +4 other locations,
GadgEon,4.0,136,IT Services & Consulting,Kochi
Star Estate,4.0,137,Real Estate,Noida
KWALITY DAIRY (INDIA),3.9,135,FMCG,New Delhi
Harley-Davidson,3.3,135,Automobile,Gurugram
FabAlley,3.9,135,Retail,Noida
Qbss,3.8,135,IT Services & Consulting,Coimbatore
Kimia Biosciences Limited,3.5,135,Pharma,Gurugram
API Holdings,3.6,136,Fitness & Wellness,Mumbai
Electronics for Imaging,3.9,135,Printing & Publishing,Bengaluru
Pyro Group,3.5,135,Telecom,Hyderabad
Intact Green Services,3.4,135,Urban Transport,Bengaluru
Sigma,3.9,135,Pharma,Pune
Kalyaniwalla & Mistry,3.4,135,Accounting & Auditing,Mumbai
Dangote Industries,4.2,135,Building Material,Lagos
IPAC,3.1,135,Retail,Kolkata
Hawa Valves,3.1,135,Oil & Gas,Mumbai
Marino Food Products,3.9,135,Food Processing,Hyderabad
Vkc Nuts,,--,Food Processing,Noida
MeritTrac,3.7,135,EdTech,Bengaluru
RAMADA PLAZA,4.1,135,Hospitality,Chennai
Eptisa,3.5,136,Engineering & Construction,Kolkata
Aqua Group,4.1,135,Industrial Machinery,Coimbatore
J. M. Mhatre Infra,4.0,135,Engineering & Construction,Navi Mumbai
Quatrro Mortgage Solutions,3.1,135,Financial Services,Mumbai
Supriya Lifescience,3.7,135,Pharma,Chiplun
Unique Infra Engineering India Private Limited,3.0,135,Engineering & Construction,Lucknow
Stemmons Business Services,4.1,135,BPO,Vadodara
Yulu Bikes,4.0,135,Internet,Bengaluru
GlowTouch Technologies,3.0,135,BPO,Mangaluru
AXA,3.8,135,Insurance,Bengaluru
Infinity Fincorp Solutions,4.3,135,Mumbai +55 other locations,
LNJ Bhilwara Group,3.6,135,Fashion & Textile,Noida
Sarda Metals & Alloys,4.0,135,Metals & Mining,Visakhapatnam
Growisto,4.2,135,Marketing & Advertising,Mumbai
Homeocare International,3.5,135,Healthcare,Hyderabad
AIT Global,3.1,135,IT Services & Consulting,Pune
Uttar Pradesh Jal Nigam,4.0,135,Government,Lucknow
Monotech Systems,3.5,135,Printing & Publishing,Chennai
Sanzyme,3.7,135,Biotechnology,Hyderabad
Kiran Motors,3.5,135,Auto Components,Ahmedabad
Bar Code India,3.6,135,Industrial Automation,Gurugram
Calling 24o7 Bpo Services,3.8,135,BPO,Pune
Aurore Life Sciences,3.1,135,Pharma,Hyderabad
Shri Ram Murti Smarak Institute of Medical Sciences,3.5,135,Education & Training,Bareilly
Oriental Consultants India Pvt Ltd,3.9,135,Engineering & Construction,New Delhi
Telegence Powercomm,3.4,135,Engineering & Construction,Vadodara
PCS-Global,3.8,135,Education & Training,Kolkata
Bristol Healthcare Services,3.1,135,BPO,Chennai
Walkin Manpower Solution,4.4,135,New Delhi +6 other locations,
Hicool Electronic Industries,3.9,136,Electrical Equipment,Pune
Synthimed Labs,3.6,135,Pharma,Chandigarh
Sanjay Ghodawat Group,3.5,135,FMCG,Kolhapur
Dachser,3.8,135,Logistics,Mumbai
THDC,4.0,135,Government,Rishikesh
ATPI,3.8,135,Travel & Tourism,Mumbai
Applied Cloud Computing,2.3,136,IT Services & Consulting,Mumbai
Foxlink India Electric,3.6,136,Electronics Manufacturing,Tirupati
Lloyds Engineering Works Limited,4.1,135,Industrial Machinery,Mumbai
Hailstone Innovations,4.1,135,Industrial Machinery,Palakkad
Sureworks Infotech Pvt. Ltd.,4.3,135,IT Services & Consulting,Bengaluru
Keya Foods International Private Limited,4.1,135,Hospitality,Mumbai
Total Shipping & Logistics,2.9,135,Logistics,Mumbai
Minimalist,3.6,137,Internet,Jaipur
Lalbaba Engineering Limited,3.4,135,Industrial Machinery,Kolkata
Mytrah Energy,4.2,134,Power,Hyderabad
Gillette,4.3,134,FMCG,Bhiwadi
MK TRON Autoparts,3.5,134,Auto Components,Chennai
Urbanpro,3.6,134,EdTech,Bengaluru
Argl,4.0,134,Gurugram +8 other locations,
ToXSL Technologies,3.9,134,IT Services & Consulting,Sahibzada Ajit Singh Nagar
Chemspec Chemicals Pvt Ltd,3.6,134,Chemicals,Mumbai
Eastman Cast & Forge,3.1,134,Industrial Machinery,Ludhiana
Annet Technologies,3.7,135,Software Product,Mumbai
Garuda Aerospace,3.3,134,Internet,Chennai
Century Rayon,3.9,134,Fashion & Textile,Mumbai
Devgiri Forgings,3.5,134,Industrial Machinery,Chhatrapati Sambhajinagar
Appy Pie,3.7,134,IT Services & Consulting,Noida
Securonix,2.6,134,Internet,Bengaluru
Kusalava International,3.7,134,Industrial Machinery,Vijayawada
D Light Energy,3.6,134,Waste Management,Gurugram
Toyoda Gosei South India,4.1,134,Automobile,Bengaluru
PrimeXBT,4.6,134,FinTech,London
Ebix Smartclass Educational Services,4.0,134,EdTech,New Delhi
Planet EDU,3.2,134,EdTech,Gurugram
Hansa Research Group,3.8,134,Analytics & KPO,Mumbai
S K Samanta & Co,3.5,134,Engineering & Construction,Kolkata
Ascentrik Research Services,1.9,134,IT Services & Consulting,Pune
The Nuance Group AG,4.3,134,IT Services & Consulting,Bengaluru
Global FPO,3.5,135,Accounting & Auditing,New Delhi
C2L BIZ,3.1,134,Internet,Mumbai
Njs Engineers India,4.0,134,Waste Management,New Delhi
Noble Hospital,3.8,134,Healthcare,Pune
Syncom Formulations India,3.0,134,Pharma,Indore
Aryan International,3.3,134,Mumbai +31 other locations,
Juego Studios,4.1,134,Gaming,Bengaluru
Maharashtra Rail Infrastructure Development Corporation,3.7,134,Government,Mumbai
Facile Services,2.7,134,IT Services & Consulting,Pune
KION India,3.5,134,Industrial Machinery,Pune
Fiverr Inc.,4.4,134,Internet,New Delhi
Prabha Industries,4.0,134,Chemicals,Bengaluru
Appcino Technologies,3.4,134,IT Services & Consulting,Jaipur
BNB Groupe,3.2,135,Retail,Ahmedabad
Ata Freight Line,3.3,134,Logistics,Pune
Ace Creative Learning,3.8,134,Design,Bengaluru
Rashi Peripherals,3.6,134,IT Services & Consulting,Mumbai
SBM Offshore,4.4,134,Oil & Gas,Bengaluru
Xerago,3.0,134,Marketing & Advertising,Chennai
Nxtgen Datacenter Cloud Technologies,3.2,134,IT Services & Consulting,Bengaluru
Consolidated Analytics,3.9,134,Software Product,Chennai
Dietech India,3.9,134,Industrial Machinery,Chennai
91Squarefeet,3.3,134,Internet,Gurugram
Astro Arun Pandit,3.6,134,Noida +3 other locations,
Nuvama Wealth Management,3.5,134,Financial Services,Mumbai
APC By Schneider Electric,4.4,133,Electrical Equipment,Bengaluru
DAEWOO E&C,4.2,133,Engineering & Construction,Patna
Distacart,4.6,133,Internet,Hyderabad
Aza Fashions,3.7,133,Fashion & Textile,Mumbai
31 Parallel,1.9,133,BPO,Shimla
Global Market Insights,3.2,133,Analytics & KPO,Pune
Maharashtra Natural GAS,3.1,133,Oil & Gas,Pune
Press Fit Pipe And Profile,4.1,133,Building Material,Mumbai
Accountant Anywhere Services,4.2,133,BPO,Pune
Elite Powertech,4.0,133,Power,New Delhi
Perennial Systems,4.2,133,IT Services & Consulting,Pune
Scott Edil Pharmacia,3.4,134,Pharma,Baddi
Auma,3.5,133,Industrial Automation,Bengaluru
Ameriprise India,3.5,133,Financial Services,Gurugram
DSM,3.9,133,Chemicals,Hyderabad
IJM (India) Infrastructure,4.1,133,Engineering & Construction,Hyderabad
Civet Projects,4.1,133,Engineering & Construction,Hyderabad
HashCash Consultants,3.5,133,Software Product,Kolkata
Shree Malani Foams,3.9,134,Hyderabad +14 other locations,
Eduquity Career Technologies,3.2,133,Recruitment,Bengaluru
ADM India,4.1,133,Food Processing,Bengaluru
LIC Mutual Fund,3.7,133,Financial Services,Mumbai
TetraSoft,3.7,133,IT Services & Consulting,Hyderabad
Indo-Tibetan Border Police,4.6,133,Government,New Delhi
Mangalam Drugs & Organics,3.6,133,Pharma,Vapi
Paradigm Realty,4.0,133,Real Estate,Mumbai
TYPSA,3.3,133,Engineering & Construction,Gurugram
Reliable Business Solutions & Services,2.9,133,BPO,Mumbai
Lineomatic Industries Pvt. Ltd.,3.6,133,Pulp & Paper,Ahmedabad
FNF India,3.9,133,IT Services & Consulting,Bengaluru
TechNova Imaging Systems,4.0,133,Printing & Publishing,Mumbai
Outlier,3.9,133,Emerging Technologies,Bengaluru
Viveks,3.9,133,Retail,Chennai
SAGE Automation,4.2,133,Industrial Automation,Pune
MindSquare Technologies,4.5,133,IT Services & Consulting,Bengaluru
Sai Construction,3.6,133,Engineering & Construction,Bengaluru
Refex Industries,3.7,133,NBFC,Chennai
Narayana Superspeciality Hospital,4.0,133,Healthcare,Kolkata
Eco Protection Engineers,4.2,133,Engineering & Construction,Chennai
The George Telegraph Training Institute,2.9,133,Education & Training,Kolkata
HyTech Professionals,3.2,133,IT Services & Consulting,Noida
Shree Maruti Integrated Logistics,3.5,134,Ahmedabad +33 other locations,
Comau,3.4,134,Industrial Automation,Pune
iB Arts,3.9,133,IT Services & Consulting,Kolkata
R-pac,3.2,133,Packaging,Mumbai
PlasmaGen Biosciences,3.6,133,Pharma,Bengaluru
Idom,4.1,134,Engineering & Construction,New Delhi
Equinix,3.2,133,IT Services & Consulting,Bengaluru
PPS International,3.7,133,Industrial Machinery,Greater Noida
Fertilisers and Chemicals Travancore,4.1,133,Agro Chemicals,Kochi
SVP Hospital,4.1,133,Government,Ahmedabad
Full Creative,3.4,133,Software Product,Chennai
Emrill Services LLC,4.0,133,Facility Management Services,Dubai
Nestor Pharmaceuticals,2.7,133,Pharma,Faridabad
Hitachi Solutions,3.7,133,IT Services & Consulting,Pune
Robinhood Insurance Broker Limited,3.0,134,Insurance,Mumbai
FBSPL- Fusion Business Solution P Limited,3.4,133,BPO,Udaipur
Obeetee,4.0,133,Fashion & Textile,Panipat
Bigshare Services,2.7,133,Legal,Mumbai
CDYMAX,3.4,133,Pharma,Bengaluru
Globsyn Business School,4.3,132,Education & Training,Kolkata
Basix,4.4,132,Financial Services,Hyderabad
Leonia Holistic Destination,3.8,132,Hospitality,Hyderabad
A.K.AUTOMATICS,3.7,132,Auto Components,Rohtak
Sathya Agencies,4.0,132,Consumer Electronics & Appliances,Chennai
Ptc Industries,3.6,132,Iron & Steel,Lucknow
Siemens Industry Software (India),4.2,132,Industrial Automation,Pune
Gracenote,3.5,132,Media & Entertainment,Mumbai
Superon Schweisstechnik India,3.9,132,Electronics Manufacturing,Gurugram
Inspace Technologies,3.7,132,Software Product,Chennai
Global Cloud Xchange,3.2,132,Telecom,Mumbai
Secure Network Solutions,4.3,132,IT Services & Consulting,Chennai
Pune Institute of Business Management,2.8,132,Education & Training,Pune
Connect India E Commerce Services,2.8,132,Logistics,Bengaluru
Inorbvict Healthcare,3.9,133,Medical Equipment,Pune
CamelQ Software Solutions,4.0,132,Software Product,Hyderabad
Life Care Logistic,3.2,132,Pune +22 other locations,
Ardom Towergen,3.6,132,Telecom,Gurugram
Maire Tecnimont,4.1,132,Engineering & Construction,Mumbai
Dhanlaxmi Bank,4.1,132,Banking,Thrissur
Nethues Technologies,3.2,132,IT Services & Consulting,New Delhi
Beyondriffs,4.6,132,Education & Training,Ghaziabad
Mac Chem Products,3.0,133,Pharma,Mumbai
Delhi Public School Ghaziabad Society,3.3,132,Education & Training,New Delhi
Ethos,3.0,132,Metals & Mining,New Delhi
Koso India,4.1,132,Industrial Automation,Nashik
Rentokil Initial,3.4,132,Agro Chemicals,Mumbai
Choice Solutions (India),3.6,132,IT Services & Consulting,Hyderabad
Tranistics Data Technologies,3.4,132,Software Product,Kolkata
Snovasys,4.5,132,IT Services & Consulting,Hyderabad
Rollick Ice Cream,4.0,132,Hospitality,Kolkata
EOX Vantage,3.1,132,Software Product,Bengaluru
Snowcem Paints,4.3,132,Building Material,Mumbai
Vertoz,3.4,132,Marketing & Advertising,Mumbai
Cambridge Technology Enterprises,3.2,132,IT Services & Consulting,Hyderabad
Mitel,3.7,132,Telecom,Bengaluru
Defsys Solutions,3.9,133,Defence & Aerospace,Gurugram
Internship Studio,4.1,132,Pune +29 other locations,
Earlyjobs,4.8,132,Recruitment,Bengaluru
Mindrill Systems Solutions,3.5,132,Industrial Machinery,Kolkata
Central ParK,4.1,132,Real Estate,Gurugram
Naresh Kumar & Co.,4.2,132,Urban Transport,Jamshedpur
Babaji Shivram Clearing & Carriers,3.2,132,Logistics,Mumbai
Paras Buildtech,3.7,132,Real Estate,Gurugram
Tecnics Integration Technologies,3.3,132,Software Product,Hyderabad
CORNITOS,4.2,132,FMCG,Roorkee
Seoyon E-HWA Summit,3.2,132,Auto Components,Anantapur
Vi-son Industries,3.4,132,Industrial Machinery,Pune
Apeejay Surrendra Group,3.6,132,Hospitality,Kolkata
Vhb Medi Sciences,3.3,132,Pharma,Rudrapur
StayVista,4.4,133,Travel & Tourism,Mumbai
Garrett - Advancing Motion,3.0,132,Auto Components,Pune
Footprints Play School,3.3,132,Education & Training,New Delhi
Zelis,3.8,132,Healthcare,Hyderabad
Envision Overseas Education Consultants,4.0,131,Mumbai +7 other locations,
Pan Seeds,3.7,131,Agriculture,Kolkata
Lion Services,3.7,131,Facility Management Services,New Delhi
Nucot,4.6,131,Recruitment,Bengaluru
Bansal Wire Industries,3.4,131,Iron & Steel,Ghaziabad
Dsm Shared Services India,4.0,131,Chemicals,Hyderabad
eNTrust Software & Services,3.5,131,Software Product,Chennai
Hager Electro,3.2,131,Electrical Equipment,Pune
Eaton Industrial Systems,4.2,131,Industrial Machinery,Pune
Eye7 Chaudhary Eye Centre,2.9,131,Healthcare,New Delhi
Aqua Tech Systems,4.2,132,Power,Pune
Amol Pharmaceuticals,4.0,132,Pharma,Jaipur
BuyMore,4.1,131,Internet,Bengaluru
Metalman Microturners,3.8,131,Metals & Mining,Rudrapur
Camp K-12,3.3,131,EdTech,Gurugram
ECS | Enterprise Change Specialists,4.3,131,IT Services & Consulting,Hyderabad
Gulshan Homz,4.0,131,Real Estate,Noida
Tirupati Life Sciences,4.2,131,Pharma,Paonta Sahib
Amrita Vidyalayam,3.4,132,Education & Training,Chennai
M3bi,4.1,131,IT Services & Consulting,Hyderabad
ANY Graphics,3.8,131,Printing & Publishing,Noida
Lee & Nee Softwares Exports,3.8,131,Software Product,Kolkata
Kintetsu World Express,4.1,131,Logistics,Hyderabad
Dayanand Medical College & Hospital,3.7,132,Healthcare,Ludhiana
Anik Milk Products,3.6,131,FMCG,Indore
GoApptiv,4.1,131,Mumbai +48 other locations,
Swarovski India,4.1,131,Jewellery,Pune
Riello Power India,3.7,131,Electronics Manufacturing,Gurugram
Zieta Technologies,3.2,131,IT Services & Consulting,Bengaluru
Intelegencia,3.3,131,IT Services & Consulting,Noida
ICSIL,3.3,131,Telecom,New Delhi
Abacus Staffing & Services,3.1,131,Recruitment,Hyderabad
cloudEQ,3.4,131,IT Services & Consulting,Chandigarh
Tekshapers Software Solutions,3.2,131,IT Services & Consulting,Noida
SA Technologies,3.0,131,IT Services & Consulting,Pune
I.T. Solutions India Private Limited,3.4,131,IT Services & Consulting,New Delhi
Nians,3.8,131,IT Services & Consulting,Gurugram
SMARTe,3.7,131,IT Services & Consulting,Mumbai
Oorja Technical Services,4.0,131,Electrical Equipment,Indore
Kin Marché,4.0,132,Retail,Kinshasa
Volansys Technologies,3.0,131,IT Services & Consulting,Ahmedabad
Mahalakshmi Profiles Private Limited,3.6,131,Iron & Steel,Hyderabad
FirstMeridian Business Services,3.6,131,Recruitment,Bengaluru
Saya homes,3.9,131,Real Estate,Noida
Openview Technologies,3.4,131,IT Services & Consulting,Pune
Baker Gauges,3.5,131,Semiconductors,Pune
NTN NEI Manufacturing,4.0,131,Automobile,Chennai
Tema India,4.1,131,Oil & Gas,Mumbai
AutomationEdge,2.8,131,IT Services & Consulting,Pune
Foodhub,3.3,131,Software Product,Chennai
RPG Group,3.5,131,Engineering & Construction,Mumbai
Tricon Infotech,3.5,131,IT Services & Consulting,Bengaluru
TAM Media Research,3.0,131,Analytics & KPO,Vadodara
Fairmont Hotels & Resorts,3.8,132,Hospitality,Jaipur
Cello,3.7,131,Retail,Mumbai
Eximietas Design,4.1,132,Emerging Technologies,Bengaluru
Ruban Memorial Hospital,3.7,131,Healthcare,Patna
OCS Services,4.4,131,Oil & Gas,Mumbai
Saurer,3.8,131,Financial Services,Vadodara
Spardha School of Music,4.3,131,Pune +2 other locations,
SAL Automotive,3.6,132,Auto Components,Nabha
Aries Agro,4.2,131,Agro Chemicals,Mumbai
NirogStreet,3.1,132,Internet,New Delhi
AVON TUBETECH,3.4,131,Iron & Steel,Faridabad
Al Fara'a Group,3.1,131,Engineering & Construction,Mumbai
TechBlocks,3.1,131,IT Services & Consulting,Hyderabad
Paharpur 3P,4.2,131,Packaging,Ghaziabad
Paramount Products,4.2,131,Import & Export,New Delhi
Sids Farm,3.1,131,Food Processing,Hyderabad
International Institute of SDG's and Public Policy Research,4.7,131,New Delhi +6 other locations,
Ferromatik Milacron,3.5,131,Industrial Machinery,Ahmedabad
TalentSprint,4.0,130,Hyderabad +4 other locations,
BMA Wealth Creators,4.4,130,Financial Services,Kolkata
Arrivae,3.3,130,Mumbai +13 other locations,
Flyweis Technology,4.2,130,IT Services & Consulting,Noida
Sical Logistics,4.2,130,Logistics,Bengaluru
Schiller Healthcare India,3.6,130,Medical Equipment,Mumbai
Bansal Group,3.5,130,Education & Training,Bhopal
Techavera Solutions,4.2,130,Education & Training,Noida
PATH India,4.1,130,Industrial Automation,Indore
ZestMoney,4.0,130,FinTech,Bengaluru
FrontierWox Tech,4.5,130,IT Services & Consulting,Tiruchirappalli
Rahman Industries,3.7,130,Fashion & Textile,Kanpur
PAVIT CERAMICS ( P),3.4,130,Building Material,Ahmedabad
SATTRIX Information Security,2.8,130,IT Services & Consulting,Ahmedabad
Gainsight,4.0,130,IT Services & Consulting,Hyderabad
INVESMATE,3.8,130,Education & Training,Kolkata
Valtech India Systems,3.8,130,IT Services & Consulting,Bengaluru
myTectra,3.1,130,Education & Training,Bengaluru
RFCL,3.6,130,Agro Chemicals,Ramagundam
Lakshya Powertech Limited,3.9,130,Ahmedabad +16 other locations,
Trangile Services,4.5,130,IT Services & Consulting,Noida
Tata Motors Insurance Broking And Advisory Services,3.7,130,Insurance,Mumbai
Dasnac,4.5,130,Real Estate,New Delhi
ImagicaaWorld Entertainment Limited,3.5,130,Events,Mumbai
Ajnara India,3.5,130,Real Estate,Noida
Nation with NaMo,2.5,130,Non-Profit,New Delhi
Forace Polymers,3.2,130,Chemicals,Haridwar
M G Contractors,4.5,130,Engineering & Construction,Panchkula
Jindal Water Infrastructure,3.7,130,Waste Management,New Delhi
Same Deutz-fahr,3.7,130,Industrial Machinery,Vellore
Forever New,3.9,130,Retail,Gurugram
Manali Petrochemicals,3.2,130,Chemicals,Chennai
Doosan Bobcat India,3.9,130,Industrial Machinery,Chennai
Gmr Aero Technic,4.3,130,Aviation,Hyderabad
Dentcare Dental Lab,3.8,130,Medical Equipment,Kochi
AKGVG & Associates,3.3,130,Accounting & Auditing,New Delhi
Rajagiri Hospital,4.2,130,Healthcare,Kochi
MOVIN,3.7,130,Gurugram +13 other locations,
Labvantage Solutions,3.7,131,Software Product,Kolkata
Integrated Cleanroom Technologies,4.0,130,Facility Management Services,Hyderabad
Sonepar,4.3,130,Other,Gurugram
Ocube Services,3.0,130,BPO,Noida
Nims Hospital,3.7,130,Healthcare,Jaipur
Planedge Consultants,3.3,130,Management Consulting,Pune
Turner International,4.0,131,Engineering & Construction,Mumbai
Synergy Systems & Solutions,3.9,130,Industrial Automation,Faridabad
Doehler,3.6,130,IT Services & Consulting,Pune
IG Infotech India,2.9,130,IT Services & Consulting,Bengaluru
Srinivasa Farms,3.7,130,Food Processing,Hyderabad
Desnor Destination,4.3,129,Noida +2 other locations,
CNS Comnet,4.1,129,BPO,Gurugram
Acent High Soft Technologies,4.6,129,Recruitment,Noida
DUKES,3.9,130,Hospitality,Hyderabad
INFOCRUNCH ANALYTICS,3.0,129,Analytics & KPO,New Delhi
Dr. D.Y.Patil Hospital & Research Centre,3.9,130,Healthcare,Pune
Gamma Process Hub,3.6,129,BPO,Chennai
Nissin Abc Logistics,4.0,129,Logistics,Gurugram
Veena Developers,4.1,129,Real Estate,Mumbai
Axtel Industries,4.0,129,Industrial Machinery,Vadodara
Ageis,3.7,129,Emerging Technologies,Bengaluru
Growel Softech,3.0,129,Recruitment,Pune
NETPLUS Broadband Services,3.7,130,Telecom,Ludhiana
POWERCON Ventures India,3.7,131,Power,Pune
Valu Connex Telecom Services Private,4.4,129,Telecom,New Delhi
Doshion,3.6,129,Waste Management,Ahmedabad
Shri Ram ComSoft Pvt Ltd - SRCOMSOFT,3.0,129,IT Services & Consulting,Jabalpur
Tide Water Oil,3.8,129,Oil & Gas,Kolkata
JS Auto Cast Foundry,3.8,129,Coimbatore +4 other locations,
Channel Soft,3.7,129,IT Services & Consulting,Vijayawada
20 Microns,3.8,130,Chemicals,Vadodara
Holcim Global Hub Business Services,4.2,130,IT Services & Consulting,Mumbai
SAN Engineering & Locomotive,3.8,129,Industrial Machinery,Bengaluru
Hellmann Worldwide Logistics,3.9,129,Logistics,Chennai
Minosha,4.0,129,Hardware & Networking,New Delhi
Ice Mortgage Technology,3.3,129,Software Product,Pune
Mahansaria Group,3.4,129,Auto Components,Bharuch
Bizmatics India,3.2,129,Software Product,Mumbai
Alexis Global,3.7,129,Logistics,New Delhi
Zopsmart Technology,3.2,129,Software Product,Bengaluru
Smart IMS,4.0,130,IT Services & Consulting,Hyderabad
Navi Finserv,3.3,130,Bengaluru +16 other locations,
Numbertree LLP,3.3,129,Accounting & Auditing,New Delhi
Beroe Inc,4.1,129,Management Consulting,Chennai
Amplifon,4.0,129,Medical Equipment,Gurugram
MotivityLabs,3.1,129,IT Services & Consulting,Hyderabad
IVY SOFTWARE DEVELOPMENT SERVICES,3.9,129,IT Services & Consulting,Hyderabad
Auriga Research,2.7,129,Analytics & KPO,Bengaluru
Techila Global Services,3.5,129,IT Services & Consulting,Pune
Tex Corp.,3.7,129,Fashion & Textile,Gurugram
Risebird Talent Solutions,3.8,129,Recruitment,Noida
Fortune Business Insights,3.4,129,Analytics & KPO,Pune
Krishna Enterprises,3.8,129,Industrial Machinery,Faridabad
Dembla Valves,3.7,129,Industrial Machinery,Mumbai
The AEC Associates,4.4,129,Engineering & Construction,Noida
Coupa Software Inc,3.3,129,IT Services & Consulting,Pune
Amwaj Catering Services,3.8,129,Hospitality,Doha
Packt Publishing,3.0,129,Printing & Publishing,Mumbai
Crane Process Flow Technologies India,3.3,129,Industrial Machinery,Pune
AGI Greenpac,3.9,129,Packaging,Hyderabad
Sterling Manufacturing Company,3.7,129,Industrial Machinery,Gurugram
Sadara Chemical Company,4.0,128,Chemicals,Al Jubail
GE Capital,4.4,128,Financial Services,Gurugram
Galore Networks,2.7,128,IT Services & Consulting,Chennai
Merck Specialities,4.1,128,Pharma,Bengaluru
MAP Systems,2.8,128,IT Services & Consulting,Bengaluru
Siec Education,2.7,128,Recruitment,New Delhi
Al Hassan Engineering Company SAOG,3.8,128,Engineering & Construction,Muscat
GetMyUni,3.3,128,Education & Training,Bengaluru
NEXA Service,4.1,128,Automobile,Hyderabad
BL Lifesciences,3.2,128,Medical Equipment,New Delhi
ABIL Group,4.3,128,Real Estate,Pune
IndiaCan,4.8,128,EdTech,New Delhi
Welcomhotel By ITC Hotels,4.3,128,Hospitality,New Delhi
Vedang Radio Technology,4.2,128,Telecom,Mumbai
C-Square Info Solutions,3.5,128,IT Services & Consulting,Bengaluru
Omni Hospital,3.7,128,Healthcare,Hyderabad
Indian Acrylics,3.9,128,Chemicals,Sangrur
Ganga Medical Centre & Hospitals,4.1,128,Healthcare,Coimbatore
Fourth Dimension Technologies,3.3,129,IT Services & Consulting,Chennai
College Of Education,4.4,128,Education & Training,Hyderabad
T & T Infra,4.0,128,Engineering & Construction,Pune
Jain Amar,3.0,129,Retail,Ludhiana
Shri Bhagwati Machines Pvt. Ltd.,3.7,128,Industrial Machinery,Ajmer
WonderBotz,3.9,128,IT Services & Consulting,Bengaluru
Indian Synthetic Rubber,4.1,128,Petrochemicals,Panipat
Shantha Biotechnics,4.8,128,Biotechnology,Hyderabad
Lot Mobiles,3.5,128,Retail,Hyderabad
Mahatma Gandhi Medical College & Hospital,4.2,128,Education & Training,Jaipur
Edge Telecom,3.6,128,Telecom,Gurugram
Vital Laboratories,3.3,128,Pharma,Vapi
Cybertech Systems & Software,3.4,128,IT Services & Consulting,Mumbai
Computer Junction,3.6,128,IT Services & Consulting,New Delhi
Chemco Plastic Industries Private Limited,4.5,128,Petrochemicals,Mumbai
Gates Unitta India Company,4.0,128,Auto Components,Chennai
Kpn Farm Fresh,3.7,128,Internet,Chennai
Wildnet Technologies,4.3,128,Marketing & Advertising,Noida
Medicamen Biotech,3.2,128,Pharma,New Delhi
R.K Associates & Hoteliers,2.6,128,Facility Management Services,New Delhi
Dharmaj Crop Guard,4.0,128,Agro Chemicals,Ahmedabad
Zeus Learning,2.8,128,EdTech,Mumbai
DH Healthcare Software Services India Private Limited (Dedalus),3.5,128,Software Product,Chennai
Small Industries Development Bank of India,3.8,128,NBFC,Mumbai
Bharat Cooperative Bank,4.1,128,Financial Services,Mumbai
Uk Realty,3.8,128,Real Estate,Mumbai
Devon Software Services,3.8,128,IT Services & Consulting,Bengaluru
Ediglobe,3.9,128,EdTech,Bengaluru
Maharishi Ayurveda Products,3.6,128,Pharma,Noida
Marvell,3.8,128,Semiconductors,Bengaluru
Mtandt,3.7,129,Industrial Machinery,Chennai
Hester Biosciences,3.5,128,Biotechnology,Ahmedabad
Mylab Discovery Solutions,2.9,128,Internet,Pune
Next Move Strategy Consulting,4.9,128,Tinsukia +4 other locations,
Stivaph Healthcare,4.1,128,Pharma,Ahmedabad
Saasguru,2.0,127,Education & Training,Pune
Nala Robotics,1.8,127,Hyderabad +2 other locations,
Scholastic,4.1,128,Printing & Publishing,Gurugram
Funskool India,3.9,127,Other,Chennai
Enrich Agro Food Products,3.6,127,FMCG,Rohtak
Ftcash,3.9,127,FinTech,Mumbai
Genus Electrotech,3.3,127,Semiconductors,Gandhidham
Seth Anandram Jaipuria School,3.7,127,Education & Training,Lucknow
Aditya Birla Renewables,3.9,127,Power,Mumbai
FR8,3.8,127,Internet,Chennai
Bubugao Communication,4.2,127,Jaipur +28 other locations,
SIMA Labs,3.9,128,Waste Management,New Delhi
Ghaziabad Precision Products,3.6,127,Automobile,Ghaziabad
Meritshot,4.5,127,Education & Training,Noida
DelEx Cargo,4.5,127,Logistics,Mumbai
Powermax Fitness India,4.8,127,Fitness & Wellness,Mumbai
Gromax Agri Equipment,3.8,127,Automobile,Vadodara
Odisha Power Transmission Corporation,4.3,127,Power,Bhubaneswar
P&R Infraprojects,3.8,127,Engineering & Construction,Chandigarh
Indore Composite,3.9,127,Telecom,Mumbai
BHARAT TECHNO PLAST,3.7,127,Auto Components,Ahmedabad
MCaffeine,2.9,127,Beauty & Personal Care,Mumbai
SmartConnect Technologies,2.4,127,IT Services & Consulting,Mumbai
Golden Tulip Hotels,3.4,127,Hospitality,New Delhi
Ashapurna Buildcon,3.6,128,Real Estate,Jodhpur
Jaya Shree Textiles,3.8,127,Fashion & Textile,Kolkata
Vivekananda Hospital,3.7,127,Healthcare,Durgapur
Vensar Constructions,4.2,127,Engineering & Construction,Hyderabad
Kewaunee Labway,4.1,128,Furniture & Furnishing,Bengaluru
S R Enterprises,3.9,128,Electrical Equipment,New Delhi
D&H Sécheron Electrodes,3.7,127,Industrial Machinery,Indore
Government Of Tamilnadu,4.0,127,Government,Chennai
KW Group,3.8,127,Non-Profit,Ghaziabad
Frog CellSat,3.8,127,Design,Noida
Multi Organics,3.1,127,Chemicals,Chandrapur
Kajaria Bathware,4.2,127,Building Material,Bhiwadi
Isgec Hitachi Zosen,3.6,127,Industrial Machinery,Bharuch
Sigma Corporation India,4.0,127,Auto Components,Gurugram
SOLITAIRE GROUP,3.6,127,Engineering & Construction,Pune
Vector India,3.9,127,Auto Components,Hyderabad
Chargebee,3.7,127,Software Product,Chennai
Serentica Renewables,4.2,128,Power,Gurugram
Likewize,3.5,127,Telecom,Chennai
Nice Software Solutions,3.0,127,IT Services & Consulting,Pune
TTK Services,3.3,127,Internet,Bengaluru
Modern Informatics,3.8,127,IT Services & Consulting,Mumbai
Aapna Infotech,4.3,127,IT Services & Consulting,New Delhi
Karma Ayurveda,3.6,127,Healthcare,New Delhi
Cerence,3.2,127,Software Product,Pune
Glory Global Solutions (south Asia),3.3,127,IT Services & Consulting,Mumbai
NewVision Software & Consultancy,3.4,127,IT Services & Consulting,Pune
Conceptia Software Technologies,4.0,127,Defence & Aerospace,Bengaluru
RN Valves & Faucets,3.2,127,Ghaziabad +17 other locations,
Daelim Industrial Co.,4.8,127,Petrochemicals,Chennai
QO BOX,4.6,126,IT Services & Consulting,Chennai
Weizmann Forex,4.4,126,Financial Services,Mumbai
Celebrity Cruises,4.1,126,Travel & Tourism,Mumbai
Anmol Biscuits,4.3,126,FMCG,Kolkata
Dai Ichi,4.2,126,Chemicals,Bharuch
Tasmed,3.4,126,Pharma,Chandigarh
Rama group,3.5,126,Real Estate,Pune
TSR Darashaw,3.4,126,BPO,Mumbai
Perpetuuiti Technosoft Services,3.5,126,IT Services & Consulting,Pune
Panchayati Raj,3.4,126,Government,Lucknow
Redington Gulf,3.6,126,IT Services & Consulting,Chennai
BrandMuscle,3.4,126,IT Services & Consulting,Bengaluru
Nahar Spinning Mills,4.2,126,Fashion & Textile,Ludhiana
Sud Chemie,4.5,126,Chemicals,Vadodara
Avvashya Cci Logistics,3.6,126,Logistics,Mumbai
Oaknet Healthcare,3.1,126,Pharma,Mumbai
Impulse,3.4,126,IT Services & Consulting,Gurugram
CTA Apparels,3.9,126,Fashion & Textile,Noida
Orient Blackswan,4.1,126,Printing & Publishing,Hyderabad
Atandra Energy,4.3,126,Electronics Manufacturing,Chennai
Starion India,3.5,126,Electronics Manufacturing,Pune
C H Robinson Worldwide Freight,3.3,126,Logistics,Mumbai
DDRC Agilus Diagnostics,3.8,126,Kochi +16 other locations,
Ufi Filters,3.9,126,Auto Components,Bawal
Forvis Mazars,3.1,126,Accounting & Auditing,Gurugram
Modelyze Labs,4.8,126,Bengaluru +1 other locations,
Rich Products & Solutions,3.6,126,Food Processing,Pune
Springworks,4.1,126,Software Product,Bengaluru
YouGov,3.6,126,Analytics & KPO,Mumbai
Abhijeet Group,3.8,126,Power,Visakhapatnam
Jaipuria Institute of Management,4.4,126,Education & Training,Lucknow
NDS InfoServ,3.2,126,BPO,Mumbai
Cheers Interactive,3.0,126,Management Consulting,Mumbai
Magnum Mi Steel,3.6,126,Iron & Steel,Gurugram
Interview Kickstart,3.7,126,Education & Training,Bengaluru
KMC HOSPITAL,4.1,126,Healthcare,Mangaluru
Continuum Global Solutions,3.6,126,BPO,Indore
Lahori Zeera,4.0,127,Beverage,Sahibzada Ajit Singh Nagar
Deqode,3.3,126,IT Services & Consulting,Indore
Cogeme Precision Parts,3.8,126,Industrial Machinery,Pune
Techversant Infotech,3.8,126,IT Services & Consulting,Thiruvananthapuram
Coloplast,3.4,126,Healthcare,New Delhi
Viaante Business Solutions,2.9,126,BPO,Mumbai
Auxein Medical,3.1,126,Medical Equipment,New Delhi
Geeklurn,3.6,126,EdTech,Bengaluru
Nitin Spinners,4.3,126,Fashion & Textile,Bhilwara
TRUGlobal,3.7,126,IT Services & Consulting,Bengaluru
Bharatiya Vidya Bhavan,3.9,126,Education & Training,Nagpur
United Airlines,3.9,126,Aviation,Gurugram
Believe Cosmetics,3.2,126,Bengaluru +21 other locations,
FNZ,3.1,126,FinTech,Gurugram
NGL Fine Chem,3.8,126,Pharma,Mumbai
AachiGroup,3.8,126,Chennai +22 other locations,
Getronics,4.2,126,IT Services & Consulting,Bengaluru
TSS Consultancy,3.3,126,IT Services & Consulting,Mumbai
RouteMobile,3.4,127,IT Services & Consulting,Mumbai
The India Thermit Corporation,3.5,126,Industrial Machinery,Kanpur
Microscan Infocommtech,4.0,126,Telecom,Mumbai
Sahara India Financial Corporation,3.9,125,Financial Services,Lucknow
Gm Infinite Dwelling,3.2,125,Real Estate,Bengaluru
Arki Techno Consultants,3.0,125,Engineering & Construction,Bhubaneswar
Radiant Guard Services Pvt. Ltd. - India,4.8,125,Law Enforcement & Security,Pune
Mores Techno Private Limited,4.8,125,Real Estate,Noida
Ambit Collective,3.6,125,Management Consulting,New Delhi
Verificient Technologies,3.0,125,Emerging Technologies,Pune
Vishnu Solutions,3.7,125,BPO,Kolkata
Honeywell Building Solutions,3.7,125,Engineering & Construction,Pune
Chetak Logistics,3.0,125,Logistics,New Delhi
Tega McNally Minerals,2.8,125,Industrial Machinery,Bengaluru
Vogo Automotive,4.0,125,Internet,Bengaluru
DELLA LEADERS CLUB,4.6,125,IT Services & Consulting,Mumbai
G.S.E.C,2.9,125,Logistics,Ahmedabad
Petronet LNG,4.5,125,Oil & Gas,Bharuch
Alstrong Enterprises,4.2,125,Building Material,New Delhi
INFAC,3.8,125,Auto Components,Chennai
Great Champ Technology Limited,2.8,126,EdTech,Noida
PeopleStrong Technologies,3.3,125,Software Product,Gurugram
Prose Technologies,3.8,125,Pune +32 other locations,
Sudisa Foundry,3.5,125,Auto Components,Jamshedpur
Sciative Solutions,3.8,125,Software Product,Navi Mumbai
Advance Decorative Laminates Private Limited,4.1,126,Building Material,Hapur
Central Bureau of Investigation,3.7,125,Defence & Aerospace,New Delhi
Express Housekeeper,3.8,125,Facility Management Services,Kolkata
JU Agri Sciences,4.3,125,Agro Chemicals,Noida
Novigo Solutions,3.8,125,IT Services & Consulting,Mangaluru
PhillipCapital,3.1,126,Financial Services,Mumbai
Rippling,2.7,125,Internet,Bengaluru
SJS Enterprises,3.9,125,Auto Components,Bengaluru
INTECH Creative Services Pvt. Ltd.,3.8,125,IT Services & Consulting,Gandhinagar
BEKEM Infra Projects,3.8,125,Engineering & Construction,Hyderabad
Storia Foods,3.8,125,Beverage,Mumbai
Input Zero Technologies,3.6,125,Analytics & KPO,Bengaluru
Pharmaffiliates Analytics Synthetics,4.0,126,Pharma,Panchkula
ADS Spirits,4.5,125,Beverage,New Delhi
Bioworld Merchandising,3.4,125,Retail,Gurugram
Sobha Projects and Trade,4.0,125,Engineering & Construction,Bengaluru
Oremus Corporate Services,3.7,125,Financial Services,Hyderabad
DANA Graziano India,4.1,125,Ahmedabad +11 other locations,
Centuary Fibre Plates,4.2,125,Furniture & Furnishing,Hyderabad
Ador Powertron,3.6,125,Electrical Equipment,Pune
Government Polytechnic Nagpur,3.9,125,Education & Training,Pune
Nikon,4.0,126,Consumer Electronics & Appliances,Gurugram
Gateway Distriparks,3.5,125,Logistics,New Delhi
La opala rg,3.8,125,Retail,Sitarganj
ShipBob,3.9,125,Logistics,New Delhi
ABS India,3.9,125,IT Services & Consulting,Bengaluru
Indian Institute of Science Education and Research,3.8,125,Analytics & KPO,Pune
LenDenClub,3.9,125,FinTech,Mumbai
Accubits Technologies,3.1,125,IT Services & Consulting,Thiruvananthapuram
Swami Rama Himalayan University,3.9,125,Education & Training,Dehradun
Edvoy,4.1,125,Chennai +6 other locations,
InSemi Technology Services,3.9,125,Semiconductors,Bengaluru
Adnet Global,3.0,125,Animation & VFX,Mumbai
Performics,3.8,125,Marketing & Advertising,Mumbai
Paranjape Autocast,3.4,126,Auto Components,Pune
Dar Group,3.3,125,Architecture & Interior Design,Pune
IMCS Group.,3.1,125,IT Services & Consulting,Noida
Pharmalex,3.3,125,Medical Equipment,Noida
Core Energy Systems Limited,3.8,125,Defence & Aerospace,Mumbai
Jain Housing & Constructions,4.2,125,Real Estate,Chennai
InfinityLabs,3.9,125,IT Services & Consulting,Noida
Oncospark India Private Limited,3.7,125,Analytics & KPO,Chennai
Object Frontier Software,3.8,124,IT Services & Consulting,Chennai
Indira Gandhi National Open University,4.2,124,Education & Training,New Delhi
NexWave Talent Management Solutions,3.4,124,Recruitment,Hyderabad
Hi-Tech Arai,3.8,124,Auto Components,Madurai
HERO ECOTECH,3.7,124,Automobile,Ludhiana
Pearl Organisation,3.3,124,IT Services & Consulting,Dehradun
National Public School,3.4,124,Education & Training,Bengaluru
Ars Steels,3.6,124,Iron & Steel,Chennai
Covenant Consultants,4.1,124,Recruitment,Chennai
TVS Next,3.6,125,IT Services & Consulting,Chennai
Radiant Enterprise,3.7,124,Furniture & Furnishing,Kolkata
Dormakaba India,3.8,124,Building Material,Chennai
DEC Property Management,4.0,124,Facility Management Services,New Delhi
Falabella,3.0,124,Retail,Bengaluru
Bijlipay,3.4,124,FinTech,Chennai
Bikayi,2.8,124,Marketing & Advertising,Bengaluru
Gojavas,4.7,124,Logistics,New Delhi
Retailio,3.8,124,Internet,Mumbai
Chetak Enterprises,4.5,124,Engineering & Construction,Mumbai
House of Beauty,3.7,124,Internet,Gurugram
Mahindra Agri Solutions,3.7,124,Agriculture,Mumbai
Religare Housing Development Finance Corporation,4.1,124,Financial Services,New Delhi
Akash Blowers,4.3,124,Bahadurgarh +5 other locations,
Galacon Infrastructure and Projects,3.3,124,Engineering & Construction,Hyderabad
Hombale Constructions and Estates,4.4,124,Engineering & Construction,Bengaluru
The Hi-tech Robotic Systemz,3.8,125,Emerging Technologies,Gurugram
S10 Healthcare Solutions,3.6,124,Fitness & Wellness,Chennai
Numero Uno Clothing,4.1,125,Fashion & Textile,Gurugram
HirePro Consulting,3.7,124,Software Product,Bengaluru
InnoEye Technologies,3.1,124,IT Services & Consulting,Indore
Dewar's Garage,3.1,124,Automobile,Kolkata
IMARC Group,3.3,124,Analytics & KPO,New Delhi
Infotree Global Solutions,3.1,124,Recruitment,Jammu
Jse Engineering Private Limited,3.4,124,Engineering & Construction,Chennai
Harsha Toyota,4.1,124,Automobile,Chennai
Noida International University,3.2,124,Education & Training,Noida
Clinic Dermatech,3.0,124,Beauty & Personal Care,New Delhi
Pace IIT & Medical,3.3,124,Education & Training,Mumbai
Caterpillar Signs,3.3,124,Printing & Publishing,Ahmedabad
Kamal Ced Solution,4.1,124,Gurugram +14 other locations,
ams OSRAM,3.1,124,Electronics Manufacturing,Bengaluru
Mitratech,3.7,124,Software Product,Hyderabad
Information Evolution,3.6,124,IT Services & Consulting,Coimbatore
AVASO Technology Solutions,3.2,124,IT Services & Consulting,Sahibzada Ajit Singh Nagar
ERGO Technology & Services,3.3,124,IT Services & Consulting,Mumbai
Bioplus Life Sciences,3.7,124,Pharma,Bengaluru
Marc Laboratories,3.2,124,Pharma,Lucknow
Consort Builders,4.4,124,Real Estate,Chandigarh
Wave Beverages,3.7,124,Beverage,Amritsar
TableSpace Technologies,3.0,124,Real Estate,Bengaluru
Zeomega Infotech,3.6,124,IT Services & Consulting,Bengaluru
Tvs Training And Services,3.6,124,Education & Training,Chennai
Grid Dynamics,3.2,125,IT Services & Consulting,Hyderabad
Bellfast Management,4.2,124,Recruitment,Bengaluru
Xome,4.2,124,Internet,Chennai
Kanan International,3.0,124,Internet,Vadodara
TM International Logistics,3.7,124,Logistics,Kolkata
Alstone Manufacturing,4.1,124,Building Material,New Delhi
TeamLease Staffing Solutions,3.3,123,Internet,Bengaluru
Indus International School,3.3,123,Education & Training,Bengaluru
Sicagen,3.8,123,Industrial Automation,Chennai
Gram Panchayat,4.2,124,Government,Pune
Claritus Management Consulting,4.2,123,IT Services & Consulting,Noida
91 Springboard Business Hub,3.9,123,Real Estate,Bengaluru
R.k.industries,3.7,123,Industrial Machinery,Chennai
Everest Blowers & Vacuum Pumps,3.4,123,Industrial Machinery,New Delhi
NU Hospitals,3.8,123,Healthcare,Bengaluru
Kun Hyundai,3.9,123,Automobile,Chennai
Renishaw Metrology Systems Limited,4.0,123,Industrial Automation,Pune
Midco,3.6,123,Telecom,Mumbai
Wicked Ride Adventures,4.1,123,Internet,Bengaluru
Floating Numbers Digital Solutions,3.2,123,IT Services & Consulting,Kolkata
Marc Enterprises,3.6,123,Electronics Manufacturing,New Delhi
GO MO Group AB,4.0,123,Marketing & Advertising,Pune
Platinum One,3.4,123,BPO,Mumbai
Affordplan,3.1,123,FinTech,Gurugram
DAS Offshore Engineering,3.8,123,Industrial Machinery,Mumbai
Diversey India Hygiene,3.9,123,Mumbai +27 other locations,
Menzies Aviation Bobba,3.7,123,Aviation,Bengaluru
S.R. Batliboi & Associates,3.0,123,Accounting & Auditing,Bengaluru
Government of Madhya Pradesh,3.9,123,Government,Bhopal
Geekyants Software,3.3,123,IT Services & Consulting,Bengaluru
CL MICROMED,4.0,123,Medical Equipment,New Delhi
Biyani Technologies,3.7,123,Software Product,Kolhapur
Badafinance S&P Services,4.0,123,Mumbai +1 other locations,
APPL Industries,3.7,123,Chemicals,Pune
Cartrade.com,3.7,123,Internet,Mumbai
Sri Sai Power and Equipments,3.6,123,Industrial Machinery,Surat
Adyar Ananda Bhavan Sweets,4.0,123,Hospitality,Chennai
Maxvalue Credits & Investments,3.8,123,NBFC,Thrissur
Brindavan Bottlers,3.4,123,Beverage,Lucknow
Mumbai Metro One,3.9,123,Urban Transport,Mumbai
Mawai Infotech,3.3,123,IT Services & Consulting,Noida
Lincoln Electric,4.0,123,Electrical Equipment,Chennai
Stratogent Technology Services,3.1,123,IT Services & Consulting,Bengaluru
Global Group,4.0,123,Engineering & Construction,Pune
REVA University,3.8,123,Education & Training,Bengaluru
NovelVox Softwares India Pvt. Ltd.,4.3,123,IT Services & Consulting,Faridabad
GD Goenka International School,3.3,123,Surat +16 other locations,
Vahdam India,4.1,123,Beverage,Noida
JBF Industries,3.5,123,Fashion & Textile,Dadra
Nimap Infotech,3.2,123,IT Services & Consulting,Mumbai
GREEN POWER INTERNATIONAL,4.3,124,Oil & Gas,Noida
BML Munjal University,4.1,123,Education & Training,Gurugram
LS Cable,4.4,123,Electrical Equipment,Gurugram
Shiv Nadar University,4.1,123,Education & Training,New Delhi
MPOnline,3.4,123,IT Services & Consulting,Bhopal
Xtrim Global Solutions,4.6,123,BPO,Indore
Provab Technosoft,2.9,123,IT Services & Consulting,Bengaluru
Viswaat Chemicals,3.7,123,Chemicals,Mumbai
BASIC Home Loan,3.7,123,FinTech,Gurugram
Gemba Concepts,3.1,123,Management Consulting,Bengaluru
Bounce,3.2,123,Automobile,Bengaluru
Saarloha Advanced Materials,3.2,123,Iron & Steel,Pune
TekFriday Processing Solutions,3.5,123,Financial Services,Hyderabad
Saraswati Vidya Mandir,3.9,123,Education & Training,New Delhi
Yuto Printing and Packaging,3.4,123,Packaging,Bengaluru
GALAXY OFFICE AUTOMATION,4.0,123,IT Services & Consulting,Mumbai
ICG Medical,2.3,123,Recruitment,Gurugram
Ayushman Hospital & Health Services,3.8,123,Healthcare,New Delhi
MSP Group,3.8,123,Raigarh +13 other locations,
Creative Projects & Contracts,4.1,123,Engineering & Construction,Jaipur
Vydehi Institute Of Medical Sciences And Research Centre,3.6,123,Healthcare,Bengaluru
Raj Process Equipments And System,3.7,123,Industrial Machinery,Pune
Digiperform,3.4,123,Education & Training,New Delhi
Rocket Software,4.1,123,IT Services & Consulting,Pune
DQ Entertainment,3.3,122,Animation & VFX,Hyderabad
Chemtrols Industries,3.2,122,Industrial Automation,Mumbai
TDS Group,4.1,122,Financial Services,New Delhi
Skyi Developers,4.3,122,Real Estate,Pune
Hidoc Dr,4.7,123,Internet,Pune
MAHLE Holding (India),3.7,122,Auto Components,Pune
Glowlogics Solutions,4.2,122,Bengaluru +5 other locations,
Rotary Engineering,4.1,122,Oil & Gas,Chennai
The Digital Group Infotech,3.4,122,IT Services & Consulting,Pune
Futures Group,4.6,122,Retail,New Delhi
Terminal Technologies (i),4.2,122,Telecom,Pune
Citi Style,4.2,122,Retail,Kolkata
Hitachi Rail STS,4.0,122,Railways,Bengaluru
Smarter BIZ Technologies,3.1,122,IT Services & Consulting,Bengaluru
Saboo RKS Motor,4.1,122,Automobile,Hyderabad
iPlace,3.7,122,Pune +2 other locations,
Electronica India Limited,4.6,122,Pune +25 other locations,
The Heritage School,3.7,122,Education & Training,New Delhi
Bird Group,2.9,122,Aviation,New Delhi
PGEIN,3.5,122,Accounting & Auditing,Chandigarh
Elysium Pharmaceuticals,3.3,122,Pharma,Vadodara
Indwell,3.5,122,Engineering & Construction,Vijayawada
South India Krishna Oil & Fat,4.2,123,Oil & Gas,Nellore
Decision Minds,3.5,122,IT Services & Consulting,Bengaluru
Sher-I-Kashmir Institute of Medical Sciences,4.2,122,Healthcare,Srinagar
Chinmaya Vidyalaya,3.9,122,Education & Training,New Delhi
INTERPLEX,4.1,122,Industrial Automation,Bengaluru
Cybernetik Technologies,4.0,122,Industrial Automation,Pune
Iswarya Fertility Centre,3.2,121,Healthcare,Chennai
Prabhudas Lilladher,3.3,122,Financial Services,Mumbai
ElringKlinger AG,3.7,122,Auto Components,Pune
Pipeline Infrastructure,4.1,123,Oil & Gas,Mumbai
Veoneer India,3.9,122,Auto Components,Bengaluru
Quadrafort Technologies,3.5,122,IT Services & Consulting,Noida
Guardian Healthcare Services,3.9,123,Fitness & Wellness,New Delhi
Pride Technologies,3.3,122,Recruitment,Chennai
Felix Hospital,3.2,122,Healthcare,Noida
Stridely Solutions,2.8,122,IT Services & Consulting,Ahmedabad
Drip Capital,3.4,122,FinTech,Mumbai
Entra Solutions,3.3,122,Financial Services,Gurugram
Paladion Networks,3.7,122,Hardware & Networking,Bengaluru
BACS HITECH ENGINEERING,3.1,122,Engineering & Construction,Bhilai Nagar
Kyocera Document Solutions India,3.5,122,Printing & Publishing,Gurugram
CNK & Associates,3.2,122,Accounting & Auditing,Mumbai
Gadre Marine Export,3.7,122,Food Processing,Ratnagiri
MSG Global Solutions,3.9,122,IT Services & Consulting,Bengaluru
TRACKS AND TOWERS INFRATECH,3.7,122,Engineering & Construction,Hyderabad
Local Company,4.0,122,Real Estate,New Delhi
NGRT Systems Private Limited,3.6,122,Retail,Nagpur
Artson Engineering,4.0,122,Engineering & Construction,Hyderabad
Union Mutual Fund,3.4,123,Financial Services,Mumbai
Accentuate IT Solutions,3.9,122,IT Services & Consulting,Bengaluru
MNR Solutions,4.1,122,Recruitment,Noida
Netxcell,3.4,122,Telecom,Hyderabad
Customer Analytics,4.1,122,IT Services & Consulting,Chennai
Migsun Group,3.2,122,Real Estate,Ghaziabad
SPS Hospitals,3.9,122,Healthcare,Ludhiana
PNG Jewellers,4.4,124,Jewellery,Pune
Biomatrix Healthcare,3.6,122,Ahmedabad +7 other locations,
NASSCOM,3.4,123,IT Services & Consulting,Noida
Petron Engineering Construction,4.4,122,Engineering & Construction,Mumbai
Avantel,3.7,122,Hardware & Networking,Visakhapatnam
Steelcase Asia Pacific Holdings India,3.6,122,Furniture & Furnishing,Pune
Bridgenext,3.4,122,IT Services & Consulting,Pune
Oxane Partners,3.3,122,Financial Services,Gurugram
Kaplan,4.0,122,EdTech,Bengaluru
ITDOSE INFOSYSTEMS,3.2,122,IT Services & Consulting,Noida
Mendine Pharmaceuticals,4.5,122,Pharma,Kolkata
bluCognition,3.2,122,IT Services & Consulting,Pune
Absolutelabs,4.3,122,IT Services & Consulting,Hyderabad
Auxilo Finserve,3.8,122,NBFC,Mumbai
Felix Generics,3.9,123,Pharma,Indore
Belden,3.4,122,Industrial Machinery,Pune
Total IT Global,3.7,122,IT Services & Consulting,New Delhi
ACPL Systems,3.4,122,Law Enforcement & Security,Gurugram
Shore Infotech India,2.9,122,IT Services & Consulting,Hyderabad
Vianaar Homes,4.0,122,Real Estate,New Delhi
Nirmaan Organization,3.7,122,Financial Services,Hyderabad
R M Chemicals,3.5,122,FMCG,Baddi
Oriental Rubber Industries,3.0,122,Petrochemicals,Pune
Wizertech Informatics,4.3,121,IT Services & Consulting,Kolkata
Polmon Instruments,3.6,121,Industrial Automation,Hyderabad
Orient Fashions,4.0,121,Fashion & Textile,New Delhi
Jagannath Gupta Institute of Medical Sciences & Hospital,3.5,121,Healthcare,Kolkata
Government Polytechnic College,3.9,121,Education & Training,Bengaluru
iLabz Technology,3.2,121,Recruitment,Bengaluru
Maaden Phosphate Company,4.3,121,Metals & Mining,Chennai
Vectone Mobile,1.7,121,Telecom,Chennai
Keltron,4.2,121,Electronics Manufacturing,Thiruvananthapuram
Suhail Bahwan Automobiles,4.0,121,Auto Components,Muscat
Smpp,3.5,121,Defence & Aerospace,New Delhi
Haridwar University,4.4,121,Education & Training,Roorkee
Mani Group,3.6,121,Real Estate,Kolkata
SKDRDP,4.3,121,Non-Profit,Bengaluru
AJ Hospital and Research Centre,3.7,122,Healthcare,Mangaluru
Glance,3.3,121,Internet,Bengaluru
Scorg International,3.3,122,Recruitment,Bengaluru
Dexian DISYS,3.3,122,IT Services & Consulting,Chennai
BramhaCorp,3.6,121,Real Estate,Pune
Integral University,3.5,121,Education & Training,Lucknow
AFour Technologies,3.4,121,IT Services & Consulting,Pune
Sandip University,3.1,121,Education & Training,Nashik
Morarjee Textiles,3.8,121,Fashion & Textile,Nagpur
Prodocs Solutions,3.4,121,Legal,Mumbai
BetterPlace Select,4.2,121,Recruitment,Bengaluru
Ethara AI,3.3,121,Gurugram +6 other locations,
Finulent Solutions,4.1,121,Power,Mumbai
RD Public School,3.9,121,Education & Training,Betul
Neural IT,3.3,122,Financial Services,Mumbai
MyCar,4.0,121,Automobile,Pune
IBCC Industries,4.0,121,Ahmedabad +13 other locations,
Media NV,4.5,121,Ahmedabad,
DentalKart,2.9,121,Internet,New Delhi
HWASHIN Automotive,3.8,121,Auto Components,Chennai
EasyBuy Lifestyle,3.9,121,Retail,Bengaluru
Reliable Spaces,2.7,121,Real Estate,Mumbai
IndiQube,4.1,121,Real Estate,Bengaluru
Texport Syndicate India,3.8,121,Fashion & Textile,Bengaluru
Gandhar Oil Refinery India,3.2,121,Oil & Gas,Mumbai
Skanray Technologies,2.6,121,Medical Equipment,Mysuru
Hindustan Copper,4.0,121,Metals & Mining,Kolkata
Indiana Gratings,3.4,121,Import & Export,Pune
Travclan Technology India,3.5,121,Travel & Tourism,New Delhi
Shreeja Mahila Milk Producer Company,4.3,121,Food Processing,Tirupati
IBN Technologies,3.6,121,Financial Services,Pune
Chumbak Design,3.5,121,Retail,Bengaluru
Uttam Sugar Mills,3.8,121,Food Processing,Roorkee
ABB GISL,3.9,121,Electrical Equipment,Bengaluru
Accuster Technologies,2.2,121,Healthcare,New Delhi
ADNH Compass,4.3,120,Hospitality,Abu Dhabi
Futuretech Factory One,4.5,121,IT Services & Consulting,Pune
Artifint Technologies,4.4,120,Hyderabad +16 other locations,
Upland Software,4.7,120,Software Product,Bengaluru
Gandour India Food Processing,4.2,120,Food Processing,Hyderabad
Bankedge,4.0,120,Education & Training,Mumbai
Rolex Rings,3.7,120,Industrial Machinery,Rajkot
Guru Amardass International,3.5,120,Electronics Manufacturing,Noida
Centric Consulting,3.5,120,IT Services & Consulting,Gurugram
Cigna,3.3,120,Internet,Bengaluru
Nilkamal Homes,3.8,120,Mumbai +36 other locations,
Vistaprint,3.4,120,Internet,Mumbai
The Web Plant,2.7,120,IT Services & Consulting,New Delhi
EMDAD LLC,4.3,120,Oil & Gas,Mumbai
TEXILA AMERICAN UNIVERSITY,3.9,120,Education & Training,Coimbatore
SAAB ENGINEERING,3.9,120,Auto Components,Bengaluru
Reliance Broadcast Network,3.3,120,Broadcasting,Mumbai
Detroit Engineered Products,3.3,120,Software Product,Chennai
Sarens Heavy Lift India,3.7,120,Industrial Machinery,New Delhi
Derewala Jewellery Industries,3.5,120,Jewellery,Jaipur
Constantia Flexibles,4.0,120,Packaging,Ahmedabad
Wealth Clinic,3.1,120,Real Estate,Noida
Acsia Technologies,3.0,120,Automobile,Thiruvananthapuram
Techwise Digital,4.7,121,IT Services & Consulting,Bengaluru
Epicu Agro Products,3.1,120,Food Processing,Ambala
Anna University,4.1,121,Education & Training,Chennai
Mobikasa,3.8,121,IT Services & Consulting,New Delhi
Bernhard Schulte Shipmanagement,4.1,120,Ports & Shipping,Mumbai
CoreEL Technologies,3.8,120,Electronics Manufacturing,Bengaluru
Josh Software,3.0,120,IT Services & Consulting,Pune
SEPC Limited,4.3,120,Oil & Gas,Chennai
Rij Engineering,4.1,121,Auto Components,Pune
Appventurez,2.8,120,IT Services & Consulting,Noida
Sterling E-Mobility Solutions,3.7,122,Auto Components,Faridabad
Credit Information Bureau,3.5,120,Mumbai +7 other locations,
BYD India,3.1,120,Automobile,Chennai
Nova Techset,3.3,120,Printing & Publishing,Chennai
Amco Batteries,4.3,120,Auto Components,Chennai
KSB Tech,3.4,120,Industrial Machinery,Pune
Pinnacle Life Science,3.5,120,Baddi +7 other locations,
ADA Tech Solutions Private Limited,3.6,120,BPO,Pune
Lyka Labs,3.7,120,Pharma,Ankleshwar
M.P. State Electronics Development Corporation,3.7,120,Bhopal +9 other locations,
ProProfs,4.0,120,Software Product,Noida
Sentini,3.5,120,Vijayawada +16 other locations,
Expound Technivo,4.2,120,IT Services & Consulting,Mumbai
Ahlcon Parenterals,4.6,120,Pharma,Bhiwadi
Dubai Electricity & Water Authority (DEWA),3.4,120,Power,Dubai
ERD Technologies,3.5,120,Electronics Manufacturing,Noida
Jeeva Organic,3.6,120,Pharma,Bhubaneswar
Spack Automotives,3.3,120,Greater Noida +11 other locations,
POLARISGRIDS PRIVATE LIMITED,3.6,120,Power,Jaipur
Parekh Group,3.6,120,Logistics,Mumbai
SHREE GANESH CORPORATION,4.2,130,Engineering & Construction,Surat
Rajasthan Antibiotics,3.6,120,Pharma,Bhiwadi
Lansum Properties,3.9,120,Real Estate,Hyderabad
Accordion (India),2.7,120,Management Consulting,Hyderabad
Highly Electrical Appliances India,3.5,120,Electrical Equipment,Ahmedabad
Acme Services,4.3,120,Recruitment,Mumbai
Indian Institute of Commerce Lakshya,4.1,120,Education & Training,Bengaluru
CliniSys Group,3.2,120,IT Services & Consulting,Bengaluru
BPL,4.2,120,Consumer Electronics & Appliances,Bengaluru
AL JABER GROUP,3.2,120,Engineering & Construction,Abu Dhabi
Netradyne Technology,3.1,120,Software Product,Bengaluru
Jamkash Vehicleades,3.3,120,Automobile,Jammu
Nagravision,3.5,120,IT Services & Consulting,Bengaluru
Ingenuity Gaming,2.8,120,Food Processing,Noida
Paradigm IT,3.3,120,IT Services & Consulting,Hyderabad
Brahmaputra Cracker and Polymer,4.2,120,Dibrugarh +18 other locations,
BARSYL,3.6,121,Railways,Hyderabad
SAIL Bokaro Steel Plant,4.0,120,Iron & Steel,Bokaro
Twin Health,3.1,120,Healthcare,Bengaluru
L&T SuFin,3.3,120,Internet,Mumbai
Hipad Technology India,4.0,119,Electronics Manufacturing,Noida
Bharat Intern,3.9,119,Hyderabad +23 other locations,
Creative Info-link,2.6,119,IT Services & Consulting,Pune
Vasu Chemicals,3.9,119,Waste Management,Mumbai
GOOD,4.4,119,Marketing & Advertising,Bengaluru
Govt of Karnataka,3.8,119,Government,Bengaluru
IMA-PG,3.6,119,Medical Equipment,Indore
Seven Seas Hotel,2.9,119,Hospitality,New Delhi
Abhyudaya Co-operative Bank,3.9,119,Banking,Mumbai
Rhydburg Pharmaceuticals,2.8,119,Pharma,Dehradun
T.R. Sawhney Motors,3.8,119,Automobile,New Delhi
TopSource,3.6,119,Other,Pune
Daloopa,3.3,119,Software Product,Noida
Vardhman Acrylics,3.6,119,Fashion & Textile,Bharuch
Veena world,3.7,119,Travel & Tourism,Mumbai
Kale Logistics Solutions,3.1,119,Software Product,Mumbai
inTarvo Technologies,4.4,119,BPO,Noida
Ramkrishna Care Hospital,3.6,119,Healthcare,Raipur
Eben Telecom,3.9,119,Telecom,Kochi
Maharashtra State Power Generation Company,4.3,119,Power,Nagpur
Namaste Credit,3.1,119,FinTech,Bengaluru
Hotel Sahara Star,3.5,119,Hospitality,Mumbai
Kcm Appliances,3.6,119,Consumer Electronics & Appliances,Bengaluru
Emeritus,3.3,119,Mumbai +4 other locations,
Simeio Solutions,3.8,119,IT Services & Consulting,Bengaluru
RED CHIEF,3.8,119,Retail,Kanpur
Edukyu,3.8,119,EdTech,Noida
Woxsen University,3.2,119,Hyderabad +6 other locations,
Masters Management Consultants,4.0,119,Real Estate,Mumbai
Yingjia Communication Private Limited,4.4,119,Telecom,Kolkata
Biomerieux,3.3,120,Biotechnology,New Delhi
KMK Ventures,4.1,119,Accounting & Auditing,Ahmedabad
DY Patil University,3.3,119,Education & Training,Pune
Digitas,3.6,119,Marketing & Advertising,Mumbai
Patanjali Parivahan,3.7,119,Logistics,Haridwar
Adarsh Group,4.5,120,Bengaluru +10 other locations,
AMR INDIA,4.2,119,Engineering & Construction,Hyderabad
JMD Group,3.9,119,Real Estate,Gurugram
Maithan Steel And Power,3.7,119,Building Material,Asansol
Mersen,3.7,119,Industrial Machinery,Bengaluru
Featherlite,3.4,119,Furniture & Furnishing,Bengaluru
Mindspace Outsourcing Services,3.6,119,Jaipur +1 other locations,
uCertify,3.7,119,EdTech,Noida
Affordable Robotic and Automation,2.8,119,IT Services & Consulting,Pune
India Ratings & Research,3.4,119,Financial Services,Mumbai
KLC CONSTRUCTION,3.8,119,Engineering & Construction,Hyderabad
ImpactQA,3.9,119,IT Services & Consulting,Noida
IND-SPHINX PRECISION,4.1,119,Industrial Machinery,Solan
Dentsu Global Services,3.4,120,Marketing & Advertising,Pune
PalTech,3.9,119,IT Services & Consulting,Hyderabad
Br.CAT International,3.7,119,Oil & Gas,Dammam
Ghodawat Consumer Products,3.4,119,FMCG,Kolhapur
Aayan Infotech,4.8,119,IT Services & Consulting,Lucknow
FiftyFive Technologies,4.2,119,IT Services & Consulting,Jaipur
Nissan Digital,3.5,119,IT Services & Consulting,Thiruvananthapuram
Ksk Energy Ventures,4.5,119,Oil & Gas,Hyderabad
Fotografik Enterprises,3.6,119,Media & Entertainment,Chandigarh
Honeywell Aerospace,3.5,119,Bengaluru +6 other locations,
Net Business Solutions,3.7,119,IT Services & Consulting,Mumbai
First Connect Health,4.5,119,Healthcare,Noida
Acme Industries,4.0,118,Guwahati +10 other locations,
ABK Imports,4.1,118,Import & Export,Pune
iXceed Solutions,4.0,118,Recruitment,Noida
Colorshine Coated,3.8,118,Iron & Steel,Gudur
Vinsys IT Services India Limited,2.9,118,Education & Training,Pune
SCOPE T&M,3.5,118,Import & Export,Pune
Durovalves India,3.3,118,Auto Components,Chhatrapati Sambhajinagar
Kalpa Electrikal,3.6,119,Electrical Equipment,Bengaluru
Grohe,4.2,118,Architecture & Interior Design,Gurugram
Gurit India,4.0,118,Internet,Chennai
Medsource Ozone Biomedicals,3.4,118,Pharma,Faridabad
Classic Legends,2.7,119,Pune +19 other locations,
R K Construction,4.1,118,Engineering & Construction,Jamshedpur
Career Point,3.8,118,Recruitment,Kota
Pickyourtrail,3.0,118,Travel & Tourism,Chennai
Chevron,3.5,118,Oil & Gas,Bengaluru
Adaequare,3.4,118,IT Services & Consulting,Hyderabad
iB Hubs,4.1,118,IT Services & Consulting,Kurnool
HP Global e-Business Operations,4.2,118,BPO,Bengaluru
NDTV Network,3.3,118,Broadcasting,New Delhi
Minfy Technologies,3.0,118,IT Services & Consulting,Hyderabad
Quadlabs Technologies,3.0,118,Software Product,Gurugram
Room to Read,3.6,118,Non-Profit,New Delhi
SKM Animal Feeds and Foods,3.3,118,Food Processing,Erode
Vaibhav Plasto Printing & Packaging,4.1,118,Packaging,Nagpur
Beetel Teletech,3.7,118,Telecom,Gurugram
Relinns Technologies,4.5,118,IT Services & Consulting,Sahibzada Ajit Singh Nagar
PaywithRING,4.1,118,FinTech,Mumbai
BAPS Shastriji Maharaj Hospital,4.4,118,Healthcare,Vadodara
Assurance Intl Limited,2.9,118,Auto Components,Gurugram
Velan Info Services,3.4,118,IT Services & Consulting,Coimbatore
Velvex,3.8,118,Pune +33 other locations,
Public Works Department Rajasthan,4.3,119,Chennai +66 other locations,
Windals Precision,3.4,118,Auto Components,Pune
anovIP,3.3,118,Legal,New Delhi
Shreeyam Power And Steel Industries,4.0,119,Iron & Steel,Gandhidham
RETAIL HUB SOLUTIONS,4.3,118,Retail,Mumbai
Vendasta Technology (India) Private Limited,3.8,118,Software Product,Chennai
Seeh Al Sarya Engineering,3.6,118,Oil & Gas,Muscat
Agilisium,3.1,118,IT Services & Consulting,Chennai
Faze Three,3.5,118,Fashion & Textile,Dadra
24seven,4.5,118,Retail,New Delhi
PVR PROJECTS,3.7,119,Engineering & Construction,Hyderabad
Richi Circuitronix,3.5,118,Electronics Manufacturing,Gurugram
Golcha Associated Group,3.8,118,Metals & Mining,Udaipur
Pixis,3.7,118,Internet,Bengaluru
MAMTA Health Institute for Mother and child,4.2,118,Healthcare,New Delhi
VProtect,3.1,118,Gurugram +9 other locations,
Advanz Pharma,4.1,118,Pharma,Mumbai
Mondee,3.3,118,Internet,Hyderabad
Sofitel Luxury Hotel,4.1,118,Hospitality,Mumbai
Trend Technologies,3.9,118,Pune +2 other locations,
Pratian Technologies,2.4,118,IT Services & Consulting,Bengaluru
21K School,3.4,118,EdTech,Bengaluru
U K Paints,3.0,118,Building Material,New Delhi
Craft Silicon,3.1,118,IT Services & Consulting,Bengaluru
Six Sails Technologies,4.1,118,IT Services & Consulting,New Delhi
Cinntra Info Tech Solutions,3.4,118,IT Services & Consulting,Noida
Quampetence Business Solutions,3.0,118,BPO,Gurugram
Hemmersbach,3.1,118,IT Services & Consulting,Bengaluru
Resmed,4.2,118,Medical Equipment,Bengaluru
Apollo Global Management,3.1,118,Banking,Mumbai
Saviynt,3.1,118,Software Product,Bengaluru
Bnk Power Solution,3.7,119,Power,Nagpur
Khosla Profil Private Limited,3.4,118,Fashion & Textile,Mumbai
Senrysa Technologies,4.3,118,IT Services & Consulting,Kolkata
Indication Instruments,3.9,118,Auto Components,Faridabad
PG Technoplast,3.8,118,Pune +9 other locations,
Runwal Realty,3.6,118,Real Estate,Mumbai
Forever 21,3.8,117,Fashion & Textile,New Delhi
Trimed Solutions India,3.6,117,Medical Equipment,Hyderabad
Dream India Schools,3.6,117,Education & Training,Lucknow
Infomerica,3.3,118,IT Services & Consulting,Hyderabad
Nureca Limited,4.1,117,Medical Equipment,Chandigarh
GlowTouch,2.8,117,Mangaluru +5 other locations,
Gram Tarang Employability Training Services,3.7,117,Recruitment,Bhubaneswar
Oswal Woollen Mills,4.1,117,Fashion & Textile,Ludhiana
Railrestro.com,4.4,117,Internet,Patna
Encore Healthcare,3.7,117,Pharma,Chhatrapati Sambhajinagar
Tecosim Engineering Services,3.3,117,Industrial Machinery,Bengaluru
Integer Telecom Services,2.9,119,Noida +6 other locations,
Melento,3.7,117,Bengaluru +1 other locations,
Tulip Infratech,3.6,117,Real Estate,Gurugram
Oxigen Services,4.4,117,FinTech,Gurugram
SunSource Energy,4.4,118,Power,Noida
Telecomone Teleservices,4.0,117,Telecom,Bengaluru
Soffit Infrastructure Services,3.7,118,Real Estate,Kochi
Go-Jek,3.7,117,Financial Services,Bengaluru
ATS Group,4.1,117,Engineering & Construction,Pune
Vishnu Prakash R Pungaliya Construction,2.7,117,Engineering & Construction,Jodhpur
Galaxy Toyota,3.3,117,Automobile,New Delhi
TEJRAJ PROMOTERS & BUILDERS,4.3,117,Real Estate,Pune
K & J Project,2.9,117,Engineering & Construction,Nagpur
Lark Laboratories (I),3.0,117,Pharma,Bhiwadi
Bajaj Allianz Staffing Solutions,3.8,117,Recruitment,Pune
Stallion Laboratories,3.2,117,Pharma,Ahmedabad
IT Convergence,3.3,117,IT Services & Consulting,Hyderabad
Lexmark International,3.9,117,IT Services & Consulting,Kolkata
Jamshedpur Continuous Annealing and Processing Company,3.3,117,Metals & Mining,Jamshedpur
EB1A Experts,4.4,118,Hyderabad +1 other locations,
Paloma Turning,4.1,117,Industrial Machinery,Bengaluru
Minda Silca Engineering,3.8,117,Industrial Automation,Greater Noida
Choksi Laboratories,2.9,117,Pharma,Indore
Gimatex Industries,3.4,117,Fashion & Textile,Nagpur
Velox Solutions,4.1,117,Emerging Technologies,Navi Mumbai
Breach Candy Hospital Trust,4.3,117,Healthcare,Mumbai
Presto Stantest,4.0,116,Industrial Machinery,Faridabad
Winsome Textile Industries,3.3,117,Fashion & Textile,Baddi
ADG Online Solutions,2.3,117,New Delhi +6 other locations,
Central Electronics,3.7,117,Government,Ghaziabad
Shindengen,3.7,117,Semiconductors,Bengaluru
Voltas Beko Home Appliances,3.6,117,Ahmedabad +14 other locations,
Chemist Box Private Limited,3.9,117,Patna +5 other locations,
RNS Motors,3.3,118,Automobile,Bengaluru
Graphic Era Institute of Medical Sciences,3.6,117,Dehradun +5 other locations,
Driver Logistics,4.1,117,Logistics,Bengaluru
Teaching at home,4.4,117,Design,New Delhi
Uralungal Labour Contract Cooperative Society,3.4,117,Kozhikode +11 other locations,
Indorama Ventures Global Shared Services,3.2,117,Chemicals,Kolkata
Bhagyalaxmi Rolling mill,3.6,117,Iron & Steel,Jalna
India Kawasaki Motors Pvt. Ltd.,3.5,117,Automobile,Pune
MSL Group,3.4,117,Education & Training,New Delhi
Mobily Infotech,3.1,117,Telecom,Bengaluru
ACCE GLOBAL SOFTWARE,3.8,117,Software Product,Kolkata
Jaycee Punching Solution,4.1,117,Electronics Manufacturing,Faridabad
Svamaan Financial Services,3.4,117,Financial Services,Mumbai
Tupperware,3.5,117,Retail,Dehradun
Markem Imaje,3.7,117,Industrial Automation,Bhiwadi
Raja Software Labs,3.1,117,IT Services & Consulting,Pune
Vasu Healthcare,4.1,117,Healthcare,Vadodara
Shiv Enterprises,3.8,117,Recruitment,New Delhi
Gvr Technolabs,3.8,117,Engineering & Construction,Bengaluru
Bryka Electrosystems & Software,3.1,117,Semiconductors,Mumbai
Emerald Haven Realty,3.8,117,Real Estate,Chennai
Pragati Infra Solutions,3.9,117,Real Estate,Gurugram
Shubham Goldiee Masale,4.2,117,Food Processing,Kanpur
Success Pact Consulting,3.9,117,Recruitment,Noida
SDG Software,3.8,117,IT Services & Consulting,Noida
Waah Jobs,4.3,117,Internet,Mumbai
National Dairy Development Board,3.9,117,Food Processing,Anand
Omni Net Technologies,4.0,117,IT Services & Consulting,Lucknow
Gujarat Insecticides,4.0,117,Biotechnology,Ankleshwar
Xitadel CAE Technologies,3.4,117,Analytics & KPO,Bengaluru
VALEUR FABTEX,3.3,117,Education & Training,New Delhi
ANS Commerce,3.5,117,Internet,Gurugram
CISB,3.5,117,Law Enforcement & Security,Mumbai
Concept Pharmaceuticals,3.1,117,Pharma,Mumbai
Axis Risk Consulting Services,3.4,117,Gurugram +13 other locations,
Nkgsb CO-OP Bank,4.2,117,Banking,Mumbai
R. K. Associates Valuers & Techno Engineering Consultants,3.8,117,Management Consulting,New Delhi
KORE.AI SOFTWARE INDIA,3.2,117,Emerging Technologies,Hyderabad
iRISE India,3.3,117,Engineering & Construction,Mumbai
Stonemen Crafts,3.8,117,Furniture & Furnishing,Agra
SAP Ariba,3.6,117,Software Product,Bengaluru
Palsons Derma,3.1,117,Fitness & Wellness,Kolkata
Vijay Raja Homes,4.3,117,Real Estate,Chennai
Analog Devices,4.0,117,Semiconductors,Bengaluru
Nath Bio - Genes,4.2,117,Agro Chemicals,Chhatrapati Sambhajinagar
Learnbay,3.6,117,Bengaluru +4 other locations,
LA Technologies,4.0,117,IT Services & Consulting,Mumbai
Amogha Polymers,3.7,117,Building Material,Coimbatore
First Quantum Minerals,4.2,116,Metals & Mining,Lusaka
Hard Rock Cafe,4.3,117,Hospitality,Bengaluru
Ujaas Energy,3.5,116,Power,Indore
Versa Drives,4.1,116,Electronics Manufacturing,Coimbatore
Mangalore Refinery and Petrochemicals,4.0,116,Oil & Gas,Mangaluru
Qualified Recruiter,4.3,116,Recruitment,Pune
Shriji Polymers,3.9,116,Packaging,Ujjain
First Data,4.2,116,Mumbai +11 other locations,
Finnew Solutions,4.1,116,FinTech,Bengaluru
Fi,3.5,116,FinTech,Bengaluru
Modern Construction Company,3.4,116,Engineering & Construction,New Delhi
Vcommission Media Private,4.3,116,Marketing & Advertising,Gurugram
NICE Actimize,3.3,116,IT Services & Consulting,Pune
DNV GL,4.0,116,"Testing, Inspection and Certification (TIC)",Mumbai
Suncity Projects,4.2,118,Real Estate,Gurugram
Onsurity Technologies,2.2,117,Insurance,Bengaluru
Shaze Luxury Retail,4.1,116,Retail,Mumbai
Archies,3.3,116,Retail,New Delhi
Ministry Of Education,3.4,116,Government,New Delhi
Parsvnath Developers,2.5,116,Real Estate,New Delhi
Vibrant Infocom,2.7,116,Other,Kolkata
Elevate,2.9,116,Internet,New Delhi
Volvo Buses,3.1,116,Automobile,Bengaluru
Unimark Remedies,3.5,116,Pharma,Vapi
GGK Technologies,3.8,116,IT Services & Consulting,Hyderabad
Securitrans India,4.0,116,Financial Services,New Delhi
Hamad Medical Corporation,4.0,116,Healthcare,Doha
Udaan Express,4.3,116,New Delhi +48 other locations,
Radiant Polymers,4.1,116,Petrochemicals,Ahmedabad
Strabag,4.1,116,Engineering & Construction,New Delhi
Shree Shubham Logistics,4.2,117,Logistics,Mumbai
Tecno Mobile,3.8,116,Consumer Electronics & Appliances,Noida
Tatsuno India,3.3,116,Oil & Gas,Navi Mumbai
Le Marche,3.2,116,Retail,New Delhi
Indus Health Plus,3.4,116,Fitness & Wellness,Pune
Central Board of Secondary Education,4.3,116,Government,New Delhi
Projects & Development India,4.2,116,Oil & Gas,Noida
6Sense,3.5,116,Software Product,Bengaluru
Optimus Pharma,3.6,116,Pharma,Hyderabad
Revv,3.9,116,Internet,Gurugram
Sureminds Solutions,3.5,116,Recruitment,Hyderabad
Sandberg Translation Partners,3.6,116,Chemicals,New Delhi
Privi Life Sciences,3.5,116,Agriculture,Mumbai
Cemtics,3.6,116,Telecom,Gurugram
Y Equipment Services Pvt Ltd,4.0,116,Building Material,Greater Noida
Phoenix Mecano,3.9,116,Industrial Machinery,Pune
The Good Glamm Group,3.1,116,IT Services & Consulting,New Delhi
The Walt Disney Company,4.3,117,Media & Entertainment,Mumbai
Information Dynamics,3.7,116,IT Services & Consulting,Chennai
Sunrise Biztech Systems,3.5,116,IT Services & Consulting,Bengaluru
Network People Services Technologies,3.0,116,IT Services & Consulting,Mumbai
Yellow Banana Food Company,3.3,116,Hospitality,Mumbai
Graphura India Private Limited,4.5,116,Marketing & Advertising,Gurugram
Mojj Engineering Systems,3.7,116,Financial Services,Pune
Reebok,4.0,116,Fashion & Textile,New Delhi
AccioJob,3.5,116,EdTech,Gurugram
Rishita Developers,4.0,116,Real Estate,Lucknow
Maybright Ventures,3.5,116,FinTech,Kolkata
Vymo Technologies,2.3,117,Software Product,Bengaluru
Model Infra Corporation,3.4,116,Engineering & Construction,Pune
City Hospital,4.1,116,Healthcare,Nagpur
Coldex Logistics,3.1,116,Logistics,New Delhi
DP Chocolates,4.2,116,Food Processing,Baddi
E2E Networks,3.0,116,Hardware & Networking,New Delhi
Imark InfoTech,4.2,116,IT Services & Consulting,Chandigarh
Tolaram Group,4.1,116,FMCG,Lagos
Hirotec,3.9,116,Auto Components,Coimbatore
VST Motors,3.8,117,Automobile,Chennai
IMS Proschool,4.3,117,Education & Training,Mumbai
Navin Fluorine Advanced Sciences,3.7,116,Bharuch +6 other locations,
BONbLOC,3.5,116,IT Services & Consulting,Chennai
WebPT,3.8,116,Software Product,Hyderabad
Tricolite Electrical Industries,4.0,116,Electrical Equipment,New Delhi
JSS Medical Research,3.1,116,Clinical Research,New Delhi
New Horizon College of Engineering,3.5,116,Education & Training,Bengaluru
Affinity Global Advertising,2.8,116,Marketing & Advertising,Pune
Mavrix,3.4,116,Analytics & KPO,Ahmedabad
Husky Injection Molding Systems,4.2,116,Industrial Machinery,Chennai
Indus Appliances,3.8,116,Bahadurgarh +3 other locations,
Newaco Grupo,3.2,117,Ahmedabad +13 other locations,
Delta IoT Solutions,3.5,116,Software Product,Pune
Chetana Publications,2.9,115,Printing & Publishing,Mumbai
Aagna Global Solutions,3.7,115,BPO,Chennai
Saudi Arabian Airlines,4.0,115,Aviation,Mumbai
Global Talent Track,3.2,115,Education & Training,Pune
Jekson Vision,4.0,116,IT Services & Consulting,Ahmedabad
Huber Suhner Electronics,4.1,115,Electrical Equipment,Gurugram
Ashwini Hospital,3.0,115,Healthcare,Cuttack
XL Laboratories,3.5,115,Pharma,Bhiwadi
GrayQuest Finance,3.3,115,Mumbai +21 other locations,
Techjays,4.3,115,IT Services & Consulting,Coimbatore
We Win,3.1,115,BPO,Lucknow
BBD University,3.6,115,Financial Services,Lucknow
Sambhav Foundation,3.9,115,Non-Profit,Bengaluru
Sharda Cropchem,3.9,115,Chemicals,Mumbai
Quality Needles,3.6,115,Medical Equipment,Noida
Le Mei Plastic Manufacturing,3.4,115,Petrochemicals,Greater Noida
Freshers Universe,4.2,115,IT Services & Consulting,Bengaluru
TaeguTec,4.0,115,Industrial Machinery,Bengaluru
SuperProcure,4.8,115,Software Product,Kolkata
iQuest Management Consultants,3.4,115,Recruitment,Pune
SONATRACH,3.5,115,Oil & Gas,New Delhi
Logicash,3.7,115,Financial Services,Mumbai
Agile Capital Services,2.5,118,New Delhi +16 other locations,
Piscesia Power Transmission,4.5,115,Power,Noida
Citizens Specialty Hospital,4.3,115,Healthcare,Hyderabad
Coastal Projects,3.9,115,Engineering & Construction,Hyderabad
AGC Networks,3.1,115,IT Services & Consulting,Mumbai
NatureNurture,4.4,115,Education & Training,New Delhi
Matangi Industries,3.2,116,Chemicals,Ahmedabad
Arora Iron & Steel Rolling Mills,3.8,115,Iron & Steel,Ludhiana
SoftProdigy System Solutions,3.7,115,IT Services & Consulting,Sahibzada Ajit Singh Nagar
Seagate,3.3,115,Hardware & Networking,Pune
ekincare,3.0,115,Healthcare,Hyderabad
Statcon Energiaa,4.1,115,Electronics Manufacturing,Noida
SHREE AMBA INDUSTRIES,3.7,115,Auto Components,Roorkee
Lohia Auto Industries,3.8,115,Automobile,Kashipur
Mobicule Technologies,3.0,115,Software Product,Mumbai
Voltamp Transformers,4.1,115,Electrical Equipment,Vadodara
Arco Lab,4.2,115,Pharma,Bengaluru
Amalgamations Valeo Clutch,3.5,115,Auto Components,Chennai
Marwadi University,3.7,115,Education & Training,Rajkot
Vishal Enterprises,4.2,115,Fashion & Textile,Surat
Finacus Solutions,2.6,116,IT Services & Consulting,Mumbai
Madhu Silica,3.8,115,Metals & Mining,Bhavnagar
TechRBM,4.7,115,IT Services & Consulting,Sahibzada Ajit Singh Nagar
Relu Consultancy,3.3,115,IT Services & Consulting,Bhopal
Concorde Group,4.2,116,Real Estate,Bengaluru
Exl Technosolutions,3.8,115,IT Services & Consulting,New Delhi
SPS Construction & Engineering Works,3.4,115,Engineering & Construction,Chennai
Anand Mando E-Mobility,3.8,115,Bhiwadi +10 other locations,
Delta Exchange,4.8,115,Financial Services,Bengaluru
EPACK Prefab,3.5,115,Greater Noida +23 other locations,
Paix Services,3.9,115,Analytics & KPO,Chennai
Bangalore Baptist Hospital,4.5,115,Healthcare,Bengaluru
Life Care Hospital,3.9,114,Healthcare,Mumbai
GoldenSource,3.2,115,Financial Services,Mumbai
DTCC,3.6,115,Financial Services,Chennai
Hatch Associates India,3.9,115,Electronics Manufacturing,Gurugram
Softura,3.3,115,Software Product,Chennai
Glassdoor,4.2,115,Internet,Kolkata
Avians Innovations Technology,3.7,115,Building Material,Pune
Knowcraft Analytics,2.8,115,Financial Services,Ahmedabad
E-connect Solutions,3.1,115,IT Services & Consulting,Udaipur
Ebullient Securities,3.2,115,Financial Services,Gurugram
Smart Software Services(I),4.8,116,Software Product,Pune
Baazi Games,3.6,115,IT Services & Consulting,New Delhi
Suspa Pneumatics,4.2,115,Automobile,Chennai
Kich Architectural Products,3.4,115,Building Material,Rajkot
Ingram Micro India Ssc,3.6,115,IT Services & Consulting,Mumbai
Ashoka Builders,3.6,115,Real Estate,Hyderabad
Maharashtra Feeds,3.2,115,Agriculture,New Delhi
Pentair Water India,3.6,115,Industrial Machinery,Noida
SWISS PARENTERALS,3.7,115,Pharma,Ahmedabad
Indogulf CropSciences,3.4,115,Agro Chemicals,New Delhi
Pebs Pennar,3.3,114,Engineering & Construction,Hyderabad
Jamia Millia Islamia,4.6,114,Education & Training,New Delhi
Indian Red Cross Society,3.9,114,Non-Profit,Ahmedabad
Oswal Infrastructure,3.6,114,Real Estate,Ahmedabad
Structwel,3.2,114,Engineering & Construction,Mumbai
Vasant Chemicals,4.2,114,Chemicals,Hyderabad
Jay Fe Cylinders,3.8,114,Bhiwadi +14 other locations,
Dana Group,3.9,115,Pharma,Pune
Umano Healthcare,4.4,114,Healthcare,Faridabad
Bop Realty,4.6,114,Real Estate,Noida
Baidyanath Minerals,3.6,114,Metals & Mining,Mumbai
TruckX Technologies,4.2,114,IT Services & Consulting,Pune
Associative,4.9,114,Software Product,Pune
Emblix Solutions,4.5,114,IT Services & Consulting,Hyderabad
Ramani Ice Cream Co.,3.8,114,Food Processing,Bhopal
ORIX Leasing & Financial Services,4.2,114,Financial Services,New Delhi
East West Seeds,4.5,114,FMCG,Chhatrapati Sambhajinagar
Stemz Healthcare,3.3,114,Healthcare,Gurugram
Accu Pack Engineering,3.6,114,Engineering & Construction,Mumbai
Sree Behariji Mills,3.4,114,Consumer Electronics & Appliances,Patna
CIPACA,4.7,114,Chennai +13 other locations,
Druva,3.7,114,IT Services & Consulting,Pune
Mangalam Organics,3.6,114,Agro Chemicals,Mumbai
J&K Bank,4.0,115,Banking,Srinagar
CLSA,3.1,114,Investment Banking / Venture Capital / Private Equity,Pune
CredFlow,2.9,114,Internet,Noida
Wiley,3.9,114,Printing & Publishing,New Delhi
Pay point india,3.1,114,FinTech,Mumbai
Wacker Metroark Chemicals,3.1,114,Chemicals,Kolkata
ReadyAssist,4.5,114,Automobile,Bengaluru
Snabbit,3.8,114,Internet,Bengaluru
AddWeb Solution,4.4,114,IT Services & Consulting,Ahmedabad
Ivanti,3.7,114,IT Services & Consulting,Bengaluru
Digiglobe Solutions,4.8,114,IT Services & Consulting,Hyderabad
Matrix Clothing,4.0,114,Fashion & Textile,Gurugram
Nirvana Solutions,3.0,114,IT Services & Consulting,Gurugram
SIP Academy,4.1,114,Education & Training,Chennai
DiTech Process Solutions,3.2,114,Printing & Publishing,Mumbai
QASolvers,3.7,114,EdTech,Varanasi
Gear Inc,2.7,114,Gaming,Kolkata
Adani Defence and Aerospace,3.9,114,Defence & Aerospace,Hyderabad
iTech India,3.2,114,IT Services & Consulting,Chennai
HSBC Asset Management,3.6,114,Bengaluru +31 other locations,
Tiwana Oil Mills,3.4,114,Food Processing,Patiala
State Bank of Mauritius,3.4,114,Banking,Mumbai
Extinct Fire Engineers,4.0,114,Industrial Machinery,Mumbai
Frootle,3.1,114,Mumbai +10 other locations,
Learnet Skills,3.3,114,New Delhi +42 other locations,
Plan International,3.9,115,Non-Profit,New Delhi
Eat 'N' Fit Agro Foods,1.9,114,Food Processing,Gurugram
FINE COMPONENTS AND TOOLS,3.5,114,Industrial Machinery,Bengaluru
Oman Pharmaceutical Products,2.7,114,Pharma,Salalah
Dynata,4.1,114,Analytics & KPO,Hyderabad
ASBS & Co.,3.2,114,Banking,Mumbai
N R Agarwal Industries,3.5,114,Pulp & Paper,Vapi
Mohan Spintex,4.0,114,Fashion & Textile,Vijayawada
Gar Corporation,3.4,114,Real Estate,Hyderabad
Resulticks,4.0,114,Software Product,Chennai
Altudo,2.9,114,IT Services & Consulting,Gurugram
Agrim Housing Finance,4.2,114,Financial Services,Mumbai
Meru Accounting,3.5,113,Ahmedabad +4 other locations,
Apac Housing Finance,4.2,113,Financial Services,Mumbai
